timestamp,open,high,low,close,volume,sma_26,pct_15m,wa
2026-05-20 13:30:00,220.49,220.67,216.89,219.285,5505,,,
2026-05-20 13:45:00,219.72,220.53,219.69,220.08,3421,,0.3625418975306216,
2026-05-20 14:00:00,220.04,220.78,219.895,220.78,3026,,0.31806615776079905,
2026-05-20 14:15:00,220.9,221.5,220.36,220.52,4497,,-0.11776429024368262,
2026-05-20 14:30:00,220.79,220.99,220.48,220.99,3853,,0.21313259568294107,
2026-05-20 14:45:00,220.98,221.34,220.96,220.96,9534,,-0.013575274899313428,
2026-05-20 15:00:00,221.13,221.52,220.82,221.4,1859,,0.19913106444604534,
2026-05-20 15:15:00,221.6,222.3,221.6,221.665,4197,,0.11969286359529985,
2026-05-20 15:30:00,221.79,222.41,221.79,222.41,3927,,0.3360927525770885,
2026-05-20 15:45:00,222.45,222.515,221.84,221.99,2720,,-0.1888404298367785,
2026-05-20 16:00:00,222.06,222.475,222.06,222.475,1894,,0.21847830983376948,
2026-05-20 16:15:00,222.78,222.78,222.18,222.18,828,,-0.13259916844589048,
2026-05-20 16:30:00,222.19,222.41,222.19,222.41,1838,,0.10351966873705098,
2026-05-20 16:45:00,222.63,222.63,222.24,222.24,814,,-0.07643541207679183,
2026-05-20 17:00:00,222.47,222.5,222.12,222.305,1673,,0.029247660187192714,
2026-05-20 17:15:00,222.83,222.83,222.61,222.615,1459,,0.1394480555992894,
2026-05-20 17:30:00,222.945,223.455,222.84,223.455,2293,,0.377333063809715,
2026-05-20 17:45:00,223.39,223.48,223.13,223.13,3843,,-0.1454431541026202,
2026-05-20 18:00:00,223.23,223.34,222.98,223.05,2103,,-0.03585353829604898,
2026-05-20 18:15:00,223.385,223.565,223.31,223.52,1081,,0.21071508630352564,
2026-05-20 18:30:00,223.57,223.84,223.57,223.785,1088,,0.11855762347887655,
2026-05-20 18:45:00,223.96,223.96,223.545,223.545,3541,,-0.107245793954025,
2026-05-20 19:00:00,223.58,224.05,223.445,223.97,2267,,0.19011832069606438,
2026-05-20 19:15:00,223.99,224.22,223.92,224.12,3873,,0.06697325534670284,
2026-05-20 19:30:00,224.5,224.74,224.285,224.57,6416,,0.20078529359270902,
2026-05-20 19:45:00,224.45,224.99,223.86,224.84,37883,222.39576923076922,0.120229772454028,
2026-05-21 13:30:00,232.325,235.28,231.06,233.06,102958,222.92557692307693,3.6559331079879076,
2026-05-21 13:45:00,232.94,238.545,232.775,237.72,79340,223.60403846153847,1.9994851111301726,
2026-05-21 14:00:00,237.73,239.39,236.765,239.37,42826,224.31903846153847,0.694093891973746,
2026-05-21 14:15:00,239.235,241.41,238.94,240.68,57050,225.09442307692308,0.5472699168651118,
2026-05-21 14:30:00,240.93,243.1,240.16,242.69,88110,225.92903846153848,0.8351337876017828,
2026-05-21 14:45:00,242.67,242.82,241.42,242.69,25373,226.7648076923077,0.0,
2026-05-21 15:00:00,242.37,242.51,240.58,241.33,36951,227.53134615384613,-0.5603856772013582,
2026-05-21 15:15:00,241.155,243.865,241.1,241.705,33605,228.30211538461538,0.15538888658683803,
2026-05-21 15:30:00,241.45,243.32,241.2,243.32,17898,229.10634615384618,0.6681698765023336,
2026-05-21 15:45:00,242.98,244.08,242.88,243.94,16792,229.95057692307694,0.25480848265657663,
2026-05-21 16:00:00,243.92,244.35,243.085,243.62,32529,230.76384615384615,-0.13117979831105409,
2026-05-21 16:15:00,243.405,243.405,240.3,240.3,14414,231.46076923076924,-1.3627780970363657,
2026-05-21 16:30:00,240.515,241.32,240.1,241.32,8844,232.1880769230769,0.42446941323344145,
2026-05-21 16:45:00,241.33,242.79,241.33,242.39,8524,232.96307692307693,0.44339466268854544,
2026-05-21 17:00:00,242.415,243.86,242.415,243.84,18424,233.79134615384618,0.598209497091462,
2026-05-21 17:15:00,243.785,245.525,243.755,245.13,30191,234.6573076923077,0.5290354330708569,
2026-05-21 17:30:00,245.165,245.29,244.27,245.22,11825,235.49442307692306,0.03671521233630237,
2026-05-21 17:45:00,245.32,247.33,245.06,247.19,33417,236.4198076923077,0.8033602479406321,
2026-05-21 18:00:00,247.25,249.425,247.07,249.31,27328,237.42980769230766,0.8576398721631184,
2026-05-21 18:15:00,249.33,251.54,248.64,251.54,34628,238.5075,0.8944687337050228,
2026-05-21 18:30:00,251.72,252.2,248.95,250.71,38351,239.5430769230769,-0.3299674008109932,
2026-05-21 18:45:00,250.7,251.94,249.35,250.36,26231,240.5744230769231,-0.1396035259861983,
2026-05-21 19:00:00,250.36,251.53,249.98,250.73,26934,241.60365384615383,0.1477871864514979,
2026-05-21 19:15:00,250.75,251.83,249.83,250.255,22122,242.60884615384614,-0.18944681529932117,
2026-05-21 19:30:00,250.16,252.26,249.425,252.02,46330,243.66461538461542,0.7052806137739509,
2026-05-21 19:45:00,251.87,253.56,251.84,253.1,263707,244.75153846153847,0.42853741766526454,
2026-05-22 12:00:00,259.49,259.55,259.49,259.55,240,245.77038461538461,2.5483998419597143,
2026-05-22 12:30:00,258.27,258.3,258.27,258.3,477,246.5619230769231,-0.48160277403197504,
2026-05-22 12:45:00,259.61,259.61,259.16,259.16,224,247.3230769230769,0.3329461866047323,
2026-05-22 13:00:00,262.25,262.25,262.25,262.25,140,248.15269230769232,1.1923136286463798,
2026-05-22 13:15:00,264.17,264.17,264.07,264.07,335,248.97499999999997,0.6939942802669075,
2026-05-22 13:30:00,261.905,264.23,258.32,261.145,120365,249.68480769230771,-1.1076608475025562,
2026-05-22 13:45:00,261.66,263.78,258.89,260.42,59447,250.4190384615385,-0.27762354247639065,
2026-05-22 14:00:00,260.16,260.6,255.67,257.5,32305,251.02653846153848,-1.1212656477997185,
2026-05-22 14:15:00,257.76,259.34,257.535,258.46,27558,251.60884615384614,0.3728155339805639,
2026-05-22 14:30:00,258.43,260.38,257.59,257.59,22921,252.13384615384615,-0.33660914648301343,
2026-05-22 14:45:00,257.725,258.235,257.09,257.205,23995,252.6563461538462,-0.14946232384797087,
2026-05-22 15:00:00,257.145,258.05,256.455,258.05,11992,253.33903846153845,0.32853171594644515,
2026-05-22 15:15:00,257.85,258.24,256.635,258.03,13381,253.98173076923078,-0.007750435962039504,
2026-05-22 15:30:00,257.87,257.88,256.78,256.99,13901,254.54326923076923,-0.40305390846023803,
2026-05-22 15:45:00,256.9,257.21,255.78,256.155,13285,255.01692307692306,-0.3249153663566817,
2026-05-22 16:00:00,256.07,257.84,256.0,257.265,10445,255.48365384615383,0.43333138139018956,
2026-05-22 16:15:00,257.22,258.16,257.105,257.965,8893,255.97384615384618,0.27209297805763644,
2026-05-22 16:30:00,258.095,258.78,257.57,257.96,19713,256.38807692307694,-0.0019382474366613778,
2026-05-22 16:45:00,258.08,258.1,256.635,256.76,13640,256.6746153846154,-0.4651884013025187,
2026-05-22 17:00:00,256.68,256.68,255.515,256.12,17504,256.85076923076923,-0.2492600093472408,
2026-05-22 17:15:00,255.96,256.91,255.89,256.91,14238,257.08923076923077,0.30844916445416093,
2026-05-22 17:30:00,256.85,256.96,255.49,255.875,17286,257.30134615384617,-0.40286481647270334,
2026-05-22 17:45:00,255.915,256.96,255.68,256.8,11931,257.5348076923077,0.36150464093795964,
2026-05-22 18:00:00,256.75,257.44,256.18,257.33,11739,257.80692307692306,0.2063862928348703,
2026-05-22 18:15:00,257.41,257.905,257.34,257.57,13810,258.0203846153846,0.09326545680643505,
2026-05-22 18:30:00,257.57,258.07,256.605,256.665,13711,258.1575,-0.35136079512364526,
2026-05-22 18:45:00,256.72,256.81,254.5,254.53,21276,257.9644230769231,-0.8318235832700305,
2026-05-22 19:00:00,254.355,254.98,253.99,254.66,18619,257.82442307692304,0.051074529524997025,
2026-05-22 19:15:00,254.52,255.0,254.0,254.04,11182,257.6275,-0.2434618707295999,
2026-05-22 19:30:00,254.02,255.035,253.71,254.77,19208,257.3398076923077,0.287356321839094,
2026-05-22 19:45:00,254.775,254.8,253.485,253.8,44678,256.94480769230773,-0.3807355654119382,
2026-05-26 12:15:00,255.05,255.05,255.05,255.05,289,256.7103846153846,0.49251379038612875,
2026-05-26 13:30:00,254.04,254.04,245.525,250.23,44696,256.3184615384615,-1.889825524406985,
2026-05-26 13:45:00,250.435,251.555,247.93,249.36,20680,256.00538461538457,-0.3476801342764513,
2026-05-26 14:00:00,249.4,249.95,246.84,247.495,12601,255.58365384615382,-0.747914661533533,
2026-05-26 14:15:00,247.7,248.0,246.135,246.495,9339,255.15692307692308,-0.4040485666377047,
2026-05-26 14:30:00,246.69,247.945,246.52,247.945,10703,254.80076923076922,0.5882472261100613,
2026-05-26 14:45:00,247.765,247.87,246.555,247.09,12612,254.3792307692308,-0.3448345399181263,
2026-05-26 15:00:00,247.22,247.96,246.735,247.96,6240,253.9919230769231,0.3520984256748516,
2026-05-26 15:15:00,248.49,248.97,248.2,248.97,5345,253.68346153846153,0.40732376189707153,
2026-05-26 15:30:00,249.01,249.69,248.7,249.69,5548,253.43480769230771,0.28919146885166835,
2026-05-26 15:45:00,249.92,249.95,249.105,249.105,3382,253.12096153846153,-0.23429052024510622,
2026-05-26 16:00:00,249.91,249.91,249.36,249.79,4478,252.80653846153842,0.27498444431062197,
2026-05-26 16:15:00,249.71,251.06,249.71,251.02,4434,252.53961538461542,0.4924136274470525,
2026-05-26 16:30:00,250.96,251.36,250.8,250.84,3386,252.3119230769231,-0.07170743367063137,
2026-05-26 16:45:00,250.76,250.79,250.45,250.455,1889,252.09403846153847,-0.15348429277627362,
2026-05-26 17:00:00,250.81,250.95,250.67,250.94,1217,251.86442307692306,0.19364756143818163,
2026-05-26 17:15:00,251.11,251.28,250.0,250.37,3182,251.6526923076923,-0.2271459312983115,
2026-05-26 17:30:00,250.15,250.15,249.68,249.72,1581,251.38038461538463,-0.2596157686623801,
2026-05-26 17:45:00,249.88,250.01,249.865,250.01,768,251.09884615384618,0.11613006567354756,
2026-05-26 18:00:00,249.95,250.19,249.785,250.08,3890,250.81076923076924,0.027998880044810548,
2026-05-26 18:15:00,250.39,250.44,250.07,250.07,1603,250.55711538461537,-0.003998720409481571,
2026-05-26 18:30:00,250.14,250.83,250.14,250.82,2794,250.4144230769231,0.2999160235134246,
2026-05-26 18:45:00,250.65,250.65,249.715,249.84,2696,250.22903846153847,-0.39071844350530016,
2026-05-26 19:00:00,249.89,250.7,249.89,250.7,3058,250.10057692307694,0.344220300992637,
2026-05-26 19:15:00,250.73,250.73,250.39,250.43,3883,249.93365384615385,-0.10769844435579712,
2026-05-26 19:30:00,250.66,251.59,250.63,251.59,6178,249.84865384615384,0.46320329034061913,
2026-05-26 19:45:00,251.71,253.06,250.83,250.83,24439,249.68634615384616,-0.3020787789657753,
2026-05-27 12:15:00,247.27,247.27,247.27,247.27,236,249.57250000000002,-1.419287963959659,
2026-05-27 13:30:00,251.63,254.34,251.01,253.75,30020,249.74134615384617,2.62061713915962,
2026-05-27 13:45:00,253.75,255.7,252.46,255.59,27823,250.05269230769233,0.7251231527093616,
2026-05-27 14:00:00,255.45,257.41,255.29,256.46,18397,250.4359615384615,0.3403889041042163,
2026-05-27 14:15:00,256.26,257.26,254.64,254.64,11070,250.69346153846152,-0.709662325508853,
2026-05-27 14:30:00,254.8,255.885,254.75,255.665,9109,251.02326923076922,0.40252906063462657,
2026-05-27 14:45:00,255.31,256.21,255.15,255.87,7056,251.3275,0.08018305204076093,
2026-05-27 15:00:00,256.13,256.13,254.21,254.36,17066,251.5348076923077,-0.590143432211665,
2026-05-27 15:15:00,254.51,255.68,254.51,254.905,7616,251.73538461538462,0.21426324893851767,
2026-05-27 15:30:00,255.385,256.46,255.335,255.465,2998,251.98000000000002,0.21968968831524993,
2026-05-27 15:45:00,255.34,255.405,254.46,254.46,2855,252.1596153846154,-0.39340027009570067,
2026-05-27 16:00:00,255.17,255.64,255.01,255.37,3238,252.32692307692307,0.35762005816237785,
2026-05-27 16:15:00,255.4,256.49,255.4,256.38,3911,252.54,0.3955045620080533,
2026-05-27 16:30:00,256.35,256.99,256.21,256.25,19842,252.76288461538462,-0.05070598330603193,
2026-05-27 16:45:00,256.2,256.31,255.92,255.92,3686,252.9544230769231,-0.12878048780488038,
2026-05-27 17:00:00,256.0,256.065,255.43,255.5,3195,253.1517307692308,-0.1641137855579844,
2026-05-27 17:15:00,255.55,255.71,255.275,255.64,2291,253.37942307692308,0.05479452054792944,
2026-05-27 17:30:00,255.69,255.975,255.69,255.75,2893,253.60019230769228,0.043029259896743,
2026-05-27 17:45:00,255.85,256.005,255.39,255.43,2693,253.80596153846153,-0.1251221896383159,
2026-05-27 18:00:00,255.49,255.625,255.19,255.43,2561,254.0121153846154,0.0,
2026-05-27 18:15:00,255.64,255.99,255.64,255.65,1861,254.1978846153846,0.08612927220765787,
2026-05-27 18:30:00,255.53,256.02,255.53,255.95,3508,254.4328846153846,0.11734793663211729,
2026-05-27 18:45:00,255.78,256.3,255.675,255.99,5157,254.63634615384615,0.015628052353977573,
2026-05-27 19:00:00,255.85,256.33,255.85,256.245,2331,254.86,0.09961326614320587,
2026-05-27 19:15:00,256.285,256.285,255.99,256.08,5152,255.03269230769232,-0.06439150032196972,
2026-05-27 19:30:00,256.35,257.155,256.34,257.06,6134,255.2723076923077,0.38269290846610904,
2026-05-27 19:45:00,257.055,257.055,255.15,255.3,38621,255.58115384615382,-0.6846650587411518,
2026-05-28 12:00:00,259.43,259.43,259.35,259.35,200,255.79653846153846,1.5863689776733247,
2026-05-28 12:45:00,261.03,261.63,261.03,261.63,1223,256.02884615384613,0.879120879120876,
2026-05-28 13:00:00,261.2,261.2,260.86,260.91,482,256.20000000000005,-0.2751977984176035,
2026-05-28 13:15:00,260.89,260.89,260.89,260.89,190,256.44038461538463,-0.007665478517515645,
2026-05-28 13:30:00,260.54,263.795,257.24,262.065,29536,256.6865384615385,0.4503813867913653,
2026-05-28 13:45:00,262.47,266.7,261.905,266.27,40678,257.08653846153845,1.6045637532673185,
2026-05-28 14:00:00,266.405,266.47,262.0,266.47,35922,257.5523076923077,0.0751117286964531,
2026-05-28 14:15:00,266.8,268.79,266.15,266.15,34115,257.9848076923077,-0.12008856531694478,
2026-05-28 14:30:00,266.35,267.66,265.1,265.89,11910,258.3857692307692,-0.09768927296637253,
2026-05-28 14:45:00,265.94,266.41,265.03,265.54,7564,258.81192307692305,-0.1316333822257154,
2026-05-28 15:00:00,265.245,265.71,263.95,264.42,11041,259.15999999999997,-0.4217820290728369,
2026-05-28 15:15:00,264.63,265.705,264.23,265.67,12448,259.51730769230767,0.47273277361772337,
2026-05-28 15:30:00,265.73,266.28,265.28,265.73,12847,259.8819230769231,0.0225844092294869,
2026-05-28 15:45:00,265.62,265.92,265.17,265.715,11178,260.25865384615383,-0.00564482745645245,
2026-05-28 16:00:00,265.14,265.14,263.46,263.46,6176,260.5648076923077,-0.8486536326515193,
2026-05-28 16:15:00,263.67,263.685,262.78,262.815,9608,260.84076923076924,-0.24481894784786906,
2026-05-28 16:30:00,262.725,263.15,262.6,263.15,5805,261.12538461538463,0.12746608831306627,
2026-05-28 16:45:00,263.08,263.34,262.59,262.8,4801,261.4088461538462,-0.13300399011969555,
2026-05-28 17:00:00,262.715,262.715,261.885,262.185,5588,261.6686538461538,-0.23401826484018562,
2026-05-28 17:15:00,262.11,262.11,260.055,260.1,11403,261.8398076923077,-0.7952400022884554,
2026-05-28 17:30:00,260.1,262.035,260.095,261.805,9988,262.065,0.6555171088042933,
2026-05-28 17:45:00,261.94,262.61,261.94,262.37,11378,262.31038461538463,0.21580947651878013,
2026-05-28 18:00:00,262.37,262.37,261.21,261.73,8135,262.52134615384614,-0.24393032740023246,
2026-05-28 18:15:00,261.79,261.81,261.24,261.52,7057,262.7305769230769,-0.08023535704735352,
2026-05-28 18:30:00,261.16,261.4,261.08,261.14,7887,262.88750000000005,-0.14530437442642485,
2026-05-28 18:45:00,261.205,261.7,261.145,261.35,6744,263.1201923076923,0.08041663475530925,
2026-05-28 19:00:00,261.34,263.89,261.34,263.84,6776,263.2928846153846,0.9527453606274827,
2026-05-28 19:15:00,263.74,264.375,263.36,263.94,8646,263.3817307692307,0.037901758641600836,
2026-05-28 19:30:00,264.06,264.345,263.73,263.84,12049,263.49442307692306,-0.037887398651215154,
2026-05-28 19:45:00,264.01,264.63,263.66,264.23,74914,263.62288461538463,0.14781685870226546,
2026-05-29 12:00:00,276.4,276.4,276.4,276.4,355,264.17423076923075,4.605835824849547,
2026-05-29 13:30:00,277.87,279.11,273.46,278.15,40823,264.63115384615384,0.6331403762662724,
2026-05-29 13:45:00,277.97,285.5,277.94,285.085,58488,265.3471153846154,2.4932590328959225,
2026-05-29 14:00:00,285.28,287.74,283.04,286.85,89965,266.14326923076925,0.6191135976989504,
2026-05-29 14:15:00,286.99,289.18,285.2,288.5,74082,267.0128846153846,0.5752135262332203,
2026-05-29 14:30:00,288.47,292.05,285.43,285.43,61367,267.7778846153846,-1.0641247833622192,
2026-05-29 14:45:00,285.41,289.45,283.85,288.81,32281,268.71596153846156,1.1841782573660753,
2026-05-29 15:00:00,289.16,291.015,288.275,290.96,17250,269.68865384615384,0.7444340569924712,
2026-05-29 15:15:00,291.17,291.805,289.86,291.58,33234,270.6828846153846,0.21308770965080548,
2026-05-29 15:30:00,291.37,293.57,291.37,292.25,24463,271.7034615384615,0.2297825639618667,
2026-05-29 15:45:00,292.33,292.54,290.53,291.52,17827,272.78269230769234,-0.24978614200171778,
2026-05-29 16:00:00,291.605,291.75,288.44,288.44,14444,273.7682692307692,-1.0565312843029528,
2026-05-29 16:15:00,288.465,288.935,287.42,288.79,6618,274.75442307692305,0.12134239356540455,
2026-05-29 16:30:00,288.96,290.18,288.96,289.28,11052,275.7728846153846,0.16967346514766835,
2026-05-29 16:45:00,289.06,289.22,287.54,287.54,11101,276.74807692307695,-0.6014933628318397,
2026-05-29 17:00:00,287.55,288.07,287.11,287.75,8011,277.8115384615385,0.07303331710371008,
2026-05-29 17:15:00,289.14,291.63,289.14,291.56,11236,278.9559615384615,1.324066029539539,
2026-05-29 17:30:00,291.41,291.81,290.74,290.74,5784,280.0471153846154,-0.28124571271779253,
2026-05-29 17:45:00,290.61,290.61,289.14,289.25,7600,281.1055769230769,-0.5124853821283692,
2026-05-29 18:00:00,289.07,290.39,288.61,290.35,6807,282.2144230769231,0.38029386343994,
2026-05-29 18:15:00,290.37,291.32,290.125,291.32,18649,283.37519230769226,0.33407955915274457,
2026-05-29 18:30:00,291.395,293.61,291.395,293.33,14497,284.6051923076923,0.6899629273650953,
2026-05-29 18:45:00,292.97,294.83,292.94,294.665,14154,285.79076923076923,0.45511880816828665,
2026-05-29 19:00:00,294.715,296.55,294.71,296.37,43102,287.03807692307697,0.5786231822578092,
2026-05-29 19:15:00,296.66,299.715,296.615,299.48,43243,288.4088461538462,1.0493639707122915,
2026-05-29 19:30:00,299.7,300.84,299.08,300.49,45303,289.80346153846153,0.3372512354748114,
2026-05-29 19:45:00,300.56,300.64,295.86,297.97,83270,290.63307692307694,-0.8386302372791032,
2026-06-01 12:00:00,332.33,332.33,326.22,328.37,1285,292.5646153846154,10.202369366043552,
2026-06-01 12:15:00,326.62,326.62,325.65,325.65,311,294.12480769230774,-0.8283338916466265,
2026-06-01 12:30:00,325.21,326.3,325.21,326.3,336,295.64211538461535,0.1996007984031989,
2026-06-01 12:45:00,325.74,331.23,325.74,327.94,579,297.15903846153844,0.5026049647563591,
2026-06-01 13:00:00,323.2,323.2,321.1,321.18,670,298.53403846153844,-2.061352686467033,
2026-06-01 13:15:00,320.91,321.98,320.91,321.89,792,299.80634615384616,0.22105984183322658,
2026-06-01 13:30:00,321.69,322.14,309.96,315.75,178504,300.7598076923077,-1.9074839230793117,
2026-06-01 13:45:00,315.705,316.14,309.17,309.17,54039,301.43634615384616,-2.0839271575613605,
2026-06-01 14:00:00,309.04,313.2,308.6,309.33,50530,302.09326923076924,0.05175146359606142,
2026-06-01 14:15:00,308.95,316.8,308.16,315.96,41144,303.03326923076924,2.143342061875675,
2026-06-01 14:30:00,315.61,321.435,315.59,321.43,49958,304.3021153846154,1.73123180149386,
2026-06-01 14:45:00,321.395,324.66,317.89,318.79,41669,305.45596153846157,-0.8213296829791772,
2026-06-01 15:00:00,318.79,325.59,318.75,324.89,44570,306.82557692307694,1.9134853665422336,
2026-06-01 15:15:00,325.32,325.55,320.01,324.96,58485,308.26480769230767,0.021545753947482815,
2026-06-01 15:30:00,324.895,327.79,323.62,324.255,48192,309.6688461538461,-0.2169497784342611,
2026-06-01 15:45:00,324.46,327.8,324.39,325.84,33961,310.9873076923077,0.4888128170729811,
2026-06-01 16:00:00,325.58,327.12,323.865,326.47,30667,312.3615384615385,0.1933464276945962,
2026-06-01 16:15:00,326.215,327.5,324.455,325.01,23189,313.7369230769231,-0.4472080129874212,
2026-06-01 16:30:00,324.95,325.66,322.58,322.78,20550,314.98423076923075,-0.6861327343774093,
2026-06-01 16:45:00,322.855,327.17,322.65,325.88,27877,316.3134615384615,0.9604064688022884,
2026-06-01 17:00:00,325.875,326.1,321.72,325.67,31541,317.5573076923077,-0.06444089849023671,
2026-06-01 17:15:00,325.66,326.75,324.425,325.3,26484,318.7355769230769,-0.11361193846531892,
2026-06-01 17:30:00,325.53,326.78,324.75,326.055,16849,319.8773076923077,0.23209345219796784,
2026-06-01 17:45:00,326.01,326.21,323.345,323.45,23401,320.7992307692308,-0.7989449632730738,
2026-06-01 18:00:00,323.33,324.78,320.205,320.33,27914,321.56230769230774,-0.9646004019168375,
2026-06-01 18:15:00,320.34,320.39,317.195,317.84,35099,322.32653846153846,-0.7773233852589545,
2026-06-01 18:30:00,317.845,319.03,317.66,318.645,20678,321.9525,0.2532720865844551,
2026-06-01 18:45:00,318.665,320.96,318.51,319.53,18810,321.71711538461534,0.27773854916912644,
2026-06-01 19:00:00,319.44,319.44,315.645,315.925,38457,321.31807692307694,-1.1282195724970911,
2026-06-01 19:15:00,315.81,316.64,315.19,316.02,36787,320.8596153846154,0.030070428107920044,
2026-06-01 19:30:00,316.11,319.33,316.11,318.325,36383,320.7498076923076,0.7293842161888442,
2026-06-01 19:45:00,318.39,320.66,317.17,320.13,59885,320.68211538461543,0.5670305505379725,
2026-06-02 13:30:00,313.35,323.31,310.56,323.235,32249,320.96999999999997,0.9699184706213115,
2026-06-02 13:45:00,323.56,327.34,315.11,316.51,39379,321.2523076923077,-2.080529645613882,
2026-06-02 14:00:00,316.685,323.43,315.5,323.33,26293,321.79076923076923,2.1547502448579836,
2026-06-02 14:15:00,323.43,324.11,317.88,320.055,40589,321.94826923076926,-1.0128970401756643,
2026-06-02 14:30:00,319.98,320.42,317.2,318.725,18512,321.8442307692307,-0.41555357672899973,
2026-06-02 14:45:00,318.74,322.12,318.27,320.545,12837,321.91173076923076,0.5710251784453613,
2026-06-02 15:00:00,320.83,321.23,317.6,321.23,18311,321.77096153846156,0.21369854466610771,
2026-06-02 15:15:00,320.945,324.91,320.79,322.215,16598,321.66538461538465,0.3066338760389531,
2026-06-02 15:30:00,322.16,323.475,321.53,323.44,13930,321.63403846153847,0.38018093508993545,
2026-06-02 15:45:00,323.435,323.735,322.37,322.605,8747,321.50961538461536,-0.2581622557506713,
2026-06-02 16:00:00,322.69,323.47,322.24,322.89,7470,321.37192307692305,0.08834333007856632,
2026-06-02 16:15:00,322.71,323.3,322.15,322.64,7603,321.2807692307692,-0.07742574870699404,
2026-06-02 16:30:00,322.91,323.0,321.35,321.57,8070,321.23423076923075,-0.33163897842796164,
2026-06-02 16:45:00,322.69,323.42,322.48,322.48,7676,321.10346153846154,0.28298659700842776,
2026-06-02 17:00:00,321.965,326.575,321.965,324.855,17218,321.07211538461536,0.73647978169189,
2026-06-02 17:15:00,324.73,325.84,324.73,325.83,6025,321.09250000000003,0.3001339058964714,
2026-06-02 17:30:00,325.94,326.78,324.81,325.16,10808,321.05807692307695,-0.20562870208389317,
2026-06-02 17:45:00,325.6,327.13,325.355,326.33,9273,321.1688461538461,0.3598228564398953,
2026-06-02 18:00:00,326.26,326.48,324.56,325.23,8330,321.3573076923077,-0.33708209481199125,
2026-06-02 18:15:00,325.4,327.86,325.35,327.59,15021,321.7323076923077,0.7256403160839975,
2026-06-02 18:30:00,327.45,329.16,327.4,327.81,7341,322.08480769230766,0.06715711712812489,
2026-06-02 18:45:00,327.725,327.73,326.76,327.31,8426,322.38403846153847,-0.15252737866446875,
2026-06-02 19:00:00,327.45,328.75,327.32,328.585,21786,322.87096153846153,0.3895389691729534,
2026-06-02 19:15:00,328.51,329.855,327.495,329.85,11182,323.4028846153846,0.38498409848291004,
2026-06-02 19:30:00,329.79,330.695,329.43,329.69,23035,323.84000000000003,-0.04850689707444067,
2026-06-02 19:45:00,329.995,332.4,329.45,329.54,69492,324.2019230769231,-0.04549728532863284,
2026-06-03 12:30:00,321.43,321.43,320.48,320.48,260,324.0959615384615,-2.7492868847484364,
2026-06-03 13:30:00,316.43,317.95,306.825,307.595,42487,323.75307692307695,-4.020531702446329,
2026-06-03 13:45:00,307.97,308.79,304.715,306.14,44177,323.09192307692314,-0.473024594027871,
2026-06-03 14:00:00,305.57,310.205,304.9,309.15,44751,322.6725,0.9832102959430378,
2026-06-03 14:15:00,309.245,310.875,308.285,308.84,14444,322.2923076923077,-0.10027494743651832,
2026-06-03 14:30:00,308.75,308.75,307.0,307.22,9699,321.77980769230766,-0.5245434529205895,
2026-06-03 14:45:00,307.43,308.49,306.72,307.745,8986,321.2611538461539,0.17088731202394847,
2026-06-03 15:00:00,307.64,308.315,307.25,307.5,8643,320.6951923076923,-0.07961136655347811,
2026-06-03 15:15:00,307.4,308.26,307.15,307.94,6723,320.09903846153844,0.14308943089431647,
2026-06-03 15:30:00,308.08,308.46,304.49,304.5,11646,319.4026923076923,-1.1171007339092043,
2026-06-03 15:45:00,304.58,304.58,302.59,304.035,20474,318.6775,-0.15270935960590704,
2026-06-03 16:00:00,304.185,305.84,303.985,305.535,5738,318.0196153846154,0.493364250826378,
2026-06-03 16:15:00,305.68,306.38,305.68,305.69,3499,317.4088461538461,0.050730685518840524,
2026-06-03 16:30:00,305.535,305.72,304.57,305.21,7052,316.74461538461543,-0.15702181949034388,
2026-06-03 16:45:00,306.09,306.09,304.69,304.96,7044,315.97942307692307,-0.08191081550408263,
2026-06-03 17:00:00,304.63,305.5,304.63,304.88,3693,315.1736538461538,-0.026232948583415627,
2026-06-03 17:15:00,304.435,307.61,304.435,307.42,6431,314.49134615384617,0.8331146680661261,
2026-06-03 17:30:00,307.05,308.19,306.835,307.955,5848,313.7846153846154,0.17402901567886708,
2026-06-03 17:45:00,308.095,309.52,307.8,308.98,6529,313.1596153846154,0.33284083713531754,
2026-06-03 18:00:00,308.84,309.22,308.42,308.43,3929,312.4226923076923,-0.17800504887047763,
2026-06-03 18:15:00,308.62,308.74,307.74,308.59,5182,311.68346153846153,0.05187562818143032,
2026-06-03 18:30:00,308.58,308.65,307.56,307.92,8825,310.9376923076923,-0.21711656242909827,
2026-06-03 18:45:00,308.05,308.435,307.34,307.865,10076,310.14076923076925,-0.017861782281114458,
2026-06-03 19:00:00,307.91,307.91,307.01,307.555,10716,309.28326923076924,-0.10069348578111148,11.739675615411402
2026-06-03 19:15:00,307.49,307.81,307.0,307.16,13612,308.41673076923075,-0.1284323129196352,11.225427316364831
2026-06-03 19:30:00,307.24,310.18,307.19,309.95,21219,307.6632692307693,0.9083213960150882,10.760183112257296
2026-06-03 19:45:00,310.16,310.16,305.74,305.93,56609,307.10365384615386,-1.2969833844168388,10.379221846596055
2026-06-03 20:00:00,305.65,305.65,305.65,305.65,100,307.02884615384613,-0.09152420488347524,10.209210301989371
2026-06-03 20:45:00,296.85,296.85,296.85,296.85,150,306.6715384615385,-2.8791100932438862,9.916993506271636
2026-06-04 12:15:00,303.14,303.14,303.14,303.14,130,306.44038461538463,2.11891527707595,9.680174773073158
2026-06-04 12:45:00,303.31,303.31,303.31,303.31,200,306.22769230769234,0.05607969914891431,9.451933362985995
2026-06-04 13:30:00,307.74,309.47,301.63,307.21,26577,306.2273076923077,1.2858131944215367,9.316672162527933
2026-06-04 13:45:00,307.14,310.435,305.785,309.51,40904,306.29519230769233,0.7486735457830296,9.211554800840993
2026-06-04 14:00:00,309.53,310.075,306.39,306.465,28847,306.2553846153846,-0.9838131239701564,9.059910648959653
2026-06-04 14:15:00,306.91,307.3,303.455,304.24,13395,306.1130769230769,-0.7260209159283937,8.864092617371679
2026-06-04 14:30:00,304.0,305.24,303.55,305.21,15786,306.1403846153846,0.3188272416513094,8.742668019743826
2026-06-04 14:45:00,305.1,306.44,303.21,304.9,11054,306.1736538461538,-0.10156941122505536,8.624233547792892
2026-06-04 15:00:00,305.97,306.89,305.7,306.64,9472,306.2161538461538,0.5706789111183941,8.510206887791336
2026-06-04 15:15:00,306.78,307.22,305.725,306.24,10556,306.23730769230764,-0.1304461257500611,8.387264545439738
2026-06-04 15:30:00,306.65,307.76,306.36,306.99,9375,306.3057692307692,0.24490595611286192,8.285319112975738
2026-06-04 15:45:00,306.905,306.905,304.67,304.91,7893,306.30384615384617,-0.6775464998859837,8.153087742748745
2026-06-04 16:00:00,304.98,305.975,304.65,305.92,5987,306.3438461538462,0.33124528549408616,8.039525705431197
2026-06-04 16:15:00,305.62,305.88,302.46,302.59,13935,306.1580769230769,-1.0885198744770008,7.828081097615761
2026-06-04 16:30:00,303.09,303.09,300.53,302.485,13453,305.9476923076923,-0.03470041970982107,7.60644830950075
2026-06-04 16:45:00,302.59,302.59,301.945,302.22,8167,305.6876923076923,-0.08760764996611492,7.363732541283426
2026-06-04 17:00:00,302.38,302.86,301.685,302.015,8101,305.4409615384615,-0.06783138111311482,7.1273542761392
2026-06-04 17:15:00,301.22,301.84,300.195,301.38,11994,305.16365384615386,-0.21025445756005512,6.878176157595061
2026-06-04 17:30:00,301.42,302.88,301.42,302.695,10715,304.96269230769235,0.4363262326630757,6.662907224727336
2026-06-04 17:45:00,302.47,303.49,301.64,302.675,9593,304.76307692307694,-0.006607310989603654,6.448763942509904
2026-06-04 18:00:00,302.575,303.47,302.43,302.66,11636,304.5748076923077,-0.004955810688023199,6.240121311498053
2026-06-04 18:15:00,302.635,302.93,302.42,302.5,7333,304.39557692307693,-0.0528646005418687,6.035968560465987
2026-06-04 18:30:00,302.445,302.81,301.58,301.82,9768,304.0828846153846,-0.22479338842975594,5.773886113497946
2026-06-04 18:45:00,301.67,302.19,301.67,302.0,8118,303.9317307692308,0.05963819495062861,5.583187388762735
2026-06-04 19:00:00,301.685,302.755,301.04,302.25,20954,303.80096153846154,0.08278145695364003,5.401950060574932
2026-06-04 19:15:00,302.25,303.05,302.005,302.095,18015,304.0026923076923,-0.05128205128204222,5.367150754663782
2026-06-04 19:30:00,302.02,302.63,301.74,302.11,21916,303.9630769230769,0.004965325477090943,5.2266809167996335
2026-06-04 19:45:00,302.11,302.63,300.69,301.785,66874,303.9044230769231,-0.1075767104696923,5.0783111291796885
2026-06-05 13:30:00,301.235,301.345,291.83,291.83,35737,303.31288461538463,-3.298706032440324,4.696611854353572
2026-06-05 13:45:00,291.59,292.61,288.81,288.935,48785,302.52153846153846,-0.9920158996676087,4.2275127371521295
2026-06-05 14:00:00,289.02,289.99,288.485,289.145,44701,301.8553846153846,0.07268070673334126,3.813798080780532
2026-06-05 14:15:00,289.41,290.515,287.51,287.97,25474,301.2296153846154,-0.4063705061474243,3.418282083406782
2026-06-05 14:30:00,288.32,289.81,287.5,288.48,16694,300.5861538461538,0.17710178143557354,3.015334408488508
2026-06-05 14:45:00,288.5,289.37,288.11,288.56,23753,299.95769230769235,0.02773155851358844,2.6194212590794606
2026-06-05 15:00:00,288.7,289.15,286.83,287.16,16141,299.20846153846156,-0.48516772941501474,2.1702196764291513
2026-06-05 15:15:00,287.22,287.55,286.56,287.07,14549,298.47115384615387,-0.03134141245300093,1.726584708955412
2026-06-05 15:30:00,286.99,287.4,285.095,285.25,13667,297.635,-0.6339917093391878,1.2390598541368096
2026-06-05 15:45:00,285.52,285.89,285.27,285.455,6836,296.8867307692308,0.07186678352322229,0.7910245332369078
2026-06-05 16:00:00,285.07,285.16,284.0,284.11,13589,296.0478846153846,-0.4711775936662388,0.30255755515069493
2026-06-05 16:15:00,284.095,284.1,283.35,283.35,14154,295.30788461538464,-0.2675020238639969,-0.11166769529053339
2026-06-05 16:30:00,283.31,283.31,282.245,282.41,16894,294.53576923076923,-0.3317451914593206,-0.5116217934528495
2026-06-05 16:45:00,282.14,283.84,281.86,283.84,20199,293.82884615384614,0.5063560072235296,-0.898170120948344
2026-06-05 17:00:00,283.94,283.94,282.355,282.36,10752,293.0728846153846,-0.5214205186020116,-1.2999881735452492
2026-06-05 17:15:00,282.465,283.85,282.15,283.285,12976,292.3769230769231,0.3275959767672587,-1.6799477782436938
2026-06-05 17:30:00,283.215,284.87,283.02,283.79,17149,291.64980769230766,0.17826570414953835,-2.083900817096692
2026-06-05 17:45:00,284.05,285.385,284.05,285.1,6919,290.9738461538462,0.4616089361852094,-2.44916531734127
2026-06-05 18:00:00,285.265,285.265,283.87,283.87,22430,290.25115384615384,-0.43142756927394554,-2.816026609830418
2026-06-05 18:15:00,283.88,283.92,283.055,283.49,19582,289.52000000000004,-0.1338640927184942,-3.101846938644756
2026-06-05 18:30:00,283.43,283.43,282.525,282.755,19334,288.78673076923076,-0.259268404529267,-3.402640084028845
2026-06-05 18:45:00,282.73,283.92,282.06,283.92,10109,288.09134615384613,0.41201747095542807,-3.6715872144877535
2026-06-05 19:00:00,283.91,283.93,282.86,282.915,19314,287.3476923076923,-0.35397295012679075,-3.9397759568019026
2026-06-05 19:15:00,282.68,283.47,282.36,283.47,17251,286.63134615384615,0.1961719951222074,-4.168021669189266
2026-06-05 19:30:00,283.62,283.85,283.0,283.13,25154,285.9013461538462,-0.11994214555333116,-4.44453215115163
2026-06-05 19:45:00,283.14,286.31,283.04,284.82,88245,285.24884615384616,0.5968989510118927,-4.644535891413362
2026-06-08 13:30:00,286.24,290.38,283.48,284.365,16653,284.96173076923077,-0.15975001755493823,-4.694512359649211
2026-06-08 13:45:00,284.89,285.96,284.535,285.16,8961,284.81653846153847,0.2795702706029246,-4.6499956787982475
2026-06-08 14:00:00,285.04,286.88,285.02,285.85,18809,284.6898076923077,0.2419694206761136,-4.595696275583358
2026-06-08 14:15:00,285.85,286.11,284.45,285.38,9056,284.5901923076923,-0.16442189959769982,-4.547232462812476
2026-06-08 14:30:00,285.68,285.72,284.7,284.82,5416,284.44942307692304,-0.19622958861867934,-4.501177771091748
2026-06-08 14:45:00,284.86,285.48,284.43,285.11,3785,284.3167307692308,0.10181869250756037,-4.460433231219602
2026-06-08 15:00:00,285.155,285.21,284.44,284.8,6612,284.22596153846155,-0.10872996387358835,-4.420798113710054
2026-06-08 15:15:00,284.905,285.025,283.33,283.33,5715,284.0821153846154,-0.5161516853932735,-4.421871173840461
2026-06-08 15:30:00,283.0,283.31,282.06,282.09,29088,283.9605769230769,-0.4376522076730338,-4.395491278317553
2026-06-08 15:45:00,282.6,282.77,281.55,281.67,6405,283.815,-0.14888865255767714,-4.380386748167288
2026-06-08 16:00:00,281.725,281.84,281.47,281.59,7176,283.7180769230769,-0.028402030745211526,-4.355028688005228
2026-06-08 16:15:00,281.92,282.09,281.525,281.69,6741,283.65423076923076,0.0355126247381099,-4.324573578238354
2026-06-08 16:30:00,281.84,281.99,280.98,281.92,4212,283.6353846153846,0.08165004082503202,-4.275680841482016
2026-06-08 16:45:00,282.095,282.315,281.765,281.82,7152,283.5576923076923,-0.03547105561861885,-4.2515256078447825
2026-06-08 17:00:00,281.835,281.835,280.425,280.535,8677,283.4875,-0.4559648002270822,-4.2286840672231545
2026-06-08 17:15:00,280.5,280.51,279.91,280.42,2222,283.3773076923077,-0.040993102464936815,-4.208792517262817
2026-06-08 17:30:00,280.57,280.73,280.05,280.64,4363,283.2561538461539,0.07845374794950288,-4.191748313163471
2026-06-08 17:45:00,280.66,281.61,280.66,280.96,4990,283.0969230769231,0.11402508551880963,-4.191024948593431
2026-06-08 18:00:00,281.23,281.87,281.23,281.4,1649,283.0019230769231,0.15660592255124506,-4.169274486491326
2026-06-08 18:15:00,281.43,282.05,281.43,281.795,2916,282.9367307692308,0.14036958066809824,-4.1630137939617
2026-06-08 18:30:00,281.85,281.915,281.44,281.55,3305,282.8903846153846,-0.0869426356038927,-4.136628092897898
2026-06-08 18:45:00,281.435,282.13,281.435,281.76,7930,282.8073076923077,0.07458710708576621,-4.14278072500426
2026-06-08 19:00:00,281.61,281.61,281.1,281.31,2096,282.74557692307695,-0.15971039182282043,-4.128711128845957
2026-06-08 19:15:00,280.77,280.835,280.27,280.63,3958,282.63634615384615,-0.24172620951975476,-4.1589021438802245
2026-06-08 19:30:00,280.82,281.62,280.82,281.09,9595,282.55788461538464,0.16391690125787672,-4.154032630902033
2026-06-08 19:45:00,280.72,281.08,279.71,280.91,40339,282.4075,-0.06403642961326783,-4.196071346564208
2026-06-09 13:30:00,281.13,281.135,277.79,280.53,18649,282.26,-0.13527464312415027,-4.311962179900376
2026-06-09 13:45:00,280.7,282.85,280.52,282.39,27318,282.15346153846156,0.6630306919046092,-4.446075329837908
2026-06-09 14:00:00,281.925,281.93,280.44,280.775,22932,281.95826923076925,-0.5719041042529849,-4.640661924996364
2026-06-09 14:15:00,280.565,283.315,279.45,281.69,41351,281.81634615384615,0.3258837147182003,-4.7760252805944345
2026-06-09 14:30:00,281.835,283.44,281.55,282.1,36003,281.71173076923077,0.14555007277503584,-4.91244267796797
2026-06-09 14:45:00,281.73,281.73,278.815,281.205,16835,281.5615384615384,-0.31726338177952007,-5.063118060671862
2026-06-09 15:00:00,281.205,281.28,278.98,280.91,14689,281.411923076923,-0.1049056737966847,-5.187387134250529
2026-06-09 15:15:00,281.05,281.05,277.09,277.19,15033,281.1757692307692,-1.324267559004677,-5.350510903129478
2026-06-09 15:30:00,277.16,277.315,276.26,276.44,11697,280.95846153846156,-0.2705725314766094,-5.515927246606345
2026-06-09 15:45:00,276.5,277.0,274.255,274.445,7638,280.68057692307696,-0.7216755896397031,-5.692513250706828
2026-06-09 16:00:00,274.4,275.315,273.895,273.99,6676,280.38826923076925,-0.1657891380786647,-5.872351050216559
2026-06-09 16:15:00,273.32,273.4,272.335,273.22,4528,280.0625,-0.28103215445818286,-6.079803936294992
2026-06-09 16:30:00,272.915,273.9,271.68,272.45,12212,279.6982692307692,-0.2818241709977465,-6.307742160513256
2026-06-09 16:45:00,272.57,273.8,272.32,273.8,12698,279.3898076923077,0.49550376215821146,-6.500450196086277
2026-06-09 17:00:00,274.0,275.825,274.0,275.26,7617,279.18692307692305,0.533235938641341,-6.643914181248117
2026-06-09 17:15:00,275.12,276.54,274.94,275.705,7759,279.0055769230769,0.16166533459274213,-6.7846881705626805
2026-06-09 17:30:00,275.555,277.37,275.555,277.14,8637,278.87096153846153,0.5204838504923703,-6.900903789285653
2026-06-09 17:45:00,277.02,277.02,276.335,276.85,4747,278.7128846153846,-0.10464025402322497,-7.024027654026101
2026-06-09 18:00:00,276.62,277.46,276.62,277.46,6905,278.56134615384616,0.22033592197938656,-7.14375438861186
2026-06-09 18:15:00,277.38,278.63,277.28,278.52,6958,278.4353846153846,0.38203705038564184,-7.245542807719352
2026-06-09 18:30:00,278.985,278.985,277.94,277.94,6347,278.29653846153843,-0.208243573172473,-7.366035698004503
2026-06-09 18:45:00,277.78,278.79,277.78,278.51,7411,278.1715384615385,0.2050802331438506,-7.471259730701728
2026-06-09 19:00:00,278.27,278.71,277.745,277.745,8321,278.0344230769231,-0.27467595418476654,-7.587206386059354
2026-06-09 19:15:00,277.79,277.86,277.145,277.51,9681,277.9144230769231,-0.08460998397811226,-7.681282279112878
2026-06-09 19:30:00,277.505,277.625,276.625,277.14,14202,277.7625,-0.13332852870167056,-7.807794852886387
2026-06-09 19:45:00,277.06,278.1,276.57,277.535,60852,277.6326923076923,0.14252724254890659,-7.941282481980209
2026-06-10 13:30:00,273.18,278.51,271.72,278.4,11845,277.5507692307692,0.31167240167904176,-8.026975569538548
2026-06-10 13:45:00,278.41,280.16,278.41,279.92,6437,277.4557692307692,0.5459770114942586,-8.12300342220947
2026-06-10 14:00:00,279.98,279.98,278.48,278.73,6869,277.3771153846154,-0.42512146327522427,-8.194942396901526
2026-06-10 14:15:00,279.13,280.32,279.1,279.82,4596,277.30519230769227,0.39105944821151706,-8.281314544403662
2026-06-10 14:30:00,279.53,279.82,279.07,279.11,5028,277.1901923076923,-0.25373454363518677,-8.389522587055652
2026-06-10 14:45:00,278.74,279.235,278.0,278.575,6560,277.0890384615385,-0.1916806993658482,-8.530460654002
2026-06-10 15:00:00,278.45,279.07,276.26,276.26,8248,276.9101923076923,-0.831014986987344,-8.708638907628709
2026-06-10 15:15:00,276.11,276.36,275.31,276.32,6073,276.8767307692308,0.021718670817350016,-8.816278034668576
2026-06-10 15:30:00,276.125,276.32,275.39,275.62,3060,276.84519230769234,-0.25332947307469267,-8.921916460808745
2026-06-10 15:45:00,276.27,276.27,274.47,276.15,4683,276.91076923076923,0.19229373775486724,-8.980963158434577
2026-06-10 16:00:00,276.02,276.03,275.5,275.58,2683,276.9719230769231,-0.20640956002172528,-9.02726876735546
2026-06-10 16:15:00,275.72,275.83,275.67,275.79,1970,277.0707692307692,0.0762029174831369,-9.057380037563806
2026-06-10 16:30:00,275.65,276.22,275.26,275.59,1889,277.19153846153847,-0.07251894557455119,-9.078428443853408
2026-06-10 16:45:00,275.425,275.51,275.18,275.18,1031,277.2446153846154,-0.14877172611487133,-9.134768288085173
2026-06-10 17:00:00,275.55,275.55,274.53,274.88,1430,277.23,-0.10901955083945092,-9.205185575048276
2026-06-10 17:15:00,274.69,274.98,274.49,274.75,1811,277.19326923076926,-0.04729336437717668,-9.278124939243792
2026-06-10 17:30:00,274.63,274.63,273.925,274.01,5276,277.0728846153846,-0.2693357597816193,-9.39311463126084
2026-06-10 17:45:00,274.08,275.03,274.08,274.895,4625,276.9976923076923,0.32298091310536403,-9.485601201296456
2026-06-10 18:00:00,274.96,275.71,274.87,275.71,5904,276.9303846153846,0.29647683661033764,-9.567852687720512
2026-06-10 18:15:00,276.15,276.15,274.78,274.78,3329,276.78653846153844,-0.337310942657143,-9.664070164210484
2026-06-10 18:30:00,274.6,274.6,274.26,274.29,1248,276.6461538461539,-0.1783244777640136,-9.772016962933227
2026-06-10 18:45:00,274.03,274.575,274.02,274.57,6069,276.49461538461543,0.10208173830617007,-9.890074782155954
2026-06-10 19:00:00,274.45,274.45,273.71,273.815,6481,276.34346153846155,-0.27497541610518317,-9.998818089349902
2026-06-10 19:15:00,273.56,273.56,272.91,273.045,3280,276.17173076923075,-0.28121176706900064,-10.116687088402657
2026-06-10 19:30:00,273.02,273.925,272.85,273.82,7002,276.04403846153843,0.28383599772929813,-10.199704776048975
2026-06-10 19:45:00,273.66,274.0,272.46,272.72,26734,275.8588461538462,-0.40172376013438704,-10.329354395716974
2026-06-11 13:30:00,267.02,272.03,267.02,271.455,8547,275.59173076923076,-0.46384570255207924,-10.483050976799406
2026-06-11 13:45:00,271.365,274.54,271.01,273.02,7697,275.3263461538462,0.576522812252489,-10.614426903565704
2026-06-11 14:00:00,273.985,275.28,271.09,271.09,6407,275.03249999999997,-0.7069079188337879,-10.765365691919223
2026-06-11 14:15:00,271.35,272.61,270.21,272.35,5526,274.7451923076923,0.4647902910472679,-10.916848020905103
2026-06-11 14:30:00,272.41,273.395,271.58,272.245,4074,274.48115384615386,-0.038553332109425575,-11.128224961726394
2026-06-11 14:45:00,272.22,272.22,270.22,270.3,3912,274.1628846153846,-0.7144300170802032,-11.365392627813286
2026-06-11 15:00:00,269.92,271.37,269.085,271.24,2942,273.9698076923077,0.34776174620791966,-11.541126041377934
2026-06-11 15:15:00,271.41,273.04,271.41,272.505,6758,273.8230769230769,0.46637664061346396,-11.693763076875586
2026-06-11 15:30:00,272.15,273.055,271.87,272.21,2494,273.69192307692305,-0.10825489440561276,-11.838291434259581
2026-06-11 15:45:00,272.26,273.22,272.13,272.47,4740,273.55038461538464,0.09551449248743626,-11.98736254305403
2026-06-11 16:00:00,272.75,272.995,272.005,272.92,1634,273.44807692307694,0.1651557969684747,-12.116790451560949
2026-06-11 16:15:00,272.8,272.92,272.29,272.29,3149,273.3134615384616,-0.23083687527480912,-12.261471478319226
2026-06-11 16:30:00,273.05,273.05,272.78,272.78,299,273.2053846153846,0.179955194829029,-12.392687855773675
2026-06-11 16:45:00,272.415,272.415,271.73,272.0,2362,273.08307692307693,-0.2859447173546359,-12.530345666095071
2026-06-11 17:00:00,272.16,272.16,272.16,272.16,205,272.97846153846154,0.05882352941177782,-12.658853405543027
2026-06-11 17:15:00,271.62,274.865,271.62,274.865,3424,272.9828846153846,0.9939006466784139,-12.733600871002858
2026-06-11 17:30:00,275.5,276.43,274.635,276.39,9422,273.0744230769231,0.5548178196569165,-12.765384203742268
2026-06-11 17:45:00,275.69,276.035,275.245,275.78,7064,273.10846153846154,-0.2207026303411852,-12.8249290360928
2026-06-11 18:00:00,275.76,275.77,274.48,274.865,5306,273.07596153846157,-0.33178620639638945,-12.91657518236638
2026-06-11 18:15:00,275.04,275.77,274.77,275.32,6180,273.09673076923076,0.16553580848779337,-12.98176323300531
2026-06-11 18:30:00,275.095,275.45,274.875,275.28,3051,273.1348076923077,-0.0145285485980029,-13.03810368490292
2026-06-11 18:45:00,275.35,275.35,275.0,275.0,1469,273.15134615384613,-0.10171461784364011,-13.104579619454675
2026-06-11 19:00:00,275.35,275.35,274.65,274.72,2175,273.18615384615384,-0.1018181818181696,-13.161735855212328
2026-06-11 19:15:00,274.765,275.31,274.575,275.075,8249,273.2642307692308,0.1292224810716336,-13.197391418517348
2026-06-11 19:30:00,275.55,276.09,275.53,275.65,12345,273.3346153846154,0.20903389984550103,-13.236469041630414
2026-06-11 19:45:00,275.845,276.28,274.68,274.845,33950,273.4163461538461,-0.29203700344637706,-13.26967114410471
2026-06-12 13:30:00,277.3,277.3,267.86,267.86,13921,273.2780769230769,-2.5414324437410207,-13.409831069829805
2026-06-12 13:45:00,268.4,269.81,268.02,269.6,11457,273.14653846153846,0.6495930710072484,-13.546187106479755
2026-06-12 14:00:00,269.33,271.505,269.33,271.31,6476,273.15500000000003,0.6342729970326255,-13.613687149893961
2026-06-12 14:15:00,271.42,271.81,270.22,271.55,8653,273.12423076923073,0.08845969555122402,-13.699926427806652
2026-06-12 14:30:00,271.5,272.86,271.5,272.125,6280,273.11961538461543,0.2117473761738209,-13.772950855675017
2026-06-12 14:45:00,272.025,273.25,271.36,273.25,4606,273.2330769230769,0.41341295360588504,-13.787908585100238
2026-06-12 15:00:00,273.34,274.63,273.34,274.46,5503,273.35692307692307,0.4428179322964354,-13.79751437475063
2026-06-12 15:15:00,274.86,274.96,274.33,274.43,4661,273.43096153846153,-0.010930554543453486,-13.831144596805872
2026-06-12 15:30:00,274.34,274.62,273.67,273.67,6814,273.4871153846154,-0.2769376525890044,-13.873159559696317
2026-06-12 15:45:00,273.53,273.53,271.34,271.34,3553,273.44365384615384,-0.851390360653359,-13.963382034341466
2026-06-12 16:00:00,271.45,273.33,270.97,273.33,6586,273.4594230769231,0.7333972138276801,-14.024265285746841
2026-06-12 16:15:00,273.0,273.0,271.99,272.58,3520,273.4705769230769,-0.2743935901657335,-14.086996147868309
2026-06-12 16:30:00,272.575,272.615,272.22,272.48,2365,273.45903846153846,-0.036686477364433756,-14.160383373487699
2026-06-12 16:45:00,272.71,273.165,272.55,272.73,3823,273.4871153846154,0.09174985320024032,-14.214025203391124
2026-06-12 17:00:00,272.74,273.65,272.74,273.05,3034,273.52134615384614,0.11733216001172941,-14.264277098112096
2026-06-12 17:15:00,272.94,273.29,272.94,272.975,1704,273.44865384615383,-0.027467496795452462,-14.366267697098111
2026-06-12 17:30:00,272.98,272.98,272.53,272.53,1236,273.3001923076923,-0.16301859144611797,-14.504722932070939
2026-06-12 17:45:00,272.61,272.63,271.98,271.98,1216,273.15403846153845,-0.2018126444794932,-14.641527647593472
2026-06-12 18:00:00,272.155,272.155,271.68,272.0,3023,273.0438461538461,0.007353481873662027,-14.760254965241444
2026-06-12 18:15:00,271.875,272.23,271.81,272.23,2227,272.925,0.08455882352942368,-14.882703204774538
2026-06-12 18:30:00,272.245,272.245,271.745,272.0,1561,272.79884615384617,-0.08448738199317019,-15.008211598792542
2026-06-12 18:45:00,271.91,271.91,271.14,271.14,2425,272.6503846153846,-0.3161764705882364,-15.144109216968737
2026-06-12 19:00:00,271.095,271.95,271.0,271.95,3320,272.5438461538461,0.2987386589953456,-15.258980490782356
2026-06-12 19:15:00,271.87,272.42,271.87,272.33,1956,272.43826923076927,0.13973156830300315,-15.37287846823364
2026-06-12 19:30:00,272.32,272.715,272.06,272.51,5169,272.3175,0.066096280248229,-15.49370933385227
2026-06-12 19:45:00,272.45,273.35,271.475,272.19,22233,272.2153846153846,-0.11742688341711549,-15.604895703540393
2026-06-15 13:30:00,269.44,271.34,265.16,270.83,32572,272.32961538461535,-0.4996509790954895,-15.609613664250812
2026-06-15 13:45:00,270.42,270.76,266.67,267.21,13934,272.2376923076923,-1.336631835468749,-15.714982297562342
2026-06-15 14:00:00,267.45,267.5,264.875,265.895,28743,272.0294230769231,-0.4921223008120923,-15.876839745466063
2026-06-15 14:15:00,265.93,267.465,265.475,267.085,13982,271.85769230769233,0.44754508358562095,-16.020242746945815
2026-06-15 14:30:00,267.63,268.07,266.54,268.055,6932,271.70115384615383,0.36318026096562317,-16.155660148493112
2026-06-15 14:45:00,268.125,269.11,267.395,269.11,7444,271.54192307692307,0.39357594523512507,-16.110995467811485
2026-06-15 15:00:00,268.91,269.395,268.74,268.88,5755,271.3273076923077,-0.08546690944224444,-16.1222317259337
2026-06-15 15:15:00,269.03,269.075,268.08,268.52,11799,271.1,-0.1338887235941777,-16.10596072210256
2026-06-15 15:30:00,268.5,269.085,268.5,268.61,5057,270.9053846153846,0.033517056457621486,-16.06143052998909
2026-06-15 15:45:00,268.54,269.38,268.54,268.72,3618,270.8046153846154,0.040951565466662565,-16.042985334191005
2026-06-15 16:00:00,268.72,269.05,268.23,268.575,5655,270.6217307692308,-0.05395951175947156,-16.073691546623596
2026-06-15 16:15:00,268.76,269.33,268.625,269.25,5053,270.49365384615385,0.2513264451270647,-16.150952081396618
2026-06-15 16:30:00,269.34,269.635,268.58,268.58,5624,270.3436538461538,-0.248839368616538,-16.237474721337595
2026-06-15 16:45:00,268.69,268.7,267.87,268.0,3457,270.16173076923076,-0.2159505547695173,-16.384821183187995
2026-06-15 17:00:00,268.125,268.365,268.05,268.365,3228,269.98153846153843,0.1361940298507447,-16.459450731292222
2026-06-15 17:15:00,268.145,268.85,267.76,268.78,7415,269.8201923076923,0.15464013563615264,-16.47056678619533
2026-06-15 17:30:00,268.845,268.845,268.18,268.265,4897,269.6561538461538,-0.1916065183421356,-16.518370186957718
2026-06-15 17:45:00,268.18,268.18,267.58,267.595,3905,269.4875,-0.24975304270029586,-16.52532463548113
2026-06-15 18:00:00,267.62,267.62,266.73,266.95,7165,269.2932692307692,-0.24103589379473878,-16.55218489161496
2026-06-15 18:15:00,267.17,267.17,266.66,266.925,5716,269.08923076923077,-0.009365049634757483,-16.599181094214014
2026-06-15 18:30:00,266.98,267.23,266.76,267.08,6891,268.9,0.05806874590239541,-16.619524277926036
2026-06-15 18:45:00,267.18,267.18,266.73,266.82,3282,268.7338461538462,-0.09734910888122839,-16.62565577522061
2026-06-15 19:00:00,266.835,267.01,266.4,266.89,5943,268.53923076923076,0.02623491492390606,-16.655511908721984
2026-06-15 19:15:00,267.18,267.51,266.66,267.44,5653,268.3511538461538,0.20607741016898107,-16.691288928489577
2026-06-15 19:30:00,267.27,267.765,267.26,267.585,9636,268.16173076923076,0.05421776847143178,-16.7102396710484
2026-06-15 19:45:00,267.65,268.71,267.51,268.69,35945,268.0271153846154,0.4129528934731175,-16.722473887566757
2026-06-16 13:30:00,271.01,274.07,268.75,274.07,9271,268.15173076923077,2.0023074919051753,-16.616373456344622
2026-06-16 13:45:00,274.16,276.55,274.05,276.0,19316,268.4898076923077,0.7041996570219311,-16.392935651381325
2026-06-16 14:00:00,275.78,275.99,273.455,273.455,4672,268.7805769230769,-0.9221014492753699,-16.22359587214418
2026-06-16 14:15:00,273.15,273.3,270.54,270.57,3742,268.9146153846154,-1.0550181931213487,-16.148413263337268
2026-06-16 14:30:00,270.87,270.89,270.07,270.76,3656,269.0186538461538,0.0702221236648537,-16.12663459179601
2026-06-16 14:45:00,270.59,270.83,269.87,270.07,2817,269.0555769230769,-0.25483823312157927,-16.13319747757658
2026-06-16 15:00:00,270.01,270.38,269.655,270.36,5058,269.1125,0.10737956826007977,-16.118533808955966
2026-06-16 15:15:00,270.38,270.6,270.03,270.39,2661,269.18442307692305,0.011096316023073705,-16.13485244069665
2026-06-16 15:30:00,270.28,270.46,269.71,269.97,5107,269.23673076923075,-0.1553311882835806,-16.164099155044866
2026-06-16 15:45:00,269.515,270.27,269.31,270.08,5872,269.28903846153844,0.040745267992714496,-16.178906724202147
2026-06-16 16:00:00,270.22,270.22,269.98,269.99,880,269.34346153846155,-0.033323459715628445,-16.176823787634632
2026-06-16 16:15:00,270.1,270.52,270.07,270.52,1740,269.39230769230767,0.19630356679876115,-16.081352892905567
2026-06-16 16:30:00,270.86,270.86,270.66,270.66,465,269.4723076923077,0.05175218098478762,-15.92205658277186
2026-06-16 16:45:00,270.62,270.73,270.305,270.73,3154,269.5773076923077,0.025862705977974798,-15.685416300839554
2026-06-16 17:00:00,270.28,270.28,270.28,270.28,128,269.65096153846156,-0.1662172644332105,-15.514352038554373
2026-06-16 17:15:00,270.48,270.515,270.36,270.41,533,269.7136538461539,0.04809826846234877,-15.357099346184162
2026-06-16 17:30:00,270.475,270.7,270.23,270.7,851,269.8073076923077,0.10724455456527782,-15.157575259339065
2026-06-16 17:45:00,270.7,271.16,270.495,270.58,2127,269.9221153846154,-0.044329516069452346,-14.946694148636654
2026-06-16 18:00:00,270.58,270.85,270.58,270.84,482,270.0717307692308,0.09608988099636395,-14.709238264756765
2026-06-16 18:15:00,271.1,271.1,270.98,270.98,209,270.22769230769234,0.051691035297607435,-14.462852669297593
2026-06-16 18:30:00,271.1,271.55,271.04,271.51,4107,270.3980769230769,0.19558639013947943,-14.189034313425664
2026-06-16 18:45:00,271.7,271.92,271.7,271.76,1400,270.5880769230769,0.09207763986593953,-13.900036250849038
2026-06-16 19:00:00,271.67,271.67,270.375,270.41,3605,270.7234615384615,-0.4967618486900083,-13.652492951846373
2026-06-16 19:15:00,270.105,270.61,269.7,270.4,6290,270.8373076923077,-0.0036980880884773804,-13.42583114669797
2026-06-16 19:30:00,270.62,270.8,270.09,270.62,4852,270.95403846153846,0.08136094674557892,-13.186970574097407
2026-06-16 19:45:00,270.71,270.75,269.82,270.75,15115,271.03326923076924,0.04803783903628567,-12.945807876631726
2026-06-17 13:30:00,266.08,267.14,263.845,267.025,7983,270.7623076923077,-1.375807940904905,-12.868741699937313
2026-06-17 13:45:00,267.19,268.26,266.9,267.73,6448,270.4442307692308,0.26402022282558946,-12.841002616279638
2026-06-17 14:00:00,266.98,267.52,265.69,266.47,3631,270.17557692307696,-0.470623389235425,-12.783878141057716
2026-06-17 14:15:00,266.195,266.85,265.34,265.63,3022,269.9855769230769,-0.3152324839569287,-12.705363615994205
2026-06-17 14:30:00,265.83,266.075,263.81,264.27,8159,269.73596153846154,-0.5119903625343536,-12.632706451886717
2026-06-17 14:45:00,264.56,264.56,263.73,264.15,2471,269.50826923076926,-0.04540810534681139,-12.54885005461298
2026-06-17 15:00:00,263.9,264.9,263.715,264.9,3050,269.2982692307692,0.28392958546279434,-12.454977828628545
2026-06-17 15:15:00,265.06,265.655,264.87,265.655,1708,269.11615384615385,0.28501321253302514,-12.336507899456546
2026-06-17 15:30:00,266.0,267.34,265.84,266.51,3074,268.98307692307696,0.3218460032749393,-12.180901703953998
2026-06-17 15:45:00,266.435,266.845,266.38,266.845,2517,268.85865384615386,0.12569884807325238,-12.019196901852405
2026-06-17 16:00:00,266.965,268.03,266.96,268.03,1015,268.78326923076924,0.4440780228222252,-11.857649208560044
2026-06-17 16:15:00,267.59,267.95,267.59,267.95,539,268.68442307692305,-0.029847405141214534,-11.749767423262199
2026-06-17 16:30:00,267.71,267.715,267.61,267.61,536,268.56711538461536,-0.12688934502704807,-11.756053924928493
2026-06-17 16:45:00,267.595,268.7,267.595,268.235,1735,268.47115384615387,0.2335488210455594,-11.690618434237601
2026-06-17 17:00:00,267.84,268.85,267.84,268.57,2911,268.4053846153846,0.12489048781851864,-11.637645346371416
2026-06-17 17:15:00,268.505,268.51,267.7,267.73,3458,268.3023076923077,-0.3127676211043595,-11.607311946787396
2026-06-17 17:30:00,267.71,267.74,267.48,267.53,1330,268.18038461538464,-0.07470212527548314,-11.63244923527909
2026-06-17 17:45:00,267.54,267.61,267.28,267.28,867,268.05346153846153,-0.09344746383582736,-11.674781370441721
2026-06-17 18:00:00,266.505,266.505,264.48,265.51,4456,267.84846153846155,-0.6622268781801832,-11.732444921170332
2026-06-17 18:15:00,266.4,266.4,265.845,265.9,690,267.6530769230769,0.14688712289554484,-11.763006027447673
2026-06-17 18:30:00,266.25,266.705,265.71,266.66,3244,267.46653846153845,0.2858217374953176,-11.825937360750501
2026-06-17 18:45:00,266.35,266.43,265.23,265.23,3411,267.2153846153846,-0.536263406585169,-11.922226568183646
2026-06-17 19:00:00,265.42,265.55,264.62,264.86,2492,267.0019230769231,-0.13950156467971153,-12.001546557506426
2026-06-17 19:15:00,265.135,265.135,263.375,263.785,5573,266.7475,-0.40587480178206903,-12.096525798981345
2026-06-17 19:30:00,263.34,263.53,262.085,262.285,7234,266.42692307692306,-0.5686449191576459,-12.234676524896331
2026-06-17 19:45:00,262.49,263.14,261.9,262.26,36378,266.1003846153846,-0.00953161637151645,-12.36036106175697
2026-06-18 13:30:00,249.13,250.91,247.22,247.23,49584,265.3390384615385,-5.73095401509952,-12.709986971805606
2026-06-18 13:45:00,247.365,248.15,243.755,245.33,48336,264.4775,-0.7685151478380337,-13.009881882434641
2026-06-18 14:00:00,245.53,246.055,245.1,245.64,14525,263.6763461538461,0.12636041250559948,-13.30381595271099
2026-06-18 14:15:00,245.92,247.0,244.965,245.855,14192,262.91576923076923,0.08752646148835197,-13.586374515694752
2026-06-18 14:30:00,245.835,248.285,245.365,246.97,12700,262.25038461538463,0.453519350836884,-13.830077161711557
2026-06-18 14:45:00,246.95,247.56,246.735,247.45,11345,261.60807692307696,0.19435558974774114,-14.05575138407452
2026-06-18 15:00:00,247.16,247.92,246.43,247.46,9471,260.9373076923077,0.004041220448591787,-14.312877635155807
2026-06-18 15:15:00,247.19,247.915,247.05,247.3,18108,260.2313461538462,-0.06465691424876185,-14.5886193222456
2026-06-18 15:30:00,247.36,247.65,245.93,246.04,10254,259.44403846153847,-0.5095026283865822,-14.884120439132145
2026-06-18 15:45:00,245.855,248.525,245.855,248.525,7846,258.7394230769231,1.009998374248089,-15.164491211707636
2026-06-18 16:00:00,247.56,247.94,247.18,247.27,3628,257.9409615384615,-0.5049793783321599,-15.431637519570177
2026-06-18 16:15:00,247.325,249.405,247.315,249.38,10652,257.22673076923076,0.8533182351275981,-15.724101571508212
2026-06-18 16:30:00,249.355,249.375,248.77,248.77,4061,256.5021153846154,-0.24460662442857828,-16.026802286909057
2026-06-18 16:45:00,248.83,249.845,248.78,249.705,10128,255.78942307692307,0.37584917795554507,-16.396386382634226
2026-06-18 17:00:00,249.41,251.66,249.41,250.38,13523,255.0898076923077,0.27031897639213653,-16.706521471361306
2026-06-18 17:15:00,250.44,251.14,250.27,250.64,14968,254.43250000000003,0.10384215991692258,-16.99068549525984
2026-06-18 17:30:00,250.635,251.52,250.635,251.5,6682,253.81596153846155,0.34312160868177344,-17.137303659830184
2026-06-18 17:45:00,251.54,251.96,251.42,251.72,6186,253.2175,0.08747514910536491,-17.231090498896453
2026-06-18 18:00:00,251.545,252.27,251.54,251.825,8591,252.6911538461538,0.04171301446049824,-17.314739443695064
2026-06-18 18:15:00,251.8,252.07,250.34,250.68,5785,252.10576923076923,-0.4546808299414229,-17.43871126667588
2026-06-18 18:30:00,250.83,250.83,249.0,249.81,10160,251.45769230769233,-0.34705600765916333,-17.592305917469215
2026-06-18 18:45:00,249.88,250.79,249.87,250.17,11942,250.87846153846155,0.14410952323764548,-17.713172349069655
2026-06-18 19:00:00,249.65,249.77,249.24,249.54,12546,250.28923076923078,-0.25182875644561564,-17.81298114094107
2026-06-18 19:15:00,249.565,251.83,249.565,251.555,16875,249.81884615384615,0.807485773823835,-17.85248633634538
2026-06-18 19:30:00,251.49,252.26,250.93,251.32,17701,249.3971153846154,-0.09341893422910585,-17.844258554057145
2026-06-18 19:45:00,251.33,251.44,248.54,249.01,85990,248.8875,-0.9191469043450584,-17.902778037834867
2026-06-22 13:30:00,248.34,248.84,245.375,247.58,19799,248.9009615384615,-0.574274125537122,-17.66108173436498
2026-06-22 13:45:00,247.98,249.45,247.86,249.42,16452,249.0582692307692,0.743194119072621,-17.36473815353064
2026-06-22 14:00:00,249.865,251.72,249.865,250.42,10937,249.24211538461537,0.4009301579664726,-17.047441952527368
2026-06-22 14:15:00,249.93,249.96,248.005,248.16,5262,249.33076923076922,-0.9024838271703528,-16.796281200885144
2026-06-22 14:30:00,248.005,248.29,247.2,248.03,5171,249.37153846153845,-0.05238555770470388,-16.56001711435533
2026-06-22 14:45:00,247.565,247.75,246.02,246.495,4069,249.3348076923077,-0.6188767487803837,-16.379079728447014
2026-06-22 15:00:00,246.47,246.72,245.58,246.47,6585,249.29673076923078,-0.01014219355361945,-16.192011079676064
2026-06-22 15:15:00,246.22,246.61,246.19,246.25,2642,249.25634615384615,-0.08926035622996986,-16.018039075280775
2026-06-22 15:30:00,246.14,246.175,245.625,245.625,6204,249.2403846153846,-0.25380710659898,-15.82056197211184
2026-06-22 15:45:00,245.72,246.09,244.93,244.97,3542,249.10365384615383,-0.2666666666666706,-15.685993499306516
2026-06-22 16:00:00,244.87,245.55,244.66,245.55,3800,249.03749999999997,0.23676368534923942,-15.51330872228197
2026-06-22 16:15:00,245.565,245.64,243.91,244.05,4432,248.8325,-0.610873549175317,-15.423861399731951
2026-06-22 16:30:00,244.22,244.415,243.965,244.355,3676,248.66269230769228,0.12497439049374837,-15.304560553924555
2026-06-22 16:45:00,244.4,245.38,244.375,245.38,6649,248.49634615384613,0.41947167031572974,-15.189840724309892
2026-06-22 17:00:00,245.455,245.885,245.345,245.445,8003,248.30653846153848,0.026489526448769674,-15.084680850012015
2026-06-22 17:15:00,246.27,246.99,246.145,246.185,6147,248.13519230769228,0.3014932062172848,-14.987730037941791
2026-06-22 17:30:00,245.48,245.7,244.95,245.14,3607,247.8905769230769,-0.42447752706298303,-15.015345575273605
2026-06-22 17:45:00,245.13,245.68,245.13,245.625,4496,247.65615384615387,0.19784612874276242,-15.070616369334344
2026-06-22 18:00:00,245.65,246.38,245.34,246.38,6318,247.44673076923078,0.30737913486005297,-15.116716887957095
2026-06-22 18:15:00,246.39,247.02,246.29,246.85,5395,247.29942307692306,0.19076223719458607,-15.13564655861572
2026-06-22 18:30:00,247.0,247.195,246.59,246.65,6130,247.1778846153846,-0.08102086287218313,-15.131054224607015
2026-06-22 18:45:00,246.54,246.8,245.605,245.605,14189,247.00230769230768,-0.4236772754915963,-15.157513667643398
2026-06-22 19:00:00,245.605,246.73,245.605,246.64,7015,246.89076923076922,0.4214083589503481,-15.1591830022527
2026-06-22 19:15:00,246.53,248.35,246.53,248.14,13633,246.75942307692307,0.6081738566331429,-15.159135015982683
2026-06-22 19:30:00,248.145,249.15,248.0,248.35,22719,246.6451923076923,0.08462964455548949,-15.155066763517805
2026-06-22 19:45:00,247.66,253.29,247.66,252.68,88006,246.78634615384618,1.7435071471713304,-15.007326835707664
2026-06-23 13:30:00,261.59,263.045,255.61,261.805,70334,247.33346153846153,3.6112870033243594,-14.739064932231031
2026-06-23 13:45:00,261.565,264.56,261.05,264.45,35985,247.91153846153844,1.0102939210481,-14.479046394478718
2026-06-23 14:00:00,264.325,266.29,261.66,262.325,31168,248.36942307692308,-0.8035545471733796,-14.230037167325035
2026-06-23 14:15:00,262.16,263.68,261.83,263.305,34201,248.95192307692307,0.3735823882588418,-13.96768821670792
2026-06-23 14:30:00,263.55,263.63,262.605,262.785,13479,249.51942307692303,-0.19748960331174015,-13.707582490377337
2026-06-23 14:45:00,262.9,264.085,262.565,263.565,19761,250.17596153846154,0.29682059478279843,-13.438588743701002
2026-06-23 15:00:00,263.59,267.28,263.57,266.76,51282,250.95634615384614,1.2122246884070265,-13.167539244386477
2026-06-23 15:15:00,267.04,267.435,262.96,263.905,21920,251.6353846153846,-1.0702504123556777,-12.88808498591275
2026-06-23 15:30:00,264.07,265.01,263.25,263.465,13188,252.32153846153844,-0.16672666300373562,-12.624243879149299
2026-06-23 15:45:00,263.66,264.83,263.59,264.83,18032,253.0853846153846,0.5180953826884105,-12.367897368366437
2026-06-23 16:00:00,264.74,265.46,264.21,265.14,10223,253.83884615384613,0.11705622474795785,-12.116450422398215
2026-06-23 16:15:00,265.01,265.32,264.57,265.145,6121,254.6501923076923,0.001885796183143107,-11.856842889835052
2026-06-23 16:30:00,265.335,266.07,265.005,265.005,6298,255.4444230769231,-0.052801297403304304,-11.60273865589052
2026-06-23 16:45:00,265.04,265.795,264.74,265.45,7265,256.21634615384613,0.16792135997434343,-11.337953615995099
2026-06-23 17:00:00,265.39,266.1,265.3,265.87,8182,257.00192307692305,0.15822188736109855,-11.080909262615592
2026-06-23 17:15:00,265.83,266.27,265.725,265.84,7780,257.7578846153846,-0.011283710083886955,-10.807451388477821
2026-06-23 17:30:00,265.915,266.2,265.31,265.46,5463,258.5394230769231,-0.14294312368341444,-10.535214058031615
2026-06-23 17:45:00,264.55,264.85,263.09,263.44,25640,259.22461538461533,-0.7609432682890049,-10.273152889784125
2026-06-23 18:00:00,263.545,264.29,262.96,264.05,11397,259.90423076923076,0.23155177649560876,-9.990739124592265
2026-06-23 18:15:00,264.16,265.585,263.45,264.23,24508,260.5726923076923,0.06816890740390935,-9.721441901597222
2026-06-23 18:30:00,264.135,264.78,261.02,261.02,13832,261.1253846153846,-1.2148506982553209,-9.461471343565645
2026-06-23 18:45:00,260.98,262.625,260.98,262.625,14796,261.78,0.6148954103133875,-9.191267267460148
2026-06-23 19:00:00,262.545,263.71,262.43,262.67,13318,262.39653846153846,0.017134697762966056,-8.921741744273952
2026-06-23 19:15:00,262.805,263.535,262.5,263.52,17387,262.98807692307696,0.323599954315279,-8.632339690022501
2026-06-23 19:30:00,263.48,264.165,262.41,264.04,25609,263.59153846153845,0.1973284760170113,-8.347984628371057
2026-06-23 19:45:00,264.135,265.08,263.26,264.955,96063,264.06365384615384,0.34653840327221186,-8.04989929199621
2026-06-24 13:30:00,261.19,261.19,256.8,259.3,21136,263.96730769230766,-2.1343246966465945,-8.006152007539919
2026-06-24 13:45:00,260.125,261.105,256.805,257.055,13240,263.68288461538464,-0.8657925183185533,-8.04960759262531
2026-06-24 14:00:00,257.0,262.095,256.22,262.095,21765,263.67403846153843,1.960669895547662,-7.944684648822732
2026-06-24 14:15:00,262.4,262.725,259.65,262.725,13995,263.65173076923077,0.24037085789503365,-7.860035111993792
2026-06-24 14:30:00,262.78,263.665,261.0,262.415,8548,263.6375,-0.11799410029498247,-7.796584749016155
2026-06-24 14:45:00,262.08,263.05,261.93,263.05,8555,263.61769230769227,0.24198311834306985,-7.74122269267922
2026-06-24 15:00:00,262.83,263.245,262.56,262.88,5285,263.4684615384615,-0.0646264968637178,-7.762568321218211
2026-06-24 15:15:00,263.24,263.71,262.67,262.67,5535,263.42096153846154,-0.07988435788192083,-7.726849849068732
2026-06-24 15:30:00,262.765,262.765,261.82,261.9,2752,263.3607692307692,-0.29314348802681467,-7.699199892792501
2026-06-24 15:45:00,261.8,262.27,261.35,262.075,3239,263.2548076923077,0.0668193967163111,-7.700890144229671
2026-06-24 16:00:00,261.925,262.64,261.37,262.43,4433,263.150576923077,0.1354574072307546,-7.6986525352237765
2026-06-24 16:15:00,262.49,263.22,262.43,262.9,4160,263.0642307692308,0.1790953778150195,-7.690688593683297
2026-06-24 16:30:00,262.93,263.145,262.43,263.145,4716,262.99269230769227,0.09319132750096326,-7.6723608658106475
2026-06-24 16:45:00,262.94,263.815,262.94,263.41,5416,262.9142307692308,0.10070493454181761,-7.6616833381000005
2026-06-24 17:00:00,263.15,263.45,261.92,262.415,3367,262.7813461538462,-0.3777381268744606,-7.671013883268726
2026-06-24 17:15:00,262.575,262.575,261.425,262.1,11235,262.6375,-0.12003886972924427,-7.69121816284806
2026-06-24 17:30:00,262.33,263.425,262.24,263.035,29009,262.54423076923075,0.3567340709652811,-7.697202191439683
2026-06-24 17:45:00,262.81,263.26,262.44,262.53,8269,262.5092307692308,-0.19198965917085475,-7.670460683665385
2026-06-24 18:00:00,262.54,263.61,262.54,263.61,8697,262.4923076923077,0.4113815563935752,-7.638499962969943
2026-06-24 18:15:00,263.5,264.97,263.45,264.87,13859,262.51692307692304,0.4779788323659995,-7.587104799466366
2026-06-24 18:30:00,264.96,264.96,263.7,263.945,7818,262.62942307692305,-0.3492279231321116,-7.480849457049471
2026-06-24 18:45:00,263.84,264.01,262.84,263.58,8112,262.66615384615386,-0.13828638542120464,-7.416616676162696
2026-06-24 19:00:00,263.6,264.045,263.155,263.705,13447,262.70596153846157,0.04742393201304651,-7.33233348302344
2026-06-24 19:15:00,263.705,264.085,263.335,263.99,15793,262.72403846153844,0.10807531142755789,-7.294129315814042
2026-06-24 19:30:00,263.65,263.87,262.62,262.685,27397,262.67192307692306,-0.4943369067010095,-7.292059599629937
2026-06-24 19:45:00,262.72,263.73,261.88,262.97,83160,262.5955769230769,0.10849496545293214,-7.325563580127067
2026-06-25 13:30:00,266.255,266.96,260.78,261.99,20243,262.6990384615384,-0.3726660835836837,-7.26657562975286
2026-06-25 13:45:00,261.69,262.24,257.3,260.45,11496,262.8296153846154,-0.5878086949883676,-7.202925070351929
2026-06-25 14:00:00,261.015,262.64,260.29,261.91,9081,262.8225,0.5605682472643592,-7.21444153305498
2026-06-25 14:15:00,262.785,265.3,261.97,264.765,13558,262.9009615384615,1.0900691077087465,-7.166192098920525
2026-06-25 14:30:00,265.35,265.72,262.725,262.795,12494,262.9155769230769,-0.7440560497044446,-7.134149079416945
2026-06-25 14:45:00,262.94,263.43,261.89,262.125,8988,262.88,-0.25495157822638115,-7.122292671959666
2026-06-25 15:00:00,261.87,262.4,258.995,259.27,8120,262.74115384615385,-1.0891750119217947,-7.1427767142984475
2026-06-25 15:15:00,258.61,260.59,258.61,260.42,8268,262.6546153846154,0.44355305280210366,-7.1475457858378855
2026-06-25 15:30:00,260.49,261.09,260.14,260.7,8504,262.60846153846154,0.10751862376161547,-7.133698180325525
2026-06-25 15:45:00,260.7,261.36,260.05,260.445,4927,262.5457692307692,-0.09781357882623354,-7.109914358612582
2026-06-25 16:00:00,260.56,261.59,260.305,261.31,5809,262.5026923076923,0.33212386492349477,-7.0770641306484405
2026-06-25 16:15:00,261.195,261.195,260.08,260.395,7954,262.40634615384613,-0.350158815200341,-7.068672300539709
2026-06-25 16:30:00,260.4,260.4,259.615,259.715,6934,262.2744230769231,-0.26114172699168714,-7.078496526735065
2026-06-25 16:45:00,259.93,260.26,259.58,259.91,7579,262.13980769230767,0.07508230175385933,-7.084770918377541
2026-06-25 17:00:00,259.8,259.87,258.7,258.97,6094,262.0073076923077,-0.3616636528028905,-7.100595801994241
2026-06-25 17:15:00,259.035,259.035,258.08,258.23,7309,261.85846153846154,-0.2857473838668634,-7.110916547272432
2026-06-25 17:30:00,258.3,258.35,256.975,257.03,6939,261.6275,-0.46470200983621535,-7.14337075233407
2026-06-25 17:45:00,256.655,257.695,256.205,257.645,11038,261.43961538461537,0.23927168034860724,-7.154353249539506
2026-06-25 18:00:00,257.88,258.13,256.39,257.165,10018,261.19173076923073,-0.18630285858447504,-7.189144365775579
2026-06-25 18:15:00,257.205,259.815,257.2,259.815,7204,260.9973076923077,1.0304668209126344,-7.198299086134295
2026-06-25 18:30:00,259.36,259.44,258.695,259.09,6176,260.81057692307695,-0.2790447048861777,-7.209229479154463
2026-06-25 18:45:00,258.39,258.6,257.965,258.595,6759,260.6188461538461,-0.1910533019413907,-7.209669865138415
2026-06-25 19:00:00,258.42,258.42,258.08,258.27,5992,260.4098076923077,-0.1256791507956656,-7.249381333688024
2026-06-25 19:15:00,258.27,258.27,257.375,257.755,10137,260.17,-0.1994037247841307,-7.3161061476582665
2026-06-25 19:30:00,257.6,258.45,257.185,257.81,15009,259.9825,0.021338092374545425,-7.359792211551356
2026-06-25 19:45:00,257.465,258.59,257.435,258.24,35024,259.80057692307696,0.1667894961405736,-7.398088112639868
2026-06-26 13:30:00,259.94,266.57,259.365,266.055,31441,259.9569230769231,3.026254646840143,-7.2723006227903415
2026-06-26 13:45:00,265.61,267.95,264.69,265.63,14301,260.1561538461538,-0.15974140685197646,-7.116972616350059
2026-06-26 14:00:00,265.945,267.775,265.185,267.4,16143,260.3673076923077,0.6663403982983818,-6.962380304814107
2026-06-26 14:15:00,267.125,268.23,267.125,267.57,6839,260.47519230769234,0.06357516828721099,-6.8576138206955575
2026-06-26 14:30:00,267.66,268.97,267.6,268.765,8650,260.7048076923077,0.4466121015061386,-6.695077359927385
2026-06-26 14:45:00,268.68,269.225,268.0,269.225,7776,260.9778846153846,0.17115323795882098,-6.537267917313965
2026-06-26 15:00:00,269.22,269.7,268.74,269.25,6717,261.36173076923075,0.009285913269563295,-6.344478302403199
2026-06-26 15:15:00,268.72,270.875,268.51,270.67,6179,261.7559615384615,0.5273909006499489,-6.132994234082654
2026-06-26 15:30:00,271.155,272.98,271.13,272.89,20764,262.2248076923077,0.8201869435105369,-5.898335219707578
2026-06-26 15:45:00,273.035,273.035,271.555,271.65,11254,262.65576923076924,-0.45439554399209214,-5.67707828044248
2026-06-26 16:00:00,271.77,272.23,270.44,271.3,9746,263.04,-0.1288422602613526,-5.473861878778152
2026-06-26 16:15:00,271.23,271.23,270.305,270.43,7095,263.4259615384616,-0.32067821599705004,-5.265170131095082
2026-06-26 16:30:00,270.38,271.145,270.38,270.905,3604,263.8563461538462,0.1756461930998654,-5.048453590674347
2026-06-26 16:45:00,270.39,270.975,270.3,270.955,11690,264.28115384615387,0.018456654546805673,-4.842637246606193
2026-06-26 17:00:00,270.925,271.085,269.93,270.03,10347,264.70653846153846,-0.3413851008470137,-4.635288492310804
2026-06-26 17:15:00,270.045,270.69,269.78,270.6,7902,265.1823076923077,0.21108765692703368,-4.431041242648403
2026-06-26 17:30:00,270.83,270.85,269.82,270.015,5380,265.68173076923074,-0.21618625277163295,-4.173699828340644
2026-06-26 17:45:00,270.04,270.335,269.655,269.655,4990,266.1436538461539,-0.13332592633743534,-3.918530852430572
2026-06-26 18:00:00,269.645,270.675,269.635,269.875,8876,266.63250000000005,0.08158572991416868,-3.69792646427793
2026-06-26 18:15:00,269.93,269.98,269.63,269.815,6392,267.01711538461535,-0.02223251505326651,-3.4843474080655237
2026-06-26 18:30:00,269.79,269.945,269.595,269.84,9705,267.4305769230769,0.009265607916519869,-3.263415001388262
2026-06-26 18:45:00,269.46,269.91,269.27,269.745,10424,267.85942307692306,-0.035206048028446624,-3.069583498955632
2026-06-26 19:00:00,269.755,270.32,269.75,270.32,8668,268.3228846153846,0.2131642847874815,-2.8785715449330493
2026-06-26 19:15:00,270.23,270.275,269.585,269.905,4088,268.79019230769234,-0.15352175199764284,-2.675744856806614
2026-06-26 19:30:00,269.42,270.7,269.42,270.4,8685,269.2744230769231,0.1833978622107768,-2.4689163928244615
2026-06-26 19:45:00,270.26,271.8,270.025,271.41,59940,269.7809615384615,0.3735207100591831,-2.2382635340647954
2026-06-29 13:30:00,274.58,274.795,270.06,271.3,9486,269.98269230769233,-0.04052908883239725,-2.131235535164526
2026-06-29 13:45:00,271.51,273.11,269.64,272.44,9281,270.2446153846154,0.4201990416512924,-1.993619406979839
2026-06-29 14:00:00,272.58,272.58,269.19,269.855,7987,270.33903846153845,-0.9488327705182709,-1.9335088257246038
2026-06-29 14:15:00,269.22,272.93,269.22,272.93,6504,270.54519230769233,1.1395008430453268,-1.8280318109126354
2026-06-29 14:30:00,273.355,275.47,273.26,275.18,8911,270.79192307692307,0.8243872055105683,-1.704304716543574
2026-06-29 14:45:00,274.94,277.82,274.785,277.7,8216,271.1178846153846,0.9157642270513744,-1.5159299405068078
2026-06-29 15:00:00,277.66,277.66,275.475,276.465,5385,271.3953846153846,-0.44472452286640207,-1.33357150641824
2026-06-29 15:15:00,275.955,276.03,274.6,275.73,2510,271.59000000000003,-0.265856437523726,-1.1930333200933294
2026-06-29 15:30:00,275.74,275.74,274.26,274.705,4650,271.6598076923077,-0.3717404707503813,-1.1228940362869695
2026-06-29 15:45:00,274.65,274.65,273.705,273.705,1736,271.73884615384617,-0.3640268651826539,-1.046294574283886
2026-06-29 16:00:00,273.885,275.595,273.885,274.69,5242,271.86923076923074,0.35987650938054117,-0.9429165100801625
2026-06-29 16:15:00,274.71,275.71,274.45,275.71,2436,272.0723076923077,0.37132767847389836,-0.79872686454121
2026-06-29 16:30:00,275.86,276.38,275.685,275.7,4328,272.2567307692307,-0.0036269993834103786,-0.6742887770593982
2026-06-29 16:45:00,275.71,276.36,275.47,275.83,3630,272.4442307692307,0.04715270221253842,-0.5489152558376369
2026-06-29 17:00:00,276.21,276.8,276.12,276.67,5812,272.69961538461536,0.30453540224051334,-0.386957867399752
2026-06-29 17:15:00,276.795,276.805,276.065,276.32,3176,272.9196153846154,-0.12650449994578983,-0.24732338229646197
2026-06-29 17:30:00,276.2,276.575,276.2,276.465,3101,273.16769230769233,0.052475390851181025,-0.14713711419336792
2026-06-29 17:45:00,276.07,276.63,276.07,276.45,2159,273.4290384615384,-0.0054256415821130055,0.009560551463563712
2026-06-29 18:00:00,276.44,277.09,276.44,277.0,3966,273.70307692307694,0.1989509857116989,0.20036343060307715
2026-06-29 18:15:00,277.25,277.5,276.66,276.94,5402,273.9771153846154,-0.021660649819499334,0.3816796707634036
2026-06-29 18:30:00,277.16,277.82,276.93,277.515,5908,274.27230769230766,0.2076262006210694,0.5690358864373041
2026-06-29 18:45:00,277.535,277.585,277.23,277.46,5029,274.56903846153847,-0.01981874853611565,0.7572227307008524
2026-06-29 19:00:00,277.465,277.9,277.345,277.83,4430,274.85788461538465,0.13335255532329615,0.9545440377294695
2026-06-29 19:15:00,277.46,278.11,277.36,277.85,4967,275.1634615384615,0.007198646654438257,1.162488311969443
2026-06-29 19:30:00,277.61,277.875,277.165,277.165,5218,275.4236538461538,-0.24653590066582298,1.3397939216517731
2026-06-29 19:45:00,277.605,278.09,276.51,277.91,17698,275.67365384615385,0.2687929572637193,1.4886334727764765
2026-06-30 13:30:00,272.1,274.8,271.45,274.13,13587,275.7825,-1.3601525673779369,1.5888928331589791
2026-06-30 13:45:00,273.91,276.165,273.55,275.775,8532,275.91076923076923,0.6000802538941308,1.6848182728223466
2026-06-30 14:00:00,275.73,276.895,274.94,276.215,8489,276.1553846153846,0.15955035808177254,1.8420840975084811
2026-06-30 14:15:00,276.19,278.78,276.035,278.78,6849,276.38038461538457,0.9286244411056632,1.9972497091634653
2026-06-30 14:30:00,278.91,279.52,277.335,277.335,13243,276.46326923076924,-0.5183298658440361,2.082972994871023
2026-06-30 14:45:00,277.47,277.51,275.445,275.685,8348,276.38576923076926,-0.5949483476661688,2.0864693260258225
2026-06-30 15:00:00,275.605,276.64,275.435,275.845,16833,276.36192307692306,0.058037252661558014,2.1164400472317744
2026-06-30 15:15:00,275.9,278.64,275.9,278.52,11446,276.46923076923076,0.96974750312675,2.210707502455343
2026-06-30 15:30:00,278.705,278.705,277.73,278.07,7194,276.5986538461538,-0.16156828953036717,2.3216769571428473
2026-06-30 15:45:00,278.21,278.89,277.79,278.89,5883,276.7980769230769,0.2948897759556868,2.468494909754656
2026-06-30 16:00:00,278.75,279.1,278.75,278.99,5516,276.96346153846156,0.035856430850889076,2.594835704425733
2026-06-30 16:15:00,278.875,278.875,278.495,278.53,2521,277.0719230769231,-0.16488046166530657,2.687711787200779
2026-06-30 16:30:00,278.615,279.5,278.525,279.24,3131,277.20807692307693,0.2549097045201787,2.8006809784806586
2026-06-30 16:45:00,279.325,279.83,279.325,279.375,4768,277.3444230769231,0.04834550923935588,2.911803175818282
2026-06-30 17:00:00,279.51,279.53,279.1,279.205,3202,277.44192307692305,-0.060850111856824984,3.004264316170805
2026-06-30 17:15:00,279.38,279.44,279.03,279.24,3005,277.55423076923074,0.012535592127660422,3.090004464720733
2026-06-30 17:30:00,279.27,280.54,279.06,280.245,4845,277.69961538461536,0.35990545767081716,3.1271666520423316
2026-06-30 17:45:00,280.09,280.67,280.05,280.45,2341,277.85346153846154,0.07315027921996897,3.115496834438939
2026-06-30 18:00:00,280.48,280.905,280.34,280.34,2503,277.98192307692307,-0.0392226778391902,3.1035988976253086
2026-06-30 18:15:00,280.325,281.11,280.31,281.11,6235,278.14230769230767,0.27466647642149233,3.145946663832025
2026-06-30 18:30:00,281.08,281.27,280.81,281.2,5907,278.28403846153844,0.03201593682187198,3.186710945057557
2026-06-30 18:45:00,281.065,281.525,281.065,281.47,6780,278.4382692307692,0.09601706970130408,3.249972152508205
2026-06-30 19:00:00,281.56,282.08,281.525,281.95,11993,278.59673076923076,0.1705332717518493,3.310172288451237
2026-06-30 19:15:00,281.91,282.24,281.425,282.135,16558,278.76153846153846,0.06561447065083215,3.369572713106265
2026-06-30 19:30:00,282.125,282.53,281.83,282.205,21142,278.9553846153846,0.024810817516440764,3.4475721602597384
2026-06-30 19:45:00,281.89,282.365,281.21,281.22,42852,279.0826923076923,-0.3490370475363491,3.4935718970796517
2026-07-01 13:30:00,280.37,285.14,279.6,284.97,10722,279.49961538461537,1.333475570727538,3.677320004011682
2026-07-01 13:45:00,284.59,287.135,284.59,286.515,11337,279.9126923076923,0.5421623328771386,3.859967884352069
2026-07-01 14:00:00,286.73,289.96,286.73,289.735,24474,280.4326923076923,1.1238504092281554,4.046020316929359
2026-07-01 14:15:00,289.65,290.86,288.78,290.025,13313,280.8651923076923,0.10009146288849635,4.222730332272385
2026-07-01 14:30:00,289.52,290.425,288.23,288.9,12490,281.31,-0.38789759503491394,4.409711672193729
2026-07-01 14:45:00,288.18,288.995,287.88,288.78,8980,281.8136538461539,-0.041536863966773474,4.5990516490333215
2026-07-01 15:00:00,289.54,290.75,289.28,290.73,11533,282.38615384615383,0.675254519011026,4.780416613853552
2026-07-01 15:15:00,291.145,291.92,290.75,291.57,11723,282.88807692307694,0.28892787122070107,4.956257996917552
2026-07-01 15:30:00,291.735,291.735,290.35,291.27,11007,283.39576923076925,-0.10289124395513882,5.123244236680321
2026-07-01 15:45:00,291.45,293.81,291.33,293.775,10017,283.9682692307692,0.8600267792769678,5.288420384021573
2026-07-01 16:00:00,293.91,294.37,293.575,293.745,41127,284.53576923076923,-0.010211896859835257,5.449810670704412
2026-07-01 16:15:00,293.11,293.11,291.93,292.74,23494,285.0823076923077,-0.3421334831231193,5.606160758700024
2026-07-01 16:30:00,292.85,293.31,292.33,292.33,34273,285.58576923076924,-0.1400560224089742,5.775715028461629
2026-07-01 16:45:00,292.38,292.855,291.69,291.69,32060,286.05942307692305,-0.21893066055485022,5.950283854362918
2026-07-01 17:00:00,292.22,292.26,290.745,290.745,7973,286.5032692307692,-0.3239740820734305,6.122245811902015
2026-07-01 17:15:00,290.85,290.98,290.44,290.7,3726,286.94403846153847,-0.015477480266212762,6.301357241539836
2026-07-01 17:30:00,290.53,290.66,289.66,289.74,5042,287.3092307692308,-0.3302373581011264,6.53049923060546
2026-07-01 17:45:00,289.66,289.66,288.76,288.76,1876,287.62884615384615,-0.33823427900877556,6.749286469995773
2026-07-01 18:00:00,288.665,288.665,286.695,288.025,8897,287.92442307692306,-0.2545366394237525,6.944110728498824
2026-07-01 18:15:00,288.28,288.85,288.245,288.535,3116,288.21,0.17706796285046345,7.114357831514697
2026-07-01 18:30:00,288.5,288.5,287.75,287.765,5345,288.46250000000003,-0.2668653716187075,7.283412200294778
2026-07-01 18:45:00,287.96,288.195,287.88,287.905,3464,288.71,0.04865080881968353,7.4442312809103175
2026-07-01 19:00:00,287.73,287.81,287.25,287.425,6461,288.92057692307696,-0.1667216616592193,7.583133075820617
2026-07-01 19:15:00,287.59,287.61,287.22,287.22,6405,289.11615384615385,-0.07132295381403475,7.707802810346052
2026-07-01 19:30:00,287.55,288.62,287.535,288.62,8103,289.36288461538464,0.48743123737899907,7.8435712457956495
2026-07-01 19:45:00,288.575,288.575,286.01,286.28,30024,289.5575,-0.8107546254590869,7.952747951737042
2026-07-02 13:30:00,283.49,289.46,282.745,288.53,4449,289.69442307692304,0.7859438312141975,8.022898117544688
2026-07-02 13:45:00,287.73,289.595,287.73,289.19,2730,289.7973076923077,0.22874571101791918,8.082951480091836
2026-07-02 14:00:00,289.0,290.455,288.59,290.455,6336,289.825,0.4374286801064997,8.112770437889816
2026-07-02 14:15:00,290.35,290.67,285.37,285.505,11302,289.6511538461539,-1.7042226850975117,8.044463554856708
2026-07-02 14:30:00,286.84,286.84,283.575,284.35,9480,289.47615384615386,-0.40454633018685016,7.968183705685378
2026-07-02 14:45:00,284.53,285.68,284.53,285.68,7516,289.35692307692307,0.4677334271144584,7.926872028788921
2026-07-02 15:00:00,285.58,285.6,283.01,285.47,5501,289.1546153846154,-0.07350882105852108,7.851937809650478
2026-07-02 15:15:00,284.795,285.76,284.615,285.76,1319,288.93115384615385,0.10158685676251444,7.768501222613505
2026-07-02 15:30:00,286.14,286.78,286.14,286.4,2966,288.74384615384616,0.2239641657334701,7.721104230344304
2026-07-02 15:45:00,286.38,286.56,285.78,286.55,2527,288.46596153846156,0.05237430167599477,7.629449479617238
2026-07-02 16:00:00,287.11,288.425,286.46,288.245,4805,288.2544230769231,0.5915198045716163,7.566240496350423
2026-07-02 16:15:00,287.92,288.06,287.04,287.205,1787,288.04153846153844,-0.36080417700220524,7.518419960851083
2026-07-02 16:30:00,286.905,286.905,285.795,286.69,1591,287.82461538461536,-0.17931442697723954,7.459296224127686
2026-07-02 16:45:00,286.54,287.345,286.335,287.25,1672,287.65384615384613,0.19533293801667906,7.431693962721433
2026-07-02 17:00:00,287.215,287.39,286.11,287.39,3732,287.5248076923077,0.04873803307223756,7.439818912554325
2026-07-02 17:15:00,287.19,287.66,286.765,287.52,3967,287.4025,0.045234698493334946,7.452418355245896
2026-07-02 17:30:00,287.535,287.7,287.0,287.45,4053,287.31442307692305,-0.024346132442953916,7.5878178317684215
2026-07-02 17:45:00,286.425,286.425,284.615,285.62,7367,287.19365384615384,-0.6366324578187421,7.7073551566040726
2026-07-02 18:00:00,285.62,287.48,285.53,287.37,10137,287.16846153846154,0.6127021917232689,7.87059403188044
2026-07-02 18:15:00,287.305,287.97,286.93,287.97,3062,287.14673076923077,0.20879006159306712,8.034702338145397
2026-07-02 18:30:00,287.795,287.91,287.205,287.6,3518,287.1403846153846,-0.12848560613952786,8.184717500403236
2026-07-02 18:45:00,286.89,287.225,286.58,287.19,5430,287.11288461538464,-0.14255910987484022,8.318821693874746
2026-07-02 19:00:00,287.08,287.715,286.74,287.715,3252,287.1240384615384,0.18280580800167368,8.477868275851034
2026-07-02 19:15:00,287.755,287.94,287.33,287.78,1987,287.14557692307693,0.02259180091410684,8.650432918088866
2026-07-02 19:30:00,287.67,288.36,287.525,288.29,7441,287.1328846153846,0.1772187087358601,8.815254265212067
2026-07-02 19:45:00,288.25,289.25,288.075,289.22,24269,287.24596153846153,0.32259183461098573,9.029522088417869
2026-07-06 13:30:00,288.205,292.42,288.205,292.4,31452,287.3948076923077,1.0995090242721606,9.26774716153029
2026-07-06 13:45:00,292.61,296.26,292.51,295.35,11699,287.6317307692307,1.0088919288645748,9.541218509904478
2026-07-06 14:00:00,295.81,296.425,294.23,295.91,31461,287.84153846153845,0.18960555273404012,9.804258879764074
2026-07-06 14:15:00,295.91,297.1,295.58,296.79,7821,288.2755769230769,0.2973877192389507,10.167588491370747
2026-07-06 14:30:00,297.135,298.05,295.77,295.77,12682,288.7148076923077,-0.34367734761954205,10.528988771771235
2026-07-06 14:45:00,295.5,296.895,295.5,296.51,8055,289.13134615384615,0.25019440781688385,10.867945618552026
2026-07-06 15:00:00,297.25,297.25,296.59,296.8,6809,289.56711538461536,0.09780445853428965,11.204219975059786
2026-07-06 15:15:00,297.255,299.02,296.42,299.0,9317,290.0763461538462,0.7412398921832875,11.542631941570631
2026-07-06 15:30:00,299.25,299.8,298.555,299.51,16799,290.5805769230769,0.17056856187289693,11.861453832329031
2026-07-06 15:45:00,299.58,300.645,299.495,299.88,39143,291.0932692307692,0.1235351073419988,12.195101408443268
2026-07-06 16:00:00,299.805,300.09,298.53,298.79,12528,291.4988461538461,-0.36347872482325183,12.521867148206734
2026-07-06 16:15:00,298.95,299.065,298.02,298.585,7203,291.9365384615384,-0.06861006057767849,12.844263556663224
2026-07-06 16:30:00,298.45,298.97,298.205,298.87,8069,292.40500000000003,0.09545020680878924,13.176921559039089
2026-07-06 16:45:00,298.85,299.285,298.78,299.25,5454,292.8665384615385,0.12714558169102386,13.477370674419488
2026-07-06 17:00:00,299.13,300.11,299.125,300.11,2456,293.3557692307692,0.28738512949040285,13.764201311106705
2026-07-06 17:15:00,300.3,300.3,299.57,299.845,5579,293.8298076923077,-0.08830095631601198,14.07374907484353
2026-07-06 17:30:00,299.52,299.52,298.36,298.37,4962,294.2498076923077,-0.49192082575998386,14.225163799491277
2026-07-06 17:45:00,298.505,298.505,297.605,297.63,3020,294.71173076923077,-0.24801421054395645,14.35573401593812
2026-07-06 18:00:00,297.91,298.18,297.78,298.11,4732,295.1248076923077,0.161274065114414,14.45740655230726
2026-07-06 18:15:00,298.12,298.87,297.96,298.695,3603,295.53730769230765,0.19623628861829,14.583774933298006
2026-07-06 18:30:00,298.9,298.9,298.555,298.75,1876,295.9661538461538,0.018413431761499233,14.729739352196866
2026-07-06 18:45:00,299.01,299.185,298.86,298.86,2356,296.415,0.03682008368202094,14.904726058691432
2026-07-06 19:00:00,299.175,299.68,299.035,299.035,3350,296.85038461538466,0.05855584554641524,15.073265763441206
2026-07-06 19:15:00,299.09,300.465,299.09,300.405,5298,297.3359615384615,0.4581403514638538,15.25462655008624
2026-07-06 19:30:00,299.765,300.49,299.57,300.12,8603,297.79096153846154,-0.09487192290407176,15.424571461921424
2026-07-06 19:45:00,300.155,300.3,298.965,299.49,54519,298.1859615384616,-0.20991603358656574,15.59908711303786
2026-07-07 13:30:00,305.83,308.0,302.17,302.56,19848,298.5767307692308,1.0250759624695238,15.752182304949676
2026-07-07 13:45:00,302.18,303.98,300.685,301.98,17817,298.83173076923083,-0.1916975145425659,15.881021475082479
2026-07-07 14:00:00,301.64,303.47,301.08,301.08,10146,299.0305769230769,-0.2980329823167205,15.974913833214
2026-07-07 14:15:00,301.12,303.84,300.96,303.48,14600,299.2878846153846,0.7971303308091038,16.0935600977204
2026-07-07 14:30:00,303.465,303.79,302.365,303.335,12015,299.57884615384614,-0.04777909582180939,16.232989815389963
2026-07-07 14:45:00,303.51,305.46,303.51,305.43,14056,299.92192307692306,0.6906555458486618,16.390125821716687
2026-07-07 15:00:00,305.34,308.26,305.19,306.27,22552,300.2861538461538,0.27502209999017424,16.575637835235877
2026-07-07 15:15:00,305.995,307.52,305.79,307.52,8034,300.61384615384617,0.4081366114865981,16.741475042584966
2026-07-07 15:30:00,307.81,309.59,307.68,309.38,17491,300.9934615384616,0.6048387096774244,16.922994779600735
2026-07-07 15:45:00,309.56,310.83,309.56,310.54,18032,301.40346153846156,0.3749434352576131,17.10057707087068
2026-07-07 16:00:00,310.73,311.61,310.54,310.54,10385,301.85538461538465,0.0,17.289038541057682
2026-07-07 16:15:00,310.5,310.99,310.29,310.57,8188,302.31634615384615,0.00966059122817775,17.49519237210679
2026-07-07 16:30:00,310.665,311.405,310.165,311.01,5073,302.78326923076924,0.14167498470554207,17.68588473890485
2026-07-07 16:45:00,310.85,311.01,310.22,310.415,6710,303.2126923076923,-0.19131217645733667,17.864552294358532
2026-07-07 17:00:00,310.77,311.075,309.83,310.07,9408,303.59576923076924,-0.1111415363304058,18.017463172434297
2026-07-07 17:15:00,310.18,311.56,309.28,311.37,4027,304.03903846153844,0.41926016705906566,18.12739716505288
2026-07-07 17:30:00,311.52,311.555,310.415,310.63,7121,304.5105769230769,-0.2376593763047219,18.183383436229892
2026-07-07 17:45:00,310.75,311.14,310.235,311.1,3917,305.0286538461538,0.15130541158292488,18.24106820861544
2026-07-07 18:00:00,311.19,311.725,310.255,310.98,6933,305.5236538461538,-0.03857280617165504,18.298752981000984
2026-07-07 18:15:00,311.035,311.36,310.86,310.86,3975,305.9915384615385,-0.038587690526725726,18.352143246893718
2026-07-07 18:30:00,310.9,310.965,310.355,310.7,3740,306.4511538461539,-0.05147011516438704,18.401626665065688
2026-07-07 18:45:00,309.85,311.085,309.85,310.68,7872,306.90576923076924,-0.006437077566778804,18.448650756853546
2026-07-07 19:00:00,310.5,310.53,309.29,309.47,3129,307.3071153846154,-0.38946826316466066,18.472260819406294
2026-07-07 19:15:00,309.22,309.315,308.72,309.08,8730,307.64076923076925,-0.1260219084240899,18.466341578544483
2026-07-07 19:30:00,309.04,309.04,307.65,307.65,12612,307.93038461538464,-0.4626633881195774,18.44130675198017
2026-07-07 19:45:00,307.68,308.19,305.88,306.08,41888,308.18384615384616,-0.5103201690232373,18.400665907772318
2026-07-08 13:30:00,299.58,301.48,296.05,300.8,25027,308.11615384615385,-1.7250392054364738,18.221188363532303
2026-07-08 13:45:00,300.67,301.65,297.98,299.19,10606,308.00884615384615,-0.5352393617021334,18.025038783213695
2026-07-08 14:00:00,299.77,301.62,299.55,301.04,13570,308.0073076923077,0.618336174337375,17.87517114265034
2026-07-08 14:15:00,300.69,303.77,300.69,302.775,10158,307.98019230769233,0.5763353707148422,17.714651479579665
2026-07-08 14:30:00,302.66,302.66,301.74,302.33,6599,307.94153846153847,-0.14697382544793802,17.54957766894753
2026-07-08 14:45:00,301.545,301.69,300.36,301.38,9733,307.78576923076923,-0.31422617669433217,17.334245076974966
2026-07-08 15:00:00,301.195,302.45,300.49,301.45,3634,307.60038461538466,0.02322649147254996,17.10660298911058
2026-07-08 15:15:00,300.86,301.61,299.7,300.56,4504,307.3326923076923,-0.2952396749046238,16.84381508019537
2026-07-08 15:30:00,300.3,301.21,300.125,300.355,3763,306.9855769230769,-0.06820601543784388,16.54712080800245
2026-07-08 15:45:00,300.41,300.685,300.29,300.29,966,306.59134615384613,-0.021641058081267595,16.230513624991698
2026-07-08 16:00:00,301.14,301.765,301.055,301.765,829,306.25384615384615,0.49119184788037895,15.93912035195017
2026-07-08 16:15:00,302.09,302.31,302.0,302.31,1826,305.93615384615384,0.18060411247162733,15.656902348751634
2026-07-08 16:30:00,302.6,303.18,302.6,303.18,4337,305.635,0.287784062717078,15.382444901941454
2026-07-08 16:45:00,303.14,303.14,302.395,302.61,3335,305.33480769230766,-0.18800712448050483,15.108959796029854
2026-07-08 17:00:00,302.35,302.36,301.285,301.61,3729,305.0094230769231,-0.3304583457255261,14.825026593863923
2026-07-08 17:15:00,301.68,303.175,301.675,302.76,5195,304.6782692307692,0.3812870926030332,14.539123781556635
2026-07-08 17:30:00,303.49,303.49,302.5,302.5,3374,304.3655769230769,-0.08587660192891367,14.389901569025776
2026-07-08 17:45:00,302.26,302.53,302.26,302.38,2513,304.0301923076923,-0.03966942148760921,14.278093187418236
2026-07-08 18:00:00,302.08,302.3,301.89,302.3,4177,303.69634615384615,-0.026456776241812197,14.097487129499289
2026-07-08 18:15:00,302.155,302.23,302.04,302.07,1939,303.3582692307692,-0.07608336089977019,13.918537670304932
2026-07-08 18:30:00,302.12,302.52,302.085,302.43,2854,303.04019230769234,0.11917767404907575,13.746455034512618
2026-07-08 18:45:00,302.58,302.82,302.18,302.23,2296,302.7151923076923,-0.06613100552192996,13.572850661610515
2026-07-08 19:00:00,302.085,302.175,301.41,301.41,4554,302.4051923076923,-0.2713165470006218,13.438565582031243
2026-07-08 19:15:00,301.785,302.365,301.785,302.05,3543,302.1348076923077,0.21233535715470264,13.296113202923946
2026-07-08 19:30:00,301.935,302.84,301.935,302.685,7556,301.94384615384615,0.21023009435523488,13.19199641707684
2026-07-08 19:45:00,302.61,302.61,301.24,302.02,44387,301.7876923076923,-0.21970034854718046,13.114847746871236
2026-07-09 13:30:00,285.22,294.62,284.77,293.91,26800,301.5226923076923,-2.6852526322759918,12.989178847388153
2026-07-09 13:45:00,295.0,296.27,293.675,296.27,12738,301.4103846153846,0.8029668946275992,12.92655439628388
2026-07-09 14:00:00,296.5,296.98,295.8,296.28,7015,301.2273076923077,0.0033752995578284484,12.828887103431176
2026-07-09 14:15:00,295.54,296.03,293.91,295.855,13868,300.9611538461539,-0.1434453894964105,12.696240576434887
2026-07-09 14:30:00,295.41,296.36,295.09,295.31,8658,300.69115384615384,-0.18421186053979577,12.575693057101129
2026-07-09 14:45:00,295.36,295.86,293.51,295.18,5755,300.4526923076923,-0.044021536690252994,12.471914581684647
2026-07-09 15:00:00,295.615,295.75,295.11,295.11,1839,300.20884615384614,-0.023714343790226522,12.352961653826958
2026-07-09 15:15:00,294.98,296.355,294.98,296.0,5624,300.03346153846155,0.30158246077733875,12.249720983933766
2026-07-09 15:30:00,295.81,296.645,295.54,296.1,3283,299.8698076923077,0.03378378378378066,12.147197410850325
2026-07-09 15:45:00,295.915,296.355,295.88,296.12,4273,299.7094230769231,0.006754474839576474,12.035709432018205
2026-07-09 16:00:00,295.92,296.38,295.19,295.26,6209,299.45923076923077,-0.29042280156693634,11.862170121813646
2026-07-09 16:15:00,294.835,294.94,294.24,294.6,4336,299.16269230769234,-0.22353180247915994,11.687409013999059
2026-07-09 16:30:00,294.44,294.715,294.33,294.63,4126,298.83384615384614,0.010183299388999423,11.497643928596716
2026-07-09 16:45:00,294.705,294.705,293.39,294.05,4202,298.50461538461536,-0.1968570749753873,11.313374809364271
2026-07-09 17:00:00,294.02,294.44,293.865,293.945,2911,298.2098076923077,-0.03570821288897408,11.162373054861849
2026-07-09 17:15:00,293.515,293.78,293.08,293.445,4467,297.8515384615385,-0.17009984861113825,10.989205718729142
2026-07-09 17:30:00,293.76,293.76,293.27,293.415,1421,297.5021153846154,-0.010223380872043109,10.77458964255167
2026-07-09 17:45:00,293.715,293.91,293.49,293.845,911,297.17384615384617,0.14655010820852077,10.562846788189583
2026-07-09 18:00:00,293.745,294.335,293.645,294.14,2598,296.86,0.10039306437066298,10.39264289649762
2026-07-09 18:15:00,294.165,294.73,294.11,294.6,2642,296.5726923076923,0.15638811450331414,10.212865347659273
2026-07-09 18:30:00,294.53,294.85,294.47,294.47,2796,296.26653846153846,-0.04412763068567527,10.04096003435911
2026-07-09 18:45:00,294.46,294.81,294.46,294.81,1840,295.98115384615386,0.11546167691105502,9.891227046981598
2026-07-09 19:00:00,294.57,294.7,294.5,294.61,3652,295.7196153846154,-0.06784030392456009,9.778419323382876
2026-07-09 19:15:00,294.7,294.795,294.19,294.23,4205,295.4188461538462,-0.12898408064899725,9.634713832247344
2026-07-09 19:30:00,293.905,294.8,293.905,294.63,6848,295.1090384615385,0.13594806783807645,9.476773010893806
2026-07-09 19:45:00,294.615,295.15,293.76,295.15,22223,294.8448076923077,0.17649254997793573,9.34369495519938
2026-07-10 13:30:00,296.87,298.075,294.87,296.63,5027,294.94942307692304,0.501439945790283,9.372526565560197
2026-07-10 13:45:00,296.49,297.5,296.03,296.11,6677,294.94326923076926,-0.1753025654856133,9.36460470687038
2026-07-10 14:00:00,295.75,295.75,292.9,293.145,5142,294.8226923076923,-1.0013170781128733,9.313874798339068
2026-07-10 14:15:00,292.79,293.29,292.06,292.905,4996,294.70923076923077,-0.08187074655887638,9.267013766762302
2026-07-10 14:30:00,292.67,292.725,290.16,291.56,8267,294.565,-0.4591932537853505,9.205659563233118
2026-07-10 14:45:00,292.055,292.65,291.73,292.21,7138,294.45076923076925,0.2229386747153228,9.162007935818089
2026-07-10 15:00:00,292.34,292.34,291.7,291.9,2806,294.3273076923077,-0.10608808733445496,9.134951370084204
2026-07-10 15:15:00,291.875,291.875,291.38,291.38,2128,294.1496153846154,-0.17814319972592196,9.072299492208508
2026-07-10 15:30:00,291.105,291.14,290.25,290.45,1807,293.9323076923077,-0.3191708421991901,9.006884054490879
2026-07-10 15:45:00,290.6,290.865,290.6,290.865,310,293.73019230769233,0.1428817352384204,8.934700263354296
2026-07-10 16:00:00,290.885,290.885,289.11,289.995,2211,293.5276923076923,-0.29910783353102044,8.860343462848123
2026-07-10 16:15:00,290.02,290.02,289.44,289.6,599,293.3353846153846,-0.1362092449869734,8.791853020266752
2026-07-10 16:30:00,290.09,290.09,290.09,290.09,204,293.16076923076923,0.16919889502760022,8.735771260013449
2026-07-10 16:45:00,290.25,290.25,290.07,290.15,440,293.01076923076926,0.020683236237029057,8.69867049806792
2026-07-10 17:00:00,290.53,290.53,289.72,289.72,427,292.84826923076923,-0.148199207306543,8.64244389893439
2026-07-10 17:15:00,289.8,289.8,289.435,289.64,2018,292.7019230769231,-0.027612867596316093,8.592096795713196
2026-07-10 17:30:00,289.695,289.695,289.695,289.695,239,292.55884615384616,0.01898908990471959,8.456730905450991
2026-07-10 17:45:00,289.7,290.06,289.585,289.585,888,292.395,-0.037970969467893134,8.301229909358517
2026-07-10 18:00:00,289.365,289.52,289.21,289.24,2531,292.20653846153846,-0.11913600497261978,8.13181336833545
2026-07-10 18:15:00,288.85,289.23,288.755,289.22,1923,291.99961538461537,-0.006914672935964816,7.980686756289671
2026-07-10 18:30:00,289.32,289.32,289.06,289.06,1207,291.79153846153844,-0.05532120876842184,7.798247343571869
2026-07-10 18:45:00,288.9,289.16,288.665,289.16,1155,291.5742307692308,0.034594893793693515,7.600931337810893
2026-07-10 19:00:00,289.38,289.66,289.25,289.66,1219,291.38384615384615,0.17291464932909228,7.388223227041737
2026-07-10 19:15:00,289.43,289.43,288.68,288.68,1315,291.17038461538465,-0.3383276945384317,7.162972367190752
2026-07-10 19:30:00,288.595,288.595,287.86,287.95,6208,290.91346153846155,-0.25287515588194864,6.914679001728709
2026-07-10 19:45:00,287.96,288.63,287.535,287.535,25640,290.62057692307695,-0.14412224344503288,6.650454496038884
2026-07-13 13:30:00,291.72,297.0,291.16,291.76,19523,290.43326923076927,1.4693863355765169,6.441910668857561
2026-07-13 13:45:00,292.1,292.1,289.285,289.76,13480,290.1890384615385,-0.6854949273375377,6.207448146372735
2026-07-13 14:00:00,289.8,295.64,289.8,294.82,13406,290.2534615384615,1.746272777471014,6.108931333992367
2026-07-13 14:15:00,295.4,296.165,293.8,294.07,18232,290.2982692307692,-0.25439251068448687,6.0017564625039785
2026-07-13 14:30:00,293.77,293.77,292.84,292.91,1936,290.3501923076923,-0.39446390315229785,5.898223803973471
2026-07-13 14:45:00,292.465,293.68,292.23,293.68,2818,290.40673076923076,0.26287938274554,5.797177091272037
2026-07-13 15:00:00,293.7,294.0,293.52,293.61,2804,290.47249999999997,-0.023835467175159497,5.700729918324472
2026-07-13 15:15:00,293.825,294.57,293.785,293.785,1949,290.565,0.05960287456150404,5.616903932031958
2026-07-13 15:30:00,293.79,293.79,293.01,293.21,4755,290.67115384615386,-0.19572136085914682,5.539663234311165
2026-07-13 15:45:00,293.0,293.37,292.76,292.76,2687,290.7440384615384,-0.1534736195900499,5.455507924055611
2026-07-13 16:00:00,292.81,293.075,292.53,292.97,1271,290.85846153846154,0.07173111080749361,5.383677390859285
2026-07-13 16:15:00,292.83,292.84,291.41,291.41,2671,290.9280769230769,-0.5324777280950266,5.290586947200888
2026-07-13 16:30:00,291.28,291.9,290.985,291.89,1322,290.9973076923077,0.1647163789849193,5.197667157060378
2026-07-13 16:45:00,291.85,291.85,291.29,291.29,1347,291.04115384615386,-0.20555688786870752,5.093463659711735
2026-07-13 17:00:00,291.125,291.66,290.99,290.99,1163,291.09000000000003,-0.10299014727591649,4.991926062931593
2026-07-13 17:15:00,290.615,290.615,290.16,290.3,981,291.11538461538464,-0.23712155056874185,4.880011895766753
2026-07-13 17:30:00,290.34,290.4,289.945,290.07,1875,291.1298076923077,-0.07922838442990798,4.817644411830547
2026-07-13 17:45:00,289.81,289.84,289.25,289.83,2615,291.1392307692308,-0.08273864929155827,4.738407148816051
2026-07-13 18:00:00,290.095,292.095,290.06,290.28,20442,291.1792307692308,0.15526343028671175,4.714641246166253
2026-07-13 18:15:00,289.96,290.12,289.53,289.86,3654,291.20384615384614,-0.14468788755682693,4.656450362074555
2026-07-13 18:30:00,289.78,289.96,289.565,289.735,1797,291.22980769230765,-0.04312426688746207,4.589136359551039
2026-07-13 18:45:00,289.82,289.82,289.53,289.585,2913,291.24615384615385,-0.051771446321646764,4.498266970004846
2026-07-13 19:00:00,289.58,290.51,289.42,290.51,4093,291.27884615384613,0.31942262202808713,4.427152445933016
2026-07-13 19:15:00,290.51,290.83,290.21,290.21,3824,291.3376923076923,-0.10326666896148806,4.388600028786035
2026-07-13 19:30:00,290.51,290.51,289.805,290.245,4676,291.42596153846154,0.012060232245625357,4.394193192869912
2026-07-13 19:45:00,290.21,291.08,289.91,290.28,36022,291.53153846153845,0.012058777928980469,4.405428649156155
2026-07-14 12:15:00,224.4,225.5,224.4,225.5,200,288.9830769230769,-22.316384180790948,3.9772045555934685
2026-07-14 12:30:00,224.7,224.7,224.7,224.7,341,286.4807692307692,-0.3547671840354871,3.532130714878885
2026-07-14 12:45:00,225.86,225.86,225.68,225.68,457,283.82153846153847,0.43613707165108817,3.092606567593014
2026-07-14 13:00:00,229.07,229.2,225.87,225.87,619,281.1984615384615,0.0841900035448484,2.6533042154717905
2026-07-14 13:15:00,229.28,229.28,227.72,227.72,1545,278.69115384615384,0.8190552087483871,2.1984334103203933
2026-07-14 13:30:00,226.135,227.145,215.755,220.86,395407,275.8903846153846,-3.012471456174237,1.7532478094385207
2026-07-14 13:45:00,220.78,225.39,220.0,223.51,171563,273.1942307692308,1.199855111835535,1.302250751998178
2026-07-14 14:00:00,223.95,224.5,218.18,218.45,139901,270.29673076923075,-2.263880810701979,0.8490867508678206
2026-07-14 14:15:00,218.445,219.14,216.44,219.12,98442,267.44711538461536,0.306706340123597,0.3939176791115479
2026-07-14 14:30:00,219.07,220.205,217.76,218.06,50061,264.57403846153846,-0.48375319459657007,-0.060156196643257796
2026-07-14 14:45:00,218.04,218.43,216.7,216.705,69607,261.64076923076925,-0.6213886086398168,-0.5182619573683094
2026-07-14 15:00:00,216.69,216.69,215.0,215.08,102295,258.705,-0.7498673311644888,-0.9756144661531734
2026-07-14 15:15:00,215.12,215.48,213.24,214.365,108756,255.72326923076923,-0.3324344429979531,-1.4299327130045707
2026-07-14 15:30:00,214.4,215.32,214.15,214.38,76112,252.7651923076923,0.006997410957931827,-1.8871774044970846
2026-07-14 15:45:00,214.385,215.87,214.355,215.87,61046,249.87596153846155,0.6950275212239898,-2.332330587602198
2026-07-14 16:00:00,216.3,219.54,216.3,219.06,54994,247.13596153846154,1.4777412331495876,-2.7739538989930175
2026-07-14 16:15:00,219.25,219.74,217.865,218.19,57567,244.3713461538462,-0.39715146535196366,-3.1805208930545765
2026-07-14 16:30:00,218.37,218.49,216.94,218.33,38667,241.6213461538462,0.06416426050690482,-3.590888002025165
2026-07-14 16:45:00,218.3,218.82,217.965,218.535,30384,238.86192307692306,0.09389456327577594,-4.0283551177374655
2026-07-14 17:00:00,218.45,218.93,218.0,218.85,50169,236.1307692307692,0.14414167067060557,-4.460056154541648
2026-07-14 17:15:00,218.81,220.76,218.05,220.405,44257,233.4642307692308,0.7105323280786058,-4.85659230351545
2026-07-14 17:30:00,220.4,220.67,218.24,218.71,45987,230.73826923076925,-0.7690388149089178,-5.213761951070184
2026-07-14 17:45:00,218.805,219.35,218.29,218.31,38718,227.96134615384614,-0.18289058570710726,-5.583131002421456
2026-07-14 18:00:00,218.305,218.335,217.145,217.48,74948,225.16403846153847,-0.3801933031010951,-5.983273550635331
2026-07-14 18:15:00,217.505,219.255,217.4,218.915,39620,222.42057692307694,0.6598307890380628,-6.387853296859993
2026-07-14 18:30:00,218.99,219.99,218.92,219.76,64139,219.70826923076928,0.3859945641002227,-6.808336790134868
2026-07-14 18:45:00,219.77,219.77,218.42,219.265,47914,219.46846153846155,-0.2252457226064819,-6.986602156334248
2026-07-14 19:00:00,219.475,221.36,219.265,220.56,105666,219.30923076923077,0.5906095364057284,-7.101951197159814
2026-07-14 19:15:00,220.515,221.38,220.005,220.155,76151,219.0967307692308,-0.18362350380848325,-7.256083591631358
2026-07-14 19:30:00,220.125,220.125,217.455,217.765,115532,218.78500000000003,-1.085598782675845,-7.470368133637137
2026-07-14 19:45:00,217.8,217.85,216.355,217.11,230675,218.37692307692308,-0.3007829541018858,-7.733810030678684
2026-07-15 13:00:00,221.09,221.09,221.09,221.09,205,218.38576923076923,1.8331721247293986,-7.746100114275914
2026-07-15 13:30:00,220.965,223.67,220.57,221.36,84459,218.30307692307693,0.12212221267358103,-7.822082883686379
2026-07-15 13:45:00,221.05,221.46,218.205,219.64,49588,218.34884615384618,-0.7770148174918834,-7.8213874620594375
2026-07-15 14:00:00,219.78,221.15,219.06,219.17,35865,218.35076923076923,-0.21398652340193225,-7.841293525835703
2026-07-15 14:15:00,219.115,219.69,216.28,217.25,70853,218.3196153846154,-0.8760323036911877,-7.888887186907722
2026-07-15 14:30:00,217.585,217.77,215.12,215.86,35682,218.2871153846154,-0.6398158803222032,-7.932637828663858
2026-07-15 14:45:00,215.76,216.105,215.0,215.705,42655,218.31115384615384,-0.07180580005559101,-7.944645808991942
2026-07-15 15:00:00,215.685,216.0,214.58,214.775,36083,218.32692307692307,-0.43114438701004065,-7.962575453420778
2026-07-15 15:15:00,214.655,215.03,214.24,214.54,26707,218.33307692307696,-0.10941683156792115,-7.987735931831879
2026-07-15 15:30:00,214.69,215.38,214.3,215.02,27478,218.3003846153846,0.22373450172463727,-8.043362072357915
2026-07-15 15:45:00,215.105,215.64,214.74,214.85,21354,218.13846153846154,-0.07906241279881376,-8.16182635826036
2026-07-15 16:00:00,214.94,214.995,214.0,214.01,32779,217.9776923076923,-0.3909704444961637,-8.348229035294294
2026-07-15 16:15:00,214.25,215.45,212.645,213.01,43055,217.7730769230769,-0.4672678846782907,-8.559865183575713
2026-07-15 16:30:00,213.08,213.88,211.67,212.57,31567,217.54365384615386,-0.2065630721562406,-8.791851776194497
2026-07-15 16:45:00,212.61,213.75,212.49,213.175,15559,217.32538461538462,0.28461212776969,-9.015030764492892
2026-07-15 17:00:00,213.01,213.73,212.94,213.04,27066,217.04211538461536,-0.0633282514366229,-9.278960123206817
2026-07-15 17:15:00,213.07,213.58,212.5,212.99,19275,216.8221153846154,-0.023469770935025114,-9.503481122736101
2026-07-15 17:30:00,213.06,213.82,212.835,213.475,20346,216.63615384615383,0.22771022113714512,-9.706517497292152
2026-07-15 17:45:00,213.44,213.77,213.0,213.68,20586,216.48999999999998,0.09602998009135,-9.884503271612747
2026-07-15 18:00:00,213.72,214.1,213.21,213.37,18332,216.27673076923077,-0.1450767502807926,-10.103285982209329
2026-07-15 18:15:00,213.445,213.865,212.94,213.73,10524,216.0448076923077,0.16872100107794274,-10.333015806194375
2026-07-15 18:30:00,213.64,213.95,212.215,212.255,24795,215.7751923076923,-0.690123052449354,-10.58545540000507
2026-07-15 18:45:00,212.255,212.69,211.93,212.6,31706,215.46903846153845,0.1625403406280146,-10.859928244130712
2026-07-15 19:00:00,212.67,213.57,212.535,213.56,27567,215.21538461538464,0.4515522107243708,-11.101384100760773
2026-07-15 19:15:00,213.56,213.58,212.4,213.215,28584,215.0403846153846,-0.1615471061996665,-11.29356236359525
2026-07-15 19:30:00,213.37,213.5,212.06,212.06,40689,214.84615384615384,-0.5417067279506638,-11.496316871552402
2026-07-15 19:45:00,212.04,212.12,211.035,211.085,127853,214.46134615384614,-0.45977553522588144,-11.81592217880246
2026-07-16 13:30:00,208.23,208.23,204.955,205.305,100213,213.8438461538462,-2.738233413080038,-12.256775423858635
2026-07-16 13:45:00,204.97,205.76,204.51,204.76,30589,213.27153846153846,-0.2654587077762449,-12.664129425429765
2026-07-16 14:00:00,204.65,206.29,204.55,205.59,39796,212.74923076923076,0.40535260793124195,-13.034536208946232
2026-07-16 14:15:00,205.68,207.72,205.57,207.6,38950,212.37807692307692,0.9776740113818683,-13.307707125705363
2026-07-16 14:30:00,207.49,208.885,207.145,208.825,28450,212.10750000000002,0.5900770712909509,-13.509722948695327
2026-07-16 14:45:00,208.745,209.85,208.61,209.755,47887,211.87865384615387,0.4453489764156604,-13.683945502874325
2026-07-16 15:00:00,209.7,211.59,209.61,211.115,42762,211.7378846153846,0.6483754856856816,-13.793838244776804
2026-07-16 15:15:00,211.135,213.795,211.135,213.32,26947,211.69096153846152,1.0444544442602233,-13.840838359049556
2026-07-16 15:30:00,213.28,213.83,212.37,212.55,28980,211.59596153846152,-0.3609600600037455,-13.929603330411473
2026-07-16 15:45:00,212.57,213.185,212.11,213.155,35334,211.53076923076924,0.2846389084921075,-13.987256732139038
2026-07-16 16:00:00,213.48,214.2,212.93,213.785,18829,211.5221153846154,0.29555956932747485,-13.995763036973873
2026-07-16 16:15:00,213.785,214.48,213.34,214.21,23312,211.56826923076926,0.19879785766074853,-13.961767313166682
2026-07-16 16:30:00,214.315,216.71,214.315,216.63,31554,211.72442307692307,1.1297325054852703,-13.841181122984926
2026-07-16 16:45:00,216.63,218.02,215.985,217.82,32956,211.90307692307695,0.5493237317084398,-13.66049709581046
2026-07-16 17:00:00,217.65,218.095,216.445,217.81,31961,212.08653846153845,-0.004590946653193484,-13.476980939680494
2026-07-16 17:15:00,217.735,218.53,217.59,218.135,26646,212.28442307692305,0.1492126165006047,-13.297658666674172
2026-07-16 17:30:00,218.13,218.275,217.29,217.615,26205,212.44365384615384,-0.2383844866710949,-13.12401548233517
2026-07-16 17:45:00,217.61,217.875,217.455,217.87,18277,212.6048076923077,0.1171794223743694,-12.944738255092194
2026-07-16 18:00:00,217.8,219.465,217.62,219.21,23846,212.8294230769231,0.6150456694359097,-12.734417114010924
2026-07-16 18:15:00,219.23,219.6,219.07,219.07,26763,213.03480769230768,-0.0638656995575082,-12.515891956531856
2026-07-16 18:30:00,219.075,219.62,218.67,219.51,36761,213.31384615384619,0.20084904368466994,-12.267118689259016
2026-07-16 18:45:00,219.56,219.585,219.01,219.28,30931,213.57076923076923,-0.10477882556603202,-12.032598463518502
2026-07-16 19:00:00,219.17,219.44,218.37,218.61,38794,213.765,-0.30554542137904983,-11.836963581170169
2026-07-16 19:15:00,218.585,218.7,217.465,217.73,46143,213.93865384615387,-0.4025433420246194,-11.665328260025493
2026-07-16 19:30:00,217.61,218.205,217.46,217.9,45316,214.16326923076923,0.07807835392459328,-11.472005661827657
2026-07-16 19:45:00,217.985,219.9,217.985,219.145,158481,214.47326923076923,0.5713630105552925,-11.227613494268
2026-07-17 13:30:00,215.38,216.98,213.705,214.05,30256,214.80961538461537,-2.3249446713363264,-10.976134633182669
2026-07-17 13:45:00,214.055,215.29,213.55,215.12,20150,215.20807692307696,0.49988320485867543,-10.717594969851284
2026-07-17 14:00:00,215.305,215.41,213.21,214.22,21933,215.54,-0.4183711416883673,-10.484510967110733
2026-07-17 14:15:00,214.6,215.7,214.095,214.17,25729,215.7926923076923,-0.0233404910839341,-10.301992200256338
2026-07-17 14:30:00,213.57,214.575,213.45,214.28,9030,216.0025,0.05136106831022946,-10.15004515298287
2026-07-17 14:45:00,213.81,214.28,213.37,213.55,11759,216.14846153846153,-0.3406757513533698,-10.033009311228119
2026-07-17 15:00:00,213.46,214.065,211.41,211.41,13870,216.15980769230768,-1.002107234839622,-10.00821835782051
2026-07-17 15:15:00,211.43,211.44,210.22,210.91,15616,216.06711538461542,-0.23650726077290019,-10.050006614555658
2026-07-17 15:30:00,210.88,212.08,210.57,211.11,16713,216.01173076923078,0.0948271774690701,-10.060746395829783
2026-07-17 15:45:00,210.93,211.82,210.62,211.68,19245,215.95499999999998,0.2700014210601065,-10.101352822946977
2026-07-17 16:00:00,211.75,211.97,211.065,211.78,17773,215.8778846153846,0.04724111866969416,-10.162636428798411
2026-07-17 16:15:00,211.9,212.85,211.73,212.285,9780,215.80384615384614,0.23845500047219303,-10.242133526502823
2026-07-17 16:30:00,212.315,213.855,212.315,213.82,8778,215.6957692307692,0.7230845325859159,-10.336059670788249
2026-07-17 16:45:00,213.74,214.32,213.44,213.655,8679,215.53557692307692,-0.07716771115890975,-10.513595228763407
2026-07-17 17:00:00,213.65,214.35,213.54,214.18,5811,215.39596153846153,0.24572324541902724,-10.678917846421019
2026-07-17 17:15:00,213.94,214.05,213.685,213.685,6181,215.2248076923077,-0.23111401624801298,-10.857865147976415
2026-07-17 17:30:00,213.85,214.31,212.83,212.83,11495,215.04076923076926,-0.4001216744273117,-11.04855812792187
2026-07-17 17:45:00,212.77,212.86,211.875,212.05,13944,214.81692307692308,-0.3664896866043321,-11.267147387366023
2026-07-17 18:00:00,211.97,212.405,211.83,212.15,5996,214.54538461538462,0.04715868898843567,-11.514785762394448
2026-07-17 18:15:00,212.175,212.175,211.29,211.47,7771,214.25307692307692,-0.3205279283525875,-11.774787809906096
2026-07-17 18:30:00,211.605,211.645,211.1,211.185,7471,213.9328846153846,-0.13477088948786742,-12.040297029075871
2026-07-17 18:45:00,211.285,211.77,211.265,211.525,8908,213.6346153846154,0.16099628287993273,-12.298854469909102
2026-07-17 19:00:00,211.59,211.59,210.99,211.15,14704,213.3476923076923,-0.17728400898239238,-12.553938455546366
2026-07-17 19:15:00,211.18,211.52,211.06,211.19,17018,213.09615384615384,0.018943878759181132,-12.786371146471394
2026-07-17 19:30:00,211.22,212.305,211.22,211.97,25841,212.8680769230769,0.3693356693025285,-13.003575308565713
2026-07-17 19:45:00,211.97,212.68,211.9,212.67,100569,212.61903846153842,0.3302354106713201,-13.233356767547832
