timestamp_et,open,high,low,close,volume,sma_26,pct_15m,wa,wa_old
2026-05-20 09:30:00 AM ET,220.49,220.67,216.89,219.285,5505,,,,
2026-05-20 09:45:00 AM ET,219.72,220.53,219.69,220.08,3421,,0.3625418975306216,,
2026-05-20 10:00:00 AM ET,220.04,220.78,219.895,220.78,3026,,0.318066157760799,,
2026-05-20 10:15:00 AM ET,220.9,221.5,220.36,220.52,4497,,-0.1177642902436826,,
2026-05-20 10:30:00 AM ET,220.79,220.99,220.48,220.99,3853,,0.213132595682941,,
2026-05-20 10:45:00 AM ET,220.98,221.34,220.96,220.96,9534,,-0.0135752748993134,,
2026-05-20 11:00:00 AM ET,221.13,221.52,220.82,221.4,1859,,0.1991310644460453,,
2026-05-20 11:15:00 AM ET,221.6,222.3,221.6,221.665,4197,,0.1196928635952998,,
2026-05-20 11:30:00 AM ET,221.79,222.41,221.79,222.41,3927,,0.3360927525770885,,
2026-05-20 11:45:00 AM ET,222.45,222.515,221.84,221.99,2720,,-0.1888404298367785,,
2026-05-20 12:00:00 PM ET,222.06,222.475,222.06,222.475,1894,,0.2184783098337694,,
2026-05-20 12:15:00 PM ET,222.78,222.78,222.18,222.18,828,,-0.1325991684458904,,
2026-05-20 12:30:00 PM ET,222.19,222.41,222.19,222.41,1838,,0.1035196687370509,,
2026-05-20 12:45:00 PM ET,222.63,222.63,222.24,222.24,814,,-0.0764354120767918,,
2026-05-20 01:00:00 PM ET,222.47,222.5,222.12,222.305,1673,,0.0292476601871927,,
2026-05-20 01:15:00 PM ET,222.83,222.83,222.61,222.615,1459,,0.1394480555992894,,
2026-05-20 01:30:00 PM ET,222.945,223.455,222.84,223.455,2293,,0.377333063809715,,
2026-05-20 01:45:00 PM ET,223.39,223.48,223.13,223.13,3843,,-0.1454431541026202,,
2026-05-20 02:00:00 PM ET,223.23,223.34,222.98,223.05,2103,,-0.0358535382960489,,
2026-05-20 02:15:00 PM ET,223.385,223.565,223.31,223.52,1081,,0.2107150863035256,,
2026-05-20 02:30:00 PM ET,223.57,223.84,223.57,223.785,1088,,0.1185576234788765,,
2026-05-20 02:45:00 PM ET,223.96,223.96,223.545,223.545,3541,,-0.107245793954025,,
2026-05-20 03:00:00 PM ET,223.58,224.05,223.445,223.97,2267,,0.1901183206960643,,
2026-05-20 03:15:00 PM ET,223.99,224.22,223.92,224.12,3873,,0.0669732553467028,,
2026-05-20 03:30:00 PM ET,224.5,224.74,224.285,224.57,6416,,0.200785293592709,,
2026-05-20 03:45:00 PM ET,224.45,224.99,223.86,224.84,37883,222.3957692307692,0.120229772454028,,
2026-05-21 09:30:00 AM ET,232.325,235.28,231.06,233.06,102958,222.92557692307693,3.655933107987908,,
2026-05-21 09:45:00 AM ET,232.94,238.545,232.775,237.72,79340,223.6040384615385,1.9994851111301728,,
2026-05-21 10:00:00 AM ET,237.73,239.39,236.765,239.37,42826,224.31903846153847,0.694093891973746,,
2026-05-21 10:15:00 AM ET,239.235,241.41,238.94,240.68,57050,225.09442307692308,0.5472699168651118,,
2026-05-21 10:30:00 AM ET,240.93,243.1,240.16,242.69,88110,225.92903846153848,0.8351337876017828,,
2026-05-21 10:45:00 AM ET,242.67,242.82,241.42,242.69,25373,226.7648076923077,0.0,,
2026-05-21 11:00:00 AM ET,242.37,242.51,240.58,241.33,36951,227.53134615384613,-0.5603856772013582,,
2026-05-21 11:15:00 AM ET,241.155,243.865,241.1,241.705,33605,228.30211538461535,0.155388886586838,,
2026-05-21 11:30:00 AM ET,241.45,243.32,241.2,243.32,17898,229.10634615384615,0.6681698765023336,,
2026-05-21 11:45:00 AM ET,242.98,244.08,242.88,243.94,16792,229.9505769230769,0.2548084826565766,,
2026-05-21 12:00:00 PM ET,243.92,244.35,243.085,243.62,32529,230.76384615384612,-0.131179798311054,,
2026-05-21 12:15:00 PM ET,243.405,243.405,240.3,240.3,14414,231.46076923076924,-1.3627780970363657,,
2026-05-21 12:30:00 PM ET,240.515,241.32,240.1,241.32,8844,232.1880769230769,0.4244694132334414,,
2026-05-21 12:45:00 PM ET,241.33,242.79,241.33,242.39,8524,232.96307692307693,0.4433946626885454,,
2026-05-21 01:00:00 PM ET,242.415,243.86,242.415,243.84,18424,233.79134615384615,0.598209497091462,,
2026-05-21 01:15:00 PM ET,243.785,245.525,243.755,245.13,30191,234.6573076923077,0.5290354330708569,,
2026-05-21 01:30:00 PM ET,245.165,245.29,244.27,245.22,11825,235.49442307692303,0.0367152123363023,,
2026-05-21 01:45:00 PM ET,245.32,247.33,245.06,247.19,33417,236.4198076923077,0.8033602479406321,,
2026-05-21 02:00:00 PM ET,247.25,249.425,247.07,249.31,27328,237.4298076923077,0.8576398721631184,,
2026-05-21 02:15:00 PM ET,249.33,251.54,248.64,251.54,34628,238.5075,0.8944687337050228,,
2026-05-21 02:30:00 PM ET,251.72,252.2,248.95,250.71,38351,239.5430769230769,-0.3299674008109932,,
2026-05-21 02:45:00 PM ET,250.7,251.94,249.35,250.36,26231,240.5744230769231,-0.1396035259861983,,
2026-05-21 03:00:00 PM ET,250.36,251.53,249.98,250.73,26934,241.60365384615383,0.1477871864514979,,
2026-05-21 03:15:00 PM ET,250.75,251.83,249.83,250.255,22122,242.60884615384612,-0.1894468152993211,,
2026-05-21 03:30:00 PM ET,250.16,252.26,249.425,252.02,46330,243.66461538461544,0.7052806137739509,,
2026-05-21 03:45:00 PM ET,251.87,253.56,251.84,253.1,263707,244.75153846153847,0.4285374176652645,,
2026-05-22 09:30:00 AM ET,261.905,264.23,258.32,261.145,120365,249.6848076923077,-1.1076608475025562,,
2026-05-22 09:45:00 AM ET,261.66,263.78,258.89,260.42,59447,250.4190384615385,-0.2776235424763906,,
2026-05-22 10:00:00 AM ET,260.16,260.6,255.67,257.5,32305,251.02653846153848,-1.1212656477997185,,
2026-05-22 10:15:00 AM ET,257.76,259.34,257.535,258.46,27558,251.60884615384612,0.3728155339805639,,
2026-05-22 10:30:00 AM ET,258.43,260.38,257.59,257.59,22921,252.13384615384612,-0.3366091464830134,,
2026-05-22 10:45:00 AM ET,257.725,258.235,257.09,257.205,23995,252.6563461538462,-0.1494623238479708,,
2026-05-22 11:00:00 AM ET,257.145,258.05,256.455,258.05,11992,253.33903846153845,0.3285317159464451,,
2026-05-22 11:15:00 AM ET,257.85,258.24,256.635,258.03,13381,253.9817307692308,-0.0077504359620395,,
2026-05-22 11:30:00 AM ET,257.87,257.88,256.78,256.99,13901,254.54326923076923,-0.403053908460238,,
2026-05-22 11:45:00 AM ET,256.9,257.21,255.78,256.155,13285,255.01692307692304,-0.3249153663566817,,
2026-05-22 12:00:00 PM ET,256.07,257.84,256.0,257.265,10445,255.48365384615383,0.4333313813901895,,
2026-05-22 12:15:00 PM ET,257.22,258.16,257.105,257.965,8893,255.97384615384615,0.2720929780576364,,
2026-05-22 12:30:00 PM ET,258.095,258.78,257.57,257.96,19713,256.38807692307694,-0.0019382474366613,,
2026-05-22 12:45:00 PM ET,258.08,258.1,256.635,256.76,13640,256.6746153846154,-0.4651884013025187,,
2026-05-22 01:00:00 PM ET,256.68,256.68,255.515,256.12,17504,256.85076923076923,-0.2492600093472408,,
2026-05-22 01:15:00 PM ET,255.96,256.91,255.89,256.91,14238,257.0892307692308,0.3084491644541609,,
2026-05-22 01:30:00 PM ET,256.85,256.96,255.49,255.875,17286,257.30134615384617,-0.4028648164727033,,
2026-05-22 01:45:00 PM ET,255.915,256.96,255.68,256.8,11931,257.5348076923077,0.3615046409379596,,
2026-05-22 02:00:00 PM ET,256.75,257.44,256.18,257.33,11739,257.80692307692306,0.2063862928348703,,
2026-05-22 02:15:00 PM ET,257.41,257.905,257.34,257.57,13810,258.0203846153846,0.093265456806435,,
2026-05-22 02:30:00 PM ET,257.57,258.07,256.605,256.665,13711,258.1575,-0.3513607951236452,,
2026-05-22 02:45:00 PM ET,256.72,256.81,254.5,254.53,21276,257.9644230769231,-0.8318235832700305,,
2026-05-22 03:00:00 PM ET,254.355,254.98,253.99,254.66,18619,257.82442307692304,0.051074529524997,,
2026-05-22 03:15:00 PM ET,254.52,255.0,254.0,254.04,11182,257.6275,-0.2434618707295999,,
2026-05-22 03:30:00 PM ET,254.02,255.035,253.71,254.77,19208,257.3398076923077,0.287356321839094,,
2026-05-22 03:45:00 PM ET,254.775,254.8,253.485,253.8,44678,256.94480769230773,-0.3807355654119382,,
2026-05-26 09:30:00 AM ET,254.04,254.04,245.525,250.23,44696,256.3184615384615,-1.889825524406985,,
2026-05-26 09:45:00 AM ET,250.435,251.555,247.93,249.36,20680,256.00538461538457,-0.3476801342764513,,
2026-05-26 10:00:00 AM ET,249.4,249.95,246.84,247.495,12601,255.58365384615385,-0.747914661533533,,
2026-05-26 10:15:00 AM ET,247.7,248.0,246.135,246.495,9339,255.15692307692308,-0.4040485666377047,,
2026-05-26 10:30:00 AM ET,246.69,247.945,246.52,247.945,10703,254.8007692307692,0.5882472261100613,,
2026-05-26 10:45:00 AM ET,247.765,247.87,246.555,247.09,12612,254.3792307692308,-0.3448345399181263,,
2026-05-26 11:00:00 AM ET,247.22,247.96,246.735,247.96,6240,253.9919230769231,0.3520984256748516,,
2026-05-26 11:15:00 AM ET,248.49,248.97,248.2,248.97,5345,253.68346153846156,0.4073237618970715,,
2026-05-26 11:30:00 AM ET,249.01,249.69,248.7,249.69,5548,253.4348076923077,0.2891914688516683,,
2026-05-26 11:45:00 AM ET,249.92,249.95,249.105,249.105,3382,253.12096153846156,-0.2342905202451062,,
2026-05-26 12:00:00 PM ET,249.91,249.91,249.36,249.79,4478,252.8065384615384,0.2749844443106219,,
2026-05-26 12:15:00 PM ET,249.71,251.06,249.71,251.02,4434,252.53961538461544,0.4924136274470525,,
2026-05-26 12:30:00 PM ET,250.96,251.36,250.8,250.84,3386,252.3119230769231,-0.0717074336706313,,
2026-05-26 12:45:00 PM ET,250.76,250.79,250.45,250.455,1889,252.09403846153847,-0.1534842927762736,,
2026-05-26 01:00:00 PM ET,250.81,250.95,250.67,250.94,1217,251.86442307692303,0.1936475614381816,,
2026-05-26 01:15:00 PM ET,251.11,251.28,250.0,250.37,3182,251.6526923076923,-0.2271459312983115,,
2026-05-26 01:30:00 PM ET,250.15,250.15,249.68,249.72,1581,251.38038461538463,-0.2596157686623801,,
2026-05-26 01:45:00 PM ET,249.88,250.01,249.865,250.01,768,251.09884615384615,0.1161300656735475,,
2026-05-26 02:00:00 PM ET,249.95,250.19,249.785,250.08,3890,250.81076923076924,0.0279988800448105,,
2026-05-26 02:15:00 PM ET,250.39,250.44,250.07,250.07,1603,250.55711538461537,-0.0039987204094815,,
2026-05-26 02:30:00 PM ET,250.14,250.83,250.14,250.82,2794,250.4144230769231,0.2999160235134246,,
2026-05-26 02:45:00 PM ET,250.65,250.65,249.715,249.84,2696,250.2290384615385,-0.3907184435053001,,
2026-05-26 03:00:00 PM ET,249.89,250.7,249.89,250.7,3058,250.10057692307691,0.344220300992637,,
2026-05-26 03:15:00 PM ET,250.73,250.73,250.39,250.43,3883,249.93365384615385,-0.1076984443557971,,
2026-05-26 03:30:00 PM ET,250.66,251.59,250.63,251.59,6178,249.84865384615384,0.4632032903406191,,
2026-05-26 03:45:00 PM ET,251.71,253.06,250.83,250.83,24439,249.68634615384616,-0.3020787789657753,,
2026-05-27 09:30:00 AM ET,251.63,254.34,251.01,253.75,30020,249.74134615384617,2.62061713915962,,
2026-05-27 09:45:00 AM ET,253.75,255.7,252.46,255.59,27823,250.05269230769235,0.7251231527093616,,
2026-05-27 10:00:00 AM ET,255.45,257.41,255.29,256.46,18397,250.4359615384615,0.3403889041042163,,
2026-05-27 10:15:00 AM ET,256.26,257.26,254.64,254.64,11070,250.69346153846152,-0.709662325508853,,
2026-05-27 10:30:00 AM ET,254.8,255.885,254.75,255.665,9109,251.0232692307692,0.4025290606346265,,
2026-05-27 10:45:00 AM ET,255.31,256.21,255.15,255.87,7056,251.3275,0.0801830520407609,,
2026-05-27 11:00:00 AM ET,256.13,256.13,254.21,254.36,17066,251.5348076923077,-0.590143432211665,,
2026-05-27 11:15:00 AM ET,254.51,255.68,254.51,254.905,7616,251.73538461538465,0.2142632489385176,,
2026-05-27 11:30:00 AM ET,255.385,256.46,255.335,255.465,2998,251.98,0.2196896883152499,,
2026-05-27 11:45:00 AM ET,255.34,255.405,254.46,254.46,2855,252.1596153846154,-0.3934002700957006,,
2026-05-27 12:00:00 PM ET,255.17,255.64,255.01,255.37,3238,252.32692307692307,0.3576200581623778,,
2026-05-27 12:15:00 PM ET,255.4,256.49,255.4,256.38,3911,252.54,0.3955045620080533,,
2026-05-27 12:30:00 PM ET,256.35,256.99,256.21,256.25,19842,252.76288461538465,-0.0507059833060319,,
2026-05-27 12:45:00 PM ET,256.2,256.31,255.92,255.92,3686,252.9544230769231,-0.1287804878048803,,
2026-05-27 01:00:00 PM ET,256.0,256.065,255.43,255.5,3195,253.1517307692308,-0.1641137855579844,,
2026-05-27 01:15:00 PM ET,255.55,255.71,255.275,255.64,2291,253.37942307692308,0.0547945205479294,,
2026-05-27 01:30:00 PM ET,255.69,255.975,255.69,255.75,2893,253.60019230769228,0.043029259896743,,
2026-05-27 01:45:00 PM ET,255.85,256.005,255.39,255.43,2693,253.80596153846156,-0.1251221896383159,,
2026-05-27 02:00:00 PM ET,255.49,255.625,255.19,255.43,2561,254.0121153846154,0.0,,
2026-05-27 02:15:00 PM ET,255.64,255.99,255.64,255.65,1861,254.1978846153846,0.0861292722076578,,
2026-05-27 02:30:00 PM ET,255.53,256.02,255.53,255.95,3508,254.4328846153846,0.1173479366321172,,
2026-05-27 02:45:00 PM ET,255.78,256.3,255.675,255.99,5157,254.63634615384612,0.0156280523539775,,
2026-05-27 03:00:00 PM ET,255.85,256.33,255.85,256.245,2331,254.86,0.0996132661432058,,
2026-05-27 03:15:00 PM ET,256.285,256.285,255.99,256.08,5152,255.03269230769232,-0.0643915003219697,,
2026-05-27 03:30:00 PM ET,256.35,257.155,256.34,257.06,6134,255.2723076923077,0.382692908466109,,
2026-05-27 03:45:00 PM ET,257.055,257.055,255.15,255.3,38621,255.58115384615385,-0.6846650587411518,,
2026-05-28 09:30:00 AM ET,260.54,263.795,257.24,262.065,29536,256.6865384615385,0.4503813867913653,,
2026-05-28 09:45:00 AM ET,262.47,266.7,261.905,266.27,40678,257.08653846153845,1.6045637532673185,,
2026-05-28 10:00:00 AM ET,266.405,266.47,262.0,266.47,35922,257.5523076923077,0.0751117286964531,,
2026-05-28 10:15:00 AM ET,266.8,268.79,266.15,266.15,34115,257.9848076923077,-0.1200885653169447,,
2026-05-28 10:30:00 AM ET,266.35,267.66,265.1,265.89,11910,258.3857692307692,-0.0976892729663725,,
2026-05-28 10:45:00 AM ET,265.94,266.41,265.03,265.54,7564,258.81192307692305,-0.1316333822257154,,
2026-05-28 11:00:00 AM ET,265.245,265.71,263.95,264.42,11041,259.16,-0.4217820290728369,,
2026-05-28 11:15:00 AM ET,264.63,265.705,264.23,265.67,12448,259.51730769230767,0.4727327736177233,,
2026-05-28 11:30:00 AM ET,265.73,266.28,265.28,265.73,12847,259.8819230769231,0.0225844092294869,,
2026-05-28 11:45:00 AM ET,265.62,265.92,265.17,265.715,11178,260.25865384615383,-0.0056448274564524,,
2026-05-28 12:00:00 PM ET,265.14,265.14,263.46,263.46,6176,260.5648076923077,-0.8486536326515193,,
2026-05-28 12:15:00 PM ET,263.67,263.685,262.78,262.815,9608,260.84076923076924,-0.244818947847869,,
2026-05-28 12:30:00 PM ET,262.725,263.15,262.6,263.15,5805,261.12538461538463,0.1274660883130662,,
2026-05-28 12:45:00 PM ET,263.08,263.34,262.59,262.8,4801,261.4088461538462,-0.1330039901196955,,
2026-05-28 01:00:00 PM ET,262.715,262.715,261.885,262.185,5588,261.6686538461538,-0.2340182648401856,,
2026-05-28 01:15:00 PM ET,262.11,262.11,260.055,260.1,11403,261.8398076923077,-0.7952400022884554,,
2026-05-28 01:30:00 PM ET,260.1,262.035,260.095,261.805,9988,262.065,0.6555171088042933,,
2026-05-28 01:45:00 PM ET,261.94,262.61,261.94,262.37,11378,262.31038461538463,0.2158094765187801,,
2026-05-28 02:00:00 PM ET,262.37,262.37,261.21,261.73,8135,262.52134615384614,-0.2439303274002324,,
2026-05-28 02:15:00 PM ET,261.79,261.81,261.24,261.52,7057,262.7305769230769,-0.0802353570473535,,
2026-05-28 02:30:00 PM ET,261.16,261.4,261.08,261.14,7887,262.88750000000005,-0.1453043744264248,,
2026-05-28 02:45:00 PM ET,261.205,261.7,261.145,261.35,6744,263.1201923076923,0.0804166347553092,,
2026-05-28 03:00:00 PM ET,261.34,263.89,261.34,263.84,6776,263.2928846153846,0.9527453606274828,,
2026-05-28 03:15:00 PM ET,263.74,264.375,263.36,263.94,8646,263.3817307692307,0.0379017586416008,,
2026-05-28 03:30:00 PM ET,264.06,264.345,263.73,263.84,12049,263.49442307692306,-0.0378873986512151,,
2026-05-28 03:45:00 PM ET,264.01,264.63,263.66,264.23,74914,263.62288461538463,0.1478168587022654,,
2026-05-29 09:30:00 AM ET,277.87,279.11,273.46,278.15,40823,264.63115384615384,0.6331403762662724,,
2026-05-29 09:45:00 AM ET,277.97,285.5,277.94,285.085,58488,265.3471153846154,2.4932590328959225,,
2026-05-29 10:00:00 AM ET,285.28,287.74,283.04,286.85,89965,266.14326923076925,0.6191135976989504,,
2026-05-29 10:15:00 AM ET,286.99,289.18,285.2,288.5,74082,267.0128846153846,0.5752135262332203,,
2026-05-29 10:30:00 AM ET,288.47,292.05,285.43,285.43,61367,267.7778846153846,-1.0641247833622192,,
2026-05-29 10:45:00 AM ET,285.41,289.45,283.85,288.81,32281,268.7159615384616,1.1841782573660753,,
2026-05-29 11:00:00 AM ET,289.16,291.015,288.275,290.96,17250,269.68865384615384,0.7444340569924712,,
2026-05-29 11:15:00 AM ET,291.17,291.805,289.86,291.58,33234,270.6828846153846,0.2130877096508054,,
2026-05-29 11:30:00 AM ET,291.37,293.57,291.37,292.25,24463,271.7034615384615,0.2297825639618667,,
2026-05-29 11:45:00 AM ET,292.33,292.54,290.53,291.52,17827,272.78269230769234,-0.2497861420017177,,
2026-05-29 12:00:00 PM ET,291.605,291.75,288.44,288.44,14444,273.7682692307692,-1.0565312843029528,,
2026-05-29 12:15:00 PM ET,288.465,288.935,287.42,288.79,6618,274.75442307692305,0.1213423935654045,,
2026-05-29 12:30:00 PM ET,288.96,290.18,288.96,289.28,11052,275.7728846153846,0.1696734651476683,,
2026-05-29 12:45:00 PM ET,289.06,289.22,287.54,287.54,11101,276.7480769230769,-0.6014933628318397,,
2026-05-29 01:00:00 PM ET,287.55,288.07,287.11,287.75,8011,277.8115384615385,0.07303331710371,,
2026-05-29 01:15:00 PM ET,289.14,291.63,289.14,291.56,11236,278.9559615384615,1.324066029539539,,
2026-05-29 01:30:00 PM ET,291.41,291.81,290.74,290.74,5784,280.0471153846154,-0.2812457127177925,,
2026-05-29 01:45:00 PM ET,290.61,290.61,289.14,289.25,7600,281.1055769230769,-0.5124853821283692,,
2026-05-29 02:00:00 PM ET,289.07,290.39,288.61,290.35,6807,282.2144230769231,0.38029386343994,,
2026-05-29 02:15:00 PM ET,290.37,291.32,290.125,291.32,18649,283.37519230769226,0.3340795591527445,,
2026-05-29 02:30:00 PM ET,291.395,293.61,291.395,293.33,14497,284.6051923076923,0.6899629273650953,,
2026-05-29 02:45:00 PM ET,292.97,294.83,292.94,294.665,14154,285.79076923076923,0.4551188081682866,,
2026-05-29 03:00:00 PM ET,294.715,296.55,294.71,296.37,43102,287.03807692307697,0.5786231822578092,,
2026-05-29 03:15:00 PM ET,296.66,299.715,296.615,299.48,43243,288.4088461538462,1.0493639707122917,,
2026-05-29 03:30:00 PM ET,299.7,300.84,299.08,300.49,45303,289.80346153846153,0.3372512354748114,,
2026-05-29 03:45:00 PM ET,300.56,300.64,295.86,297.97,83270,290.63307692307694,-0.8386302372791032,,
2026-06-01 09:30:00 AM ET,321.69,322.14,309.96,315.75,178504,300.7598076923077,-1.907483923079312,,
2026-06-01 09:45:00 AM ET,315.705,316.14,309.17,309.17,54039,301.43634615384616,-2.0839271575613605,,
2026-06-01 10:00:00 AM ET,309.04,313.2,308.6,309.33,50530,302.09326923076924,0.0517514635960614,,
2026-06-01 10:15:00 AM ET,308.95,316.8,308.16,315.96,41144,303.03326923076924,2.143342061875675,,
2026-06-01 10:30:00 AM ET,315.61,321.435,315.59,321.43,49958,304.3021153846154,1.73123180149386,,
2026-06-01 10:45:00 AM ET,321.395,324.66,317.89,318.79,41669,305.4559615384616,-0.8213296829791772,,
2026-06-01 11:00:00 AM ET,318.79,325.59,318.75,324.89,44570,306.82557692307694,1.9134853665422336,,
2026-06-01 11:15:00 AM ET,325.32,325.55,320.01,324.96,58485,308.26480769230767,0.0215457539474828,,
2026-06-01 11:30:00 AM ET,324.895,327.79,323.62,324.255,48192,309.6688461538461,-0.2169497784342611,,
2026-06-01 11:45:00 AM ET,324.46,327.8,324.39,325.84,33961,310.9873076923077,0.4888128170729811,,
2026-06-01 12:00:00 PM ET,325.58,327.12,323.865,326.47,30667,312.3615384615385,0.1933464276945962,,
2026-06-01 12:15:00 PM ET,326.215,327.5,324.455,325.01,23189,313.7369230769231,-0.4472080129874212,,
2026-06-01 12:30:00 PM ET,324.95,325.66,322.58,322.78,20550,314.98423076923075,-0.6861327343774093,,
2026-06-01 12:45:00 PM ET,322.855,327.17,322.65,325.88,27877,316.3134615384615,0.9604064688022884,,
2026-06-01 01:00:00 PM ET,325.875,326.1,321.72,325.67,31541,317.5573076923077,-0.0644408984902367,,
2026-06-01 01:15:00 PM ET,325.66,326.75,324.425,325.3,26484,318.7355769230769,-0.1136119384653189,,
2026-06-01 01:30:00 PM ET,325.53,326.78,324.75,326.055,16849,319.8773076923077,0.2320934521979678,,
2026-06-01 01:45:00 PM ET,326.01,326.21,323.345,323.45,23401,320.7992307692308,-0.7989449632730738,,
2026-06-01 02:00:00 PM ET,323.33,324.78,320.205,320.33,27914,321.56230769230774,-0.9646004019168376,,
2026-06-01 02:15:00 PM ET,320.34,320.39,317.195,317.84,35099,322.32653846153846,-0.7773233852589545,,
2026-06-01 02:30:00 PM ET,317.845,319.03,317.66,318.645,20678,321.9525,0.2532720865844551,,
2026-06-01 02:45:00 PM ET,318.665,320.96,318.51,319.53,18810,321.71711538461534,0.2777385491691264,,
2026-06-01 03:00:00 PM ET,319.44,319.44,315.645,315.925,38457,321.31807692307694,-1.1282195724970911,,
2026-06-01 03:15:00 PM ET,315.81,316.64,315.19,316.02,36787,320.8596153846154,0.03007042810792,,
2026-06-01 03:30:00 PM ET,316.11,319.33,316.11,318.325,36383,320.7498076923076,0.7293842161888442,,
2026-06-01 03:45:00 PM ET,318.39,320.66,317.17,320.13,59885,320.68211538461543,0.5670305505379725,,
2026-06-02 09:30:00 AM ET,313.35,323.31,310.56,323.235,32249,320.97,0.9699184706213116,,
2026-06-02 09:45:00 AM ET,323.56,327.34,315.11,316.51,39379,321.2523076923077,-2.080529645613882,,
2026-06-02 10:00:00 AM ET,316.685,323.43,315.5,323.33,26293,321.79076923076923,2.154750244857984,,
2026-06-02 10:15:00 AM ET,323.43,324.11,317.88,320.055,40589,321.94826923076926,-1.0128970401756645,,
2026-06-02 10:30:00 AM ET,319.98,320.42,317.2,318.725,18512,321.8442307692307,-0.4155535767289997,,
2026-06-02 10:45:00 AM ET,318.74,322.12,318.27,320.545,12837,321.9117307692308,0.5710251784453613,,
2026-06-02 11:00:00 AM ET,320.83,321.23,317.6,321.23,18311,321.7709615384616,0.2136985446661077,,
2026-06-02 11:15:00 AM ET,320.945,324.91,320.79,322.215,16598,321.66538461538465,0.3066338760389531,,
2026-06-02 11:30:00 AM ET,322.16,323.475,321.53,323.44,13930,321.63403846153847,0.3801809350899354,,
2026-06-02 11:45:00 AM ET,323.435,323.735,322.37,322.605,8747,321.50961538461536,-0.2581622557506713,,
2026-06-02 12:00:00 PM ET,322.69,323.47,322.24,322.89,7470,321.37192307692305,0.0883433300785663,,
2026-06-02 12:15:00 PM ET,322.71,323.3,322.15,322.64,7603,321.2807692307692,-0.077425748706994,,
2026-06-02 12:30:00 PM ET,322.91,323.0,321.35,321.57,8070,321.23423076923075,-0.3316389784279616,,
2026-06-02 12:45:00 PM ET,322.69,323.42,322.48,322.48,7676,321.10346153846154,0.2829865970084277,,
2026-06-02 01:00:00 PM ET,321.965,326.575,321.965,324.855,17218,321.07211538461536,0.73647978169189,,
2026-06-02 01:15:00 PM ET,324.73,325.84,324.73,325.83,6025,321.09250000000003,0.3001339058964714,,
2026-06-02 01:30:00 PM ET,325.94,326.78,324.81,325.16,10808,321.0580769230769,-0.2056287020838931,,
2026-06-02 01:45:00 PM ET,325.6,327.13,325.355,326.33,9273,321.1688461538461,0.3598228564398953,,
2026-06-02 02:00:00 PM ET,326.26,326.48,324.56,325.23,8330,321.3573076923077,-0.3370820948119912,,
2026-06-02 02:15:00 PM ET,325.4,327.86,325.35,327.59,15021,321.7323076923077,0.7256403160839975,,
2026-06-02 02:30:00 PM ET,327.45,329.16,327.4,327.81,7341,322.08480769230766,0.0671571171281248,,
2026-06-02 02:45:00 PM ET,327.725,327.73,326.76,327.31,8426,322.38403846153847,-0.1525273786644687,,
2026-06-02 03:00:00 PM ET,327.45,328.75,327.32,328.585,21786,322.8709615384616,0.3895389691729534,,
2026-06-02 03:15:00 PM ET,328.51,329.855,327.495,329.85,11182,323.4028846153846,0.38498409848291,,
2026-06-02 03:30:00 PM ET,329.79,330.695,329.43,329.69,23035,323.84000000000003,-0.0485068970744406,,
2026-06-02 03:45:00 PM ET,329.995,332.4,329.45,329.54,69492,324.2019230769231,-0.0454972853286328,,
2026-06-03 09:30:00 AM ET,316.43,317.95,306.825,307.595,42487,323.75307692307695,-4.020531702446329,,8394.631539607775
2026-06-03 09:45:00 AM ET,307.97,308.79,304.715,306.14,44177,323.09192307692314,-0.473024594027871,,8439.978238551656
2026-06-03 10:00:00 AM ET,305.57,310.205,304.9,309.15,44751,322.6725,0.9832102959430378,,8411.922302284976
2026-06-03 10:15:00 AM ET,309.245,310.875,308.285,308.84,14444,322.2923076923077,-0.1002749474365183,,8458.665647565096
2026-06-03 10:30:00 AM ET,308.75,308.75,307.0,307.22,9699,321.77980769230766,-0.5245434529205895,,8429.040620776042
2026-06-03 10:45:00 AM ET,307.43,308.49,306.72,307.745,8986,321.2611538461539,0.1708873120239484,,8429.407478712568
2026-06-03 11:00:00 AM ET,307.64,308.315,307.25,307.5,8643,320.6951923076923,-0.0796113665534781,,8419.200677362547
2026-06-03 11:15:00 AM ET,307.4,308.26,307.15,307.94,6723,320.09903846153844,0.1430894308943164,,8464.196136511891
2026-06-03 11:30:00 AM ET,308.08,308.46,304.49,304.5,11646,319.4026923076923,-1.1171007339092045,,8474.664481503807
2026-06-03 11:45:00 AM ET,304.58,304.58,302.59,304.035,20474,318.6775,-0.152709359605907,,8516.82286325927
2026-06-03 12:00:00 PM ET,304.185,305.84,303.985,305.535,5738,318.0196153846154,0.493364250826378,,8549.766711009679
2026-06-03 12:15:00 PM ET,305.68,306.38,305.68,305.69,3499,317.4088461538461,0.0507306855188405,,8592.788579020167
2026-06-03 12:30:00 PM ET,305.535,305.72,304.57,305.21,7052,316.74461538461543,-0.1570218194903438,,8624.391604716613
2026-06-03 12:45:00 PM ET,306.09,306.09,304.69,304.96,7044,315.97942307692307,-0.0819108155040826,,8614.054575916685
2026-06-03 01:00:00 PM ET,304.63,305.5,304.63,304.88,3693,315.1736538461538,-0.0262329485834156,,8582.284101627092
2026-06-03 01:15:00 PM ET,304.435,307.61,304.435,307.42,6431,314.49134615384617,0.8331146680661261,,8625.463418412704
2026-06-03 01:30:00 PM ET,307.05,308.19,306.835,307.955,5848,313.7846153846154,0.174029015678867,,8669.008366306874
2026-06-03 01:45:00 PM ET,308.095,309.52,307.8,308.98,6529,313.1596153846154,0.3328408371353175,,8633.55873869835
2026-06-03 02:00:00 PM ET,308.84,309.22,308.42,308.43,3929,312.4226923076923,-0.1780050488704776,,8672.752225622942
2026-06-03 02:15:00 PM ET,308.62,308.74,307.74,308.59,5182,311.6834615384616,0.0518756281814303,,8716.030710271196
2026-06-03 02:30:00 PM ET,308.58,308.65,307.56,307.92,8825,310.9376923076923,-0.2171165624290982,,8687.056848844695
2026-06-03 02:45:00 PM ET,308.05,308.435,307.34,307.865,10076,310.14076923076925,-0.0178617822811144,,8704.219579790044
2026-06-03 03:00:00 PM ET,307.91,307.91,307.01,307.555,10716,309.28326923076924,-0.1006934857811114,11.739675615411402,8670.474054405475
2026-06-03 03:15:00 PM ET,307.49,307.81,307.0,307.16,13612,308.41673076923075,-0.1284323129196352,11.225427316364833,8666.546822297183
2026-06-03 03:30:00 PM ET,307.24,310.18,307.19,309.95,21219,307.6632692307693,0.9083213960150882,10.760183112257296,7352.322579568468
2026-06-03 03:45:00 PM ET,310.16,310.16,305.74,305.93,56609,307.10365384615386,-1.2969833844168388,10.379221846596057,6640.715176841771
2026-06-04 09:30:00 AM ET,307.74,309.47,301.63,307.21,26577,306.2273076923077,1.2858131944215367,9.316672162527931,6390.0820598584805
2026-06-04 09:45:00 AM ET,307.14,310.435,305.785,309.51,40904,306.29519230769233,0.7486735457830296,9.211554800840991,6425.1079784153535
2026-06-04 10:00:00 AM ET,309.53,310.075,306.39,306.465,28847,306.2553846153846,-0.9838131239701564,9.059910648959653,6457.902744693802
2026-06-04 10:15:00 AM ET,306.91,307.3,303.455,304.24,13395,306.1130769230769,-0.7260209159283937,8.864092617371679,6488.482302156993
2026-06-04 10:30:00 AM ET,304.0,305.24,303.55,305.21,15786,306.1403846153846,0.3188272416513094,8.742668019743826,6519.356009549718
2026-06-04 10:45:00 AM ET,305.1,306.44,303.21,304.9,11054,306.1736538461538,-0.1015694112250553,8.624233547792892,6550.067943816893
2026-06-04 11:00:00 AM ET,305.97,306.89,305.7,306.64,9472,306.2161538461538,0.5706789111183941,8.510206887791336,6423.085412424318
2026-06-04 11:15:00 AM ET,306.78,307.22,305.725,306.24,10556,306.23730769230764,-0.1304461257500611,8.387264545439738,6288.199972866509
2026-06-04 11:30:00 AM ET,306.65,307.76,306.36,306.99,9375,306.3057692307692,0.2449059561128619,8.285319112975738,6095.051351485494
2026-06-04 11:45:00 AM ET,306.905,306.905,304.67,304.91,7893,306.30384615384617,-0.6775464998859837,8.153087742748745,5925.856092452096
2026-06-04 12:00:00 PM ET,304.98,305.975,304.65,305.92,5987,306.3438461538462,0.3312452854940861,8.039525705431197,5942.280123259637
2026-06-04 12:15:00 PM ET,305.62,305.88,302.46,302.59,13935,306.1580769230769,-1.0885198744770008,7.828081097615761,5774.237532472913
2026-06-04 12:30:00 PM ET,303.09,303.09,300.53,302.485,13453,305.9476923076923,-0.034700419709821,7.60644830950075,5801.273438377777
2026-06-04 12:45:00 PM ET,302.59,302.59,301.945,302.22,8167,305.6876923076923,-0.0876076499661149,7.363732541283426,5827.2030434199405
2026-06-04 01:00:00 PM ET,302.38,302.86,301.685,302.015,8101,305.4409615384615,-0.0678313811131148,7.1273542761392,5852.033318842674
2026-06-04 01:15:00 PM ET,301.22,301.84,300.195,301.38,11994,305.16365384615386,-0.2102544575600551,6.878176157595061,5876.698980437977
2026-06-04 01:30:00 PM ET,301.42,302.88,301.42,302.695,10715,304.96269230769235,0.4363262326630757,6.662907224727336,5902.301204030107
2026-06-04 01:45:00 PM ET,302.47,303.49,301.64,302.675,9593,304.76307692307694,-0.0066073109896036,6.448763942509904,5927.667495018853
2026-06-04 02:00:00 PM ET,302.575,303.47,302.43,302.66,11636,304.5748076923077,-0.0049558106880231,6.240121311498053,5953.13773201799
2026-06-04 02:15:00 PM ET,302.635,302.93,302.42,302.5,7333,304.39557692307693,-0.0528646005418687,6.035968560465987,5977.726457866819
2026-06-04 02:30:00 PM ET,302.445,302.81,301.58,301.82,9768,304.0828846153846,-0.2247933884297559,5.773886113497946,6001.366434542654
2026-06-04 02:45:00 PM ET,301.67,302.19,301.67,302.0,8118,303.9317307692308,0.0596381949506286,5.583187388762735,6022.549070451326
2026-06-04 03:00:00 PM ET,301.685,302.755,301.04,302.25,20954,303.80096153846154,0.08278145695364,5.401950060574932,6044.317693966378
2026-06-04 03:15:00 PM ET,302.25,303.05,302.005,302.095,18015,304.0026923076923,-0.0512820512820422,5.367150754663782,6065.590055493939
2026-06-04 03:30:00 PM ET,302.02,302.63,301.74,302.11,21916,303.9630769230769,0.0049653254770909,5.2266809167996335,6085.630733948021
2026-06-04 03:45:00 PM ET,302.11,302.63,300.69,301.785,66874,303.9044230769231,-0.1075767104696923,5.0783111291796885,6104.710929624061
2026-06-05 09:30:00 AM ET,301.235,301.345,291.83,291.83,35737,303.31288461538463,-3.298706032440324,4.696611854353572,6118.138660804481
2026-06-05 09:45:00 AM ET,291.59,292.61,288.81,288.935,48785,302.52153846153846,-0.9920158996676088,4.2275127371521295,6129.805094474643
2026-06-05 10:00:00 AM ET,289.02,289.99,288.485,289.145,44701,301.8553846153846,0.0726807067333412,3.813798080780532,6142.698546724014
2026-06-05 10:15:00 AM ET,289.41,290.515,287.51,287.97,25474,301.2296153846154,-0.4063705061474243,3.418282083406782,6154.360783649315
2026-06-05 10:30:00 AM ET,288.32,289.81,287.5,288.48,16694,300.5861538461538,0.1771017814355735,3.015334408488508,6166.669670621484
2026-06-05 10:45:00 AM ET,288.5,289.37,288.11,288.56,23753,299.95769230769235,0.0277315585135884,2.619421259079461,6179.13786909328
2026-06-05 11:00:00 AM ET,288.7,289.15,286.83,287.16,16141,299.2084615384616,-0.4851677294150147,2.1702196764291517,6190.260855576421
2026-06-05 11:15:00 AM ET,287.22,287.55,286.56,287.07,14549,298.47115384615387,-0.0313414124530009,1.726584708955412,6201.286285128365
2026-06-05 11:30:00 AM ET,286.99,287.4,285.095,285.25,13667,297.635,-0.6339917093391878,1.2390598541368096,6211.399463927552
2026-06-05 11:45:00 AM ET,285.52,285.89,285.27,285.455,6836,296.8867307692308,0.0718667835232222,0.7910245332369078,6221.9389071766045
2026-06-05 12:00:00 PM ET,285.07,285.16,284.0,284.11,13589,296.0478846153846,-0.4711775936662388,0.3025575551506949,6231.059947567144
2026-06-05 12:15:00 PM ET,284.095,284.1,283.35,283.35,14154,295.30788461538464,-0.2675020238639969,-0.1116676952905333,6239.3350823993305
2026-06-05 12:30:00 PM ET,283.31,283.31,282.245,282.41,16894,294.53576923076923,-0.3317451914593206,-0.5116217934528495,6246.910160393559
2026-06-05 12:45:00 PM ET,282.14,283.84,281.86,283.84,20199,293.82884615384614,0.5063560072235296,-0.898170120948344,6255.923733324784
2026-06-05 01:00:00 PM ET,283.94,283.94,282.355,282.36,10752,293.0728846153846,-0.5214205186020116,-1.2999881735452492,6264.10036603904
2026-06-05 01:15:00 PM ET,282.465,283.85,282.15,283.285,12976,292.3769230769231,0.3275959767672587,-1.6799477782436938,6272.585513137413
2026-06-05 01:30:00 PM ET,283.215,284.87,283.02,283.79,17149,291.64980769230766,0.1782657041495383,-2.083900817096692,6281.790009146266
2026-06-05 01:45:00 PM ET,284.05,285.385,284.05,285.1,6919,290.9738461538462,0.4616089361852094,-2.44916531734127,6291.514930430333
2026-06-05 02:00:00 PM ET,285.265,285.265,283.87,283.87,22430,290.25115384615384,-0.4314275692739455,-2.816026609830418,6300.12812733928
2026-06-05 02:15:00 PM ET,283.88,283.92,283.055,283.49,19582,289.52000000000004,-0.1338640927184942,-3.101846938644756,6308.341459711545
2026-06-05 02:30:00 PM ET,283.43,283.43,282.525,282.755,19334,288.7867307692308,-0.259268404529267,-3.402640084028845,6316.347957794367
2026-06-05 02:45:00 PM ET,282.73,283.92,282.06,283.92,10109,288.09134615384613,0.412017470955428,-3.6715872144877535,6325.970203177835
2026-06-05 03:00:00 PM ET,283.91,283.93,282.86,282.915,19314,287.3476923076923,-0.3539729501267907,-3.939775956801903,6334.788853290285
2026-06-05 03:15:00 PM ET,282.68,283.47,282.36,283.47,17251,286.6313461538461,0.1961719951222074,-4.168021669189266,6344.200331437748
2026-06-05 03:30:00 PM ET,283.62,283.85,283.0,283.13,25154,285.9013461538462,-0.1199421455533311,-4.44453215115163,6353.0423091386965
2026-06-05 03:45:00 PM ET,283.14,286.31,283.04,284.82,88245,285.24884615384616,0.5968989510118927,-4.644535891413362,6363.412428618953
2026-06-08 09:30:00 AM ET,286.24,290.38,283.48,284.365,16653,284.9617307692308,-0.1597500175549382,-4.694512359649211,6372.927504496215
2026-06-08 09:45:00 AM ET,284.89,285.96,284.535,285.16,8961,284.81653846153847,0.2795702706029246,-4.649995678798248,6384.857904255858
2026-06-08 10:00:00 AM ET,285.04,286.88,285.02,285.85,18809,284.6898076923077,0.2419694206761136,-4.595696275583358,6397.566496926856
2026-06-08 10:15:00 AM ET,285.85,286.11,284.45,285.38,9056,284.5901923076923,-0.1644218995976998,-4.547232462812476,6410.639299601126
2026-06-08 10:30:00 AM ET,285.68,285.72,284.7,284.82,5416,284.44942307692304,-0.1962295886186793,-4.501177771091748,6332.53248244341
2026-06-08 10:45:00 AM ET,284.86,285.48,284.43,285.11,3785,284.3167307692308,0.1018186925075603,-4.460433231219602,6345.120719643962
2026-06-08 11:00:00 AM ET,285.155,285.21,284.44,284.8,6612,284.22596153846155,-0.1087299638735883,-4.420798113710054,6330.2532880617755
2026-06-08 11:15:00 AM ET,284.905,285.025,283.33,283.33,5715,284.0821153846154,-0.5161516853932735,-4.421871173840461,6341.4707127479105
2026-06-08 11:30:00 AM ET,283.0,283.31,282.06,282.09,29088,283.9605769230769,-0.4376522076730338,-4.395491278317553,6351.352909640979
2026-06-08 11:45:00 AM ET,282.6,282.77,281.55,281.67,6405,283.815,-0.1488886525576771,-4.380386748167288,6360.599725239271
2026-06-08 12:00:00 PM ET,281.725,281.84,281.47,281.59,7176,283.7180769230769,-0.0284020307452115,-4.355028688005228,6369.975345241776
2026-06-08 12:15:00 PM ET,281.92,282.09,281.525,281.69,6741,283.6542307692308,0.0355126247381099,-4.324573578238354,6379.099629179145
2026-06-08 12:30:00 PM ET,281.84,281.99,280.98,281.92,4212,283.6353846153846,0.081650040825032,-4.275680841482016,6387.850015211536
2026-06-08 12:45:00 PM ET,282.095,282.315,281.765,281.82,7152,283.5576923076923,-0.0354710556186188,-4.251525607844783,6396.554642628974
2026-06-08 01:00:00 PM ET,281.835,281.835,280.425,280.535,8677,283.4875,-0.4559648002270822,-4.2286840672231545,6404.451849574588
2026-06-08 01:15:00 PM ET,280.5,280.51,279.91,280.42,2222,283.3773076923077,-0.0409931024649368,-4.208792517262817,6412.029177013776
2026-06-08 01:30:00 PM ET,280.57,280.73,280.05,280.64,4363,283.2561538461539,0.0784537479495028,-4.191748313163471,6419.945595903209
2026-06-08 01:45:00 PM ET,280.66,281.61,280.66,280.96,4990,283.0969230769231,0.1140250855188096,-4.191024948593431,6428.3033814602
2026-06-08 02:00:00 PM ET,281.23,281.87,281.23,281.4,1649,283.0019230769231,0.156605922551245,-4.169274486491326,6436.811572613928
2026-06-08 02:15:00 PM ET,281.43,282.05,281.43,281.795,2916,282.9367307692308,0.1403695806680982,-4.1630137939617,6445.525300646574
2026-06-08 02:30:00 PM ET,281.85,281.915,281.44,281.55,3305,282.8903846153846,-0.0869426356038927,-4.136628092897898,6454.02148132429
2026-06-08 02:45:00 PM ET,281.435,282.13,281.435,281.76,7930,282.8073076923077,0.0745871070857662,-4.14278072500426,6462.3212678207765
2026-06-08 03:00:00 PM ET,281.61,281.61,281.1,281.31,2096,282.7455769230769,-0.1597103918228204,-4.128711128845957,6470.644959566463
2026-06-08 03:15:00 PM ET,280.77,280.835,280.27,280.63,3958,282.63634615384615,-0.2417262095197547,-4.1589021438802245,6478.095087897721
2026-06-08 03:30:00 PM ET,280.82,281.62,280.82,281.09,9595,282.55788461538464,0.1639169012578767,-4.154032630902033,6485.935176510338
2026-06-08 03:45:00 PM ET,280.72,281.08,279.71,280.91,40339,282.4075,-0.0640364296132678,-4.196071346564208,6493.140844476443
2026-06-09 09:30:00 AM ET,281.13,281.135,277.79,280.53,18649,282.26,-0.1352746431241502,-4.311962179900376,6500.333192883143
2026-06-09 09:45:00 AM ET,280.7,282.85,280.52,282.39,27318,282.1534615384616,0.6630306919046092,-4.446075329837908,5532.390551147559
2026-06-09 10:00:00 AM ET,281.925,281.93,280.44,280.775,22932,281.95826923076925,-0.5719041042529849,-4.640661924996364,5447.747278900725
2026-06-09 10:15:00 AM ET,280.565,283.315,279.45,281.69,41351,281.8163461538461,0.3258837147182003,-4.7760252805944345,5453.754684193106
2026-06-09 10:30:00 AM ET,281.835,283.44,281.55,282.1,36003,281.7117307692308,0.1455500727750358,-4.91244267796797,5459.675782845396
2026-06-09 10:45:00 AM ET,281.73,281.73,278.815,281.205,16835,281.5615384615384,-0.31726338177952,-5.063118060671862,5465.632737315763
2026-06-09 11:00:00 AM ET,281.205,281.28,278.98,280.91,14689,281.411923076923,-0.1049056737966847,-5.187387134250529,5470.940114589367
2026-06-09 11:15:00 AM ET,281.05,281.05,277.09,277.19,15033,281.1757692307692,-1.324267559004677,-5.350510903129478,5473.463915455766
2026-06-09 11:30:00 AM ET,277.16,277.315,276.26,276.44,11697,280.9584615384616,-0.2705725314766094,-5.515927246606345,5461.145578715053
2026-06-09 11:45:00 AM ET,276.5,277.0,274.255,274.445,7638,280.68057692307696,-0.7216755896397031,-5.692513250706828,5461.990218230884
2026-06-09 12:00:00 PM ET,274.4,275.315,273.895,273.99,6676,280.38826923076925,-0.1657891380786647,-5.872351050216559,5462.255003605494
2026-06-09 12:15:00 PM ET,273.32,273.4,272.335,273.22,4528,280.0625,-0.2810321544581828,-6.079803936294992,5337.745264241748
2026-06-09 12:30:00 PM ET,272.915,273.9,271.68,272.45,12212,279.6982692307692,-0.2818241709977465,-6.307742160513256,5336.863564745309
2026-06-09 12:45:00 PM ET,272.57,273.8,272.32,273.8,12698,279.3898076923077,0.4955037621582114,-6.500450196086277,5336.551480241726
2026-06-09 01:00:00 PM ET,274.0,275.825,274.0,275.26,7617,279.18692307692305,0.533235938641341,-6.643914181248117,5337.327360936463
2026-06-09 01:15:00 PM ET,275.12,276.54,274.94,275.705,7759,279.0055769230769,0.1616653345927421,-6.7846881705626805,5338.526150319641
2026-06-09 01:30:00 PM ET,275.555,277.37,275.555,277.14,8637,278.8709615384616,0.5204838504923703,-6.900903789285653,5340.897134004442
2026-06-09 01:45:00 PM ET,277.02,277.02,276.335,276.85,4747,278.7128846153846,-0.1046402540232249,-7.024027654026101,5342.971775748924
2026-06-09 02:00:00 PM ET,276.62,277.46,276.62,277.46,6905,278.56134615384616,0.2203359219793865,-7.14375438861186,5345.412000725146
2026-06-09 02:15:00 PM ET,277.38,278.63,277.28,278.52,6958,278.4353846153846,0.3820370503856418,-7.245542807719352,5348.707085004924
2026-06-09 02:30:00 PM ET,278.985,278.985,277.94,277.94,6347,278.29653846153843,-0.208243573172473,-7.366035698004503,5351.550769207985
2026-06-09 02:45:00 PM ET,277.78,278.79,277.78,278.51,7411,278.1715384615385,0.2050802331438506,-7.471259730701728,5354.684796514224
2026-06-09 03:00:00 PM ET,278.27,278.71,277.745,277.745,8321,278.0344230769231,-0.2746759541847665,-7.587206386059354,5357.117782796634
2026-06-09 03:15:00 PM ET,277.79,277.86,277.145,277.51,9681,277.9144230769231,-0.0846099839781122,-7.681282279112878,5359.333354616889
2026-06-09 03:30:00 PM ET,277.505,277.625,276.625,277.14,14202,277.7625,-0.1333285287016705,-7.807794852886387,5361.150765639876
2026-06-09 03:45:00 PM ET,277.06,278.1,276.57,277.535,60852,277.6326923076923,0.1425272425489065,-7.941282481980209,5363.285953230818
2026-06-10 09:30:00 AM ET,273.18,278.51,271.72,278.4,11845,277.5507692307692,0.3116724016790417,-8.026975569538548,5365.631020859152
2026-06-10 09:45:00 AM ET,278.41,280.16,278.41,279.92,6437,277.4557692307692,0.5459770114942586,-8.12300342220947,4774.776708659389
2026-06-10 10:00:00 AM ET,279.98,279.98,278.48,278.73,6869,277.3771153846154,-0.4251214632752242,-8.194942396901526,4667.252899898999
2026-06-10 10:15:00 AM ET,279.13,280.32,279.1,279.82,4596,277.30519230769227,0.391059448211517,-8.281314544403662,4668.763170250743
2026-06-10 10:30:00 AM ET,279.53,279.82,279.07,279.11,5028,277.1901923076923,-0.2537345436351867,-8.389522587055652,4670.01302687561
2026-06-10 10:45:00 AM ET,278.74,279.235,278.0,278.575,6560,277.0890384615385,-0.1916806993658482,-8.530460654002,4670.8599247273105
2026-06-10 11:00:00 AM ET,278.45,279.07,276.26,276.26,8248,276.9101923076923,-0.831014986987344,-8.708638907628709,4669.564137500778
2026-06-10 11:15:00 AM ET,276.11,276.36,275.31,276.32,6073,276.8767307692308,0.02171867081735,-8.816278034668576,4666.705282249599
2026-06-10 11:30:00 AM ET,276.125,276.32,275.39,275.62,3060,276.84519230769234,-0.2533294730746926,-8.921916460808745,4663.249580340532
2026-06-10 11:45:00 AM ET,276.27,276.27,274.47,276.15,4683,276.91076923076923,0.1922937377548672,-8.980963158434577,4660.284327840588
2026-06-10 12:00:00 PM ET,276.02,276.03,275.5,275.58,2683,276.9719230769231,-0.2064095600217252,-9.02726876735546,4656.988482338682
2026-06-10 12:15:00 PM ET,275.72,275.83,275.67,275.79,1970,277.0707692307692,0.0762029174831369,-9.057380037563806,4653.9619188792
2026-06-10 12:30:00 PM ET,275.65,276.22,275.26,275.59,1889,277.19153846153847,-0.0725189455745511,-9.078428443853408,4651.196165661515
2026-06-10 12:45:00 PM ET,275.425,275.51,275.18,275.18,1031,277.2446153846154,-0.1487717261148713,-9.134768288085173,4647.646423234737
2026-06-10 01:00:00 PM ET,275.55,275.55,274.53,274.88,1430,277.23,-0.1090195508394509,-9.205185575048276,4643.842018727264
2026-06-10 01:15:00 PM ET,274.69,274.98,274.49,274.75,1811,277.19326923076926,-0.0472933643771766,-9.278124939243792,4639.935140011325
2026-06-10 01:30:00 PM ET,274.63,274.63,273.925,274.01,5276,277.0728846153846,-0.2693357597816193,-9.39311463126084,4636.3244211077945
2026-06-10 01:45:00 PM ET,274.08,275.03,274.08,274.895,4625,276.9976923076923,0.322980913105364,-9.485601201296456,4633.58712300504
2026-06-10 02:00:00 PM ET,274.96,275.71,274.87,275.71,5904,276.9303846153846,0.2964768366103376,-9.567852687720512,4631.297119992309
2026-06-10 02:15:00 PM ET,276.15,276.15,274.78,274.78,3329,276.78653846153844,-0.337310942657143,-9.664070164210484,4628.445341164953
2026-06-10 02:30:00 PM ET,274.6,274.6,274.26,274.29,1248,276.6461538461539,-0.1783244777640136,-9.772016962933227,4625.452194130014
2026-06-10 02:45:00 PM ET,274.03,274.575,274.02,274.57,6069,276.49461538461543,0.10208173830617,-9.890074782155954,4472.5998580256255
2026-06-10 03:00:00 PM ET,274.45,274.45,273.71,273.815,6481,276.34346153846155,-0.2749754161051831,-9.998818089349902,4469.364973054684
2026-06-10 03:15:00 PM ET,273.56,273.56,272.91,273.045,3280,276.17173076923075,-0.2812117670690006,-10.116687088402657,4465.334284574127
2026-06-10 03:30:00 PM ET,273.02,273.925,272.85,273.82,7002,276.04403846153843,0.2838359977292981,-10.199704776048977,4462.097830479428
2026-06-10 03:45:00 PM ET,273.66,274.0,272.46,272.72,26734,275.8588461538462,-0.401723760134387,-10.329354395716974,4458.1182674381935
2026-06-11 09:30:00 AM ET,267.02,272.03,267.02,271.455,8547,275.5917307692308,-0.4638457025520792,-10.483050976799406,4422.951706222462
2026-06-11 09:45:00 AM ET,271.365,274.54,271.01,273.02,7697,275.3263461538462,0.576522812252489,-10.614426903565704,4060.7916854619953
2026-06-11 10:00:00 AM ET,273.985,275.28,271.09,271.09,6407,275.0325,-0.7069079188337879,-10.765365691919223,4054.6839343217584
2026-06-11 10:15:00 AM ET,271.35,272.61,270.21,272.35,5526,274.7451923076923,0.4647902910472679,-10.916848020905103,4049.455066526722
2026-06-11 10:30:00 AM ET,272.41,273.395,271.58,272.245,4074,274.48115384615386,-0.0385533321094255,-11.128224961726394,3988.3408072369557
2026-06-11 10:45:00 AM ET,272.22,272.22,270.22,270.3,3912,274.1628846153846,-0.7144300170802032,-11.365392627813286,3122.933309426933
2026-06-11 11:00:00 AM ET,269.92,271.37,269.085,271.24,2942,273.9698076923077,0.3477617462079196,-11.541126041377934,-3112.2592579589254
2026-06-11 11:15:00 AM ET,271.41,273.04,271.41,272.505,6758,273.8230769230769,0.4663766406134639,-11.693763076875586,-3101.894669486217
2026-06-11 11:30:00 AM ET,272.15,273.055,271.87,272.21,2494,273.69192307692305,-0.1082548944056127,-11.83829143425958,-3088.8687497058872
2026-06-11 11:45:00 AM ET,272.26,273.22,272.13,272.47,4740,273.55038461538464,0.0955144924874362,-11.98736254305403,-3075.437433533734
2026-06-11 12:00:00 PM ET,272.75,272.995,272.005,272.92,1634,273.44807692307694,0.1651557969684747,-12.116790451560949,-3061.785366526826
2026-06-11 12:15:00 PM ET,272.8,272.92,272.29,272.29,3149,273.3134615384616,-0.2308368752748091,-12.261471478319226,-3048.7587749895524
2026-06-11 12:30:00 PM ET,273.05,273.05,272.78,272.78,299,273.2053846153846,0.179955194829029,-12.392687855773676,-3034.9380153363254
2026-06-11 12:45:00 PM ET,272.415,272.415,271.73,272.0,2362,273.08307692307693,-0.2859447173546359,-12.530345666095071,-3019.8285754759286
2026-06-11 01:00:00 PM ET,272.16,272.16,272.16,272.16,205,272.97846153846154,0.0588235294117778,-12.658853405543027,-3004.6515812471557
2026-06-11 01:15:00 PM ET,271.62,274.865,271.62,274.865,3424,272.9828846153846,0.993900646678414,-12.733600871002858,-2991.2514302209065
2026-06-11 01:30:00 PM ET,275.5,276.43,274.635,276.39,9422,273.0744230769231,0.5548178196569165,-12.765384203742268,-2979.231384240179
2026-06-11 01:45:00 PM ET,275.69,276.035,275.245,275.78,7064,273.10846153846154,-0.2207026303411852,-12.8249290360928,-2967.8485990521262
2026-06-11 02:00:00 PM ET,275.76,275.77,274.48,274.865,5306,273.0759615384616,-0.3317862063963894,-12.91657518236638,-2955.698234429533
2026-06-11 02:15:00 PM ET,275.04,275.77,274.77,275.32,6180,273.0967307692308,0.1655358084877933,-12.98176323300531,-2943.7295025680455
2026-06-11 02:30:00 PM ET,275.095,275.45,274.875,275.28,3051,273.1348076923077,-0.0145285485980029,-13.03810368490292,-2932.352323080846
2026-06-11 02:45:00 PM ET,275.35,275.35,275.0,275.0,1469,273.15134615384613,-0.1017146178436401,-13.104579619454675,-2920.71625487996
2026-06-11 03:00:00 PM ET,275.35,275.35,274.65,274.72,2175,273.18615384615384,-0.1018181818181696,-13.161735855212328,-2907.5843663851265
2026-06-11 03:15:00 PM ET,274.765,275.31,274.575,275.075,8249,273.2642307692308,0.1292224810716336,-13.197391418517348,-2895.014978441267
2026-06-11 03:30:00 PM ET,275.55,276.09,275.53,275.65,12345,273.3346153846154,0.209033899845501,-13.236469041630414,-2883.3970440012936
2026-06-11 03:45:00 PM ET,275.845,276.28,274.68,274.845,33950,273.4163461538461,-0.292037003446377,-13.26967114410471,-2870.8353077214715
2026-06-12 09:30:00 AM ET,277.3,277.3,267.86,267.86,13921,273.2780769230769,-2.5414324437410207,-13.409831069829805,-3195.5849714595706
2026-06-12 09:45:00 AM ET,268.4,269.81,268.02,269.6,11457,273.14653846153846,0.6495930710072484,-13.546187106479756,-3178.207916177258
2026-06-12 10:00:00 AM ET,269.33,271.505,269.33,271.31,6476,273.15500000000003,0.6342729970326255,-13.61368714989396,-3161.6767327459033
2026-06-12 10:15:00 AM ET,271.42,271.81,270.22,271.55,8653,273.12423076923073,0.088459695551224,-13.699926427806652,-3144.780632759317
2026-06-12 10:30:00 AM ET,271.5,272.86,271.5,272.125,6280,273.11961538461543,0.2117473761738209,-13.772950855675017,-3127.3026879467634
2026-06-12 10:45:00 AM ET,272.025,273.25,271.36,273.25,4606,273.2330769230769,0.413412953605885,-13.787908585100238,-3110.352683985433
2026-06-12 11:00:00 AM ET,273.34,274.63,273.34,274.46,5503,273.35692307692307,0.4428179322964354,-13.79751437475063,-3095.163031562797
2026-06-12 11:15:00 AM ET,274.86,274.96,274.33,274.43,4661,273.4309615384616,-0.0109305545434534,-13.831144596805872,-3070.3081441289364
2026-06-12 11:30:00 AM ET,274.34,274.62,273.67,273.67,6814,273.4871153846154,-0.2769376525890044,-13.873159559696315,-3045.7985747406437
2026-06-12 11:45:00 AM ET,273.53,273.53,271.34,271.34,3553,273.44365384615384,-0.851390360653359,-13.963382034341466,-3019.4496100790384
2026-06-12 12:00:00 PM ET,271.45,273.33,270.97,273.33,6586,273.4594230769231,0.7333972138276801,-14.02426528574684,-2994.1362224445083
2026-06-12 12:15:00 PM ET,273.0,273.0,271.99,272.58,3520,273.4705769230769,-0.2743935901657335,-14.086996147868309,-2970.420460106185
2026-06-12 12:30:00 PM ET,272.575,272.615,272.22,272.48,2365,273.45903846153846,-0.0366864773644337,-14.1603833734877,-2946.4767415916995
2026-06-12 12:45:00 PM ET,272.71,273.165,272.55,272.73,3823,273.4871153846154,0.0917498532002403,-14.214025203391124,-2924.701069099408
2026-06-12 01:00:00 PM ET,272.74,273.65,272.74,273.05,3034,273.52134615384614,0.1173321600117294,-14.264277098112096,-2905.315834488864
2026-06-12 01:15:00 PM ET,272.94,273.29,272.94,272.975,1704,273.44865384615383,-0.0274674967954524,-14.366267697098111,-2885.8736219466673
2026-06-12 01:30:00 PM ET,272.98,272.98,272.53,272.53,1236,273.3001923076923,-0.1630185914461179,-14.50472293207094,-2864.0426717904584
2026-06-12 01:45:00 PM ET,272.61,272.63,271.98,271.98,1216,273.15403846153845,-0.2018126444794932,-14.641527647593472,-2840.1570212234697
2026-06-12 02:00:00 PM ET,272.155,272.155,271.68,272.0,3023,273.0438461538461,0.007353481873662,-14.760254965241444,-2817.1740668014145
2026-06-12 02:15:00 PM ET,271.875,272.23,271.81,272.23,2227,272.925,0.0845588235294236,-14.882703204774538,-2792.535540770454
2026-06-12 02:30:00 PM ET,272.245,272.245,271.745,272.0,1561,272.79884615384617,-0.0844873819931701,-15.008211598792542,-2767.776964882113
2026-06-12 02:45:00 PM ET,271.91,271.91,271.14,271.14,2425,272.6503846153846,-0.3161764705882364,-15.144109216968737,-2742.6722309461074
2026-06-12 03:00:00 PM ET,271.095,271.95,271.0,271.95,3320,272.5438461538461,0.2987386589953456,-15.258980490782356,-2717.749677253295
2026-06-12 03:15:00 PM ET,271.87,272.42,271.87,272.33,1956,272.43826923076927,0.1397315683030031,-15.37287846823364,-2692.9860286226185
2026-06-12 03:30:00 PM ET,272.32,272.715,272.06,272.51,5169,272.3175,0.066096280248229,-15.49370933385227,-2668.873194598874
2026-06-12 03:45:00 PM ET,272.45,273.35,271.475,272.19,22233,272.2153846153846,-0.1174268834171154,-15.604895703540391,-2645.2813147299526
2026-06-15 09:30:00 AM ET,269.44,271.34,265.16,270.83,32572,272.3296153846153,-0.4996509790954895,-15.609613664250812,-2619.8035288080237
2026-06-15 09:45:00 AM ET,270.42,270.76,266.67,267.21,13934,272.2376923076923,-1.336631835468749,-15.714982297562342,-2683.610873903979
2026-06-15 10:00:00 AM ET,267.45,267.5,264.875,265.895,28743,272.0294230769231,-0.4921223008120923,-15.876839745466064,-2841.2665620181415
2026-06-15 10:15:00 AM ET,265.93,267.465,265.475,267.085,13982,271.85769230769233,0.4475450835856209,-16.020242746945815,-2813.183314116446
2026-06-15 10:30:00 AM ET,267.63,268.07,266.54,268.055,6932,271.70115384615383,0.3631802609656231,-16.155660148493112,-2786.7035504423657
2026-06-15 10:45:00 AM ET,268.125,269.11,267.395,269.11,7444,271.54192307692307,0.393575945235125,-16.110995467811485,-2762.049656390714
2026-06-15 11:00:00 AM ET,268.91,269.395,268.74,268.88,5755,271.3273076923077,-0.0854669094422444,-16.1222317259337,-2738.0714216577367
2026-06-15 11:15:00 AM ET,269.03,269.075,268.08,268.52,11799,271.1,-0.1338887235941777,-16.10596072210256,-2713.6399325235006
2026-06-15 11:30:00 AM ET,268.5,269.085,268.5,268.61,5057,270.9053846153846,0.0335170564576214,-16.06143052998909,-2689.06740583672
2026-06-15 11:45:00 AM ET,268.54,269.38,268.54,268.72,3618,270.8046153846154,0.0409515654666625,-16.042985334191005,-2665.7760369383523
2026-06-15 12:00:00 PM ET,268.72,269.05,268.23,268.575,5655,270.6217307692308,-0.0539595117594715,-16.073691546623596,-2642.411249821448
2026-06-15 12:15:00 PM ET,268.76,269.33,268.625,269.25,5053,270.49365384615385,0.2513264451270647,-16.150952081396618,-2618.8894541702984
2026-06-15 12:30:00 PM ET,269.34,269.635,268.58,268.58,5624,270.3436538461538,-0.248839368616538,-16.237474721337595,-2594.3728894620376
2026-06-15 12:45:00 PM ET,268.69,268.7,267.87,268.0,3457,270.1617307692308,-0.2159505547695173,-16.384821183187995,-2568.532508796874
2026-06-15 01:00:00 PM ET,268.125,268.365,268.05,268.365,3228,269.98153846153843,0.1361940298507447,-16.459450731292222,-2545.1330905060477
2026-06-15 01:15:00 PM ET,268.145,268.85,267.76,268.78,7415,269.8201923076923,0.1546401356361526,-16.47056678619533,-2519.9850831720946
2026-06-15 01:30:00 PM ET,268.845,268.845,268.18,268.265,4897,269.6561538461538,-0.1916065183421356,-16.518370186957718,-2495.5411185640282
2026-06-15 01:45:00 PM ET,268.18,268.18,267.58,267.595,3905,269.4875,-0.2497530427002958,-16.52532463548113,-2471.0821091432013
2026-06-15 02:00:00 PM ET,267.62,267.62,266.73,266.95,7165,269.2932692307692,-0.2410358937947387,-16.55218489161496,-2445.642976492324
2026-06-15 02:15:00 PM ET,267.17,267.17,266.66,266.925,5716,269.0892307692308,-0.0093650496347574,-16.599181094214014,-2420.0453857582716
2026-06-15 02:30:00 PM ET,266.98,267.23,266.76,267.08,6891,268.9,0.0580687459023954,-16.619524277926036,-2394.3327346158135
2026-06-15 02:45:00 PM ET,267.18,267.18,266.73,266.82,3282,268.7338461538462,-0.0973491088812283,-16.62565577522061,-2368.122111382123
2026-06-15 03:00:00 PM ET,266.835,267.01,266.4,266.89,5943,268.5392307692308,0.026234914923906,-16.655511908721984,-2342.2980863654802
2026-06-15 03:15:00 PM ET,267.18,267.51,266.66,267.44,5653,268.3511538461538,0.206077410168981,-16.691288928489577,-2316.8733742441773
2026-06-15 03:30:00 PM ET,267.27,267.765,267.26,267.585,9636,268.1617307692308,0.0542177684714317,-16.7102396710484,-2291.709281745146
2026-06-15 03:45:00 PM ET,267.65,268.71,267.51,268.69,35945,268.0271153846154,0.4129528934731175,-16.722473887566757,-2267.7748028490614
2026-06-16 09:30:00 AM ET,271.01,274.07,268.75,274.07,9271,268.1517307692308,2.0023074919051758,-16.616373456344622,-2247.5954892299974
2026-06-16 09:45:00 AM ET,274.16,276.55,274.05,276.0,19316,268.4898076923077,0.7041996570219311,-16.392935651381325,-2228.1535853433147
2026-06-16 10:00:00 AM ET,275.78,275.99,273.455,273.455,4672,268.7805769230769,-0.92210144927537,-16.22359587214418,-2206.6253642717893
2026-06-16 10:15:00 AM ET,273.15,273.3,270.54,270.57,3742,268.9146153846154,-1.0550181931213487,-16.148413263337268,-2183.2507338099904
2026-06-16 10:30:00 AM ET,270.87,270.89,270.07,270.76,3656,269.0186538461538,0.0702221236648537,-16.12663459179601,-2159.731973971357
2026-06-16 10:45:00 AM ET,270.59,270.83,269.87,270.07,2817,269.0555769230769,-0.2548382331215792,-16.13319747757658,-2136.1135664428643
2026-06-16 11:00:00 AM ET,270.01,270.38,269.655,270.36,5058,269.1125,0.1073795682600797,-16.118533808955966,-2112.0637075724358
2026-06-16 11:15:00 AM ET,270.38,270.6,270.03,270.39,2661,269.18442307692305,0.0110963160230737,-16.13485244069665,-2088.04567037385
2026-06-16 11:30:00 AM ET,270.28,270.46,269.71,269.97,5107,269.23673076923075,-0.1553311882835806,-16.164099155044866,-2063.9454855899917
2026-06-16 11:45:00 AM ET,269.515,270.27,269.31,270.08,5872,269.28903846153844,0.0407452679927144,-16.178906724202147,-2039.6162732769756
2026-06-16 12:00:00 PM ET,270.22,270.22,269.98,269.99,880,269.34346153846155,-0.0333234597156284,-16.176823787634632,-2014.9158073267397
2026-06-16 12:15:00 PM ET,270.1,270.52,270.07,270.52,1740,269.39230769230767,0.1963035667987611,-16.081352892905567,-1990.7356711321195
2026-06-16 12:30:00 PM ET,270.86,270.86,270.66,270.66,465,269.4723076923077,0.0517521809847876,-15.92205658277186,-1966.7831463435568
2026-06-16 12:45:00 PM ET,270.62,270.73,270.305,270.73,3154,269.5773076923077,0.0258627059779747,-15.685416300839554,-1945.737440677686
2026-06-16 01:00:00 PM ET,270.28,270.28,270.28,270.28,128,269.6509615384616,-0.1662172644332105,-15.514352038554373,-1928.5134741660577
2026-06-16 01:15:00 PM ET,270.48,270.515,270.36,270.41,533,269.7136538461539,0.0480982684623487,-15.357099346184162,-1911.9094630419352
2026-06-16 01:30:00 PM ET,270.475,270.7,270.23,270.7,851,269.8073076923077,0.1072445545652778,-15.157575259339064,-1894.594759403001
2026-06-16 01:45:00 PM ET,270.7,271.16,270.495,270.58,2127,269.9221153846154,-0.0443295160694523,-14.946694148636654,-1877.3442171309853
2026-06-16 02:00:00 PM ET,270.58,270.85,270.58,270.84,482,270.0717307692308,0.0960898809963639,-14.709238264756763,-1860.8622824948945
2026-06-16 02:15:00 PM ET,271.1,271.1,270.98,270.98,209,270.22769230769234,0.0516910352976074,-14.462852669297591,-1844.3638554891827
2026-06-16 02:30:00 PM ET,271.1,271.55,271.04,271.51,4107,270.3980769230769,0.1955863901394794,-14.189034313425664,-1828.386232840437
2026-06-16 02:45:00 PM ET,271.7,271.92,271.7,271.76,1400,270.5880769230769,0.0920776398659395,-13.900036250849038,-1812.4998553330802
2026-06-16 03:00:00 PM ET,271.67,271.67,270.375,270.41,3605,270.7234615384615,-0.4967618486900083,-13.652492951846371,-1796.786184794748
2026-06-16 03:15:00 PM ET,270.105,270.61,269.7,270.4,6290,270.8373076923077,-0.0036980880884773,-13.42583114669797,-1781.2646386444303
2026-06-16 03:30:00 PM ET,270.62,270.8,270.09,270.62,4852,270.95403846153846,0.0813609467455789,-13.186970574097408,-1765.4622671470318
2026-06-16 03:45:00 PM ET,270.71,270.75,269.82,270.75,15115,271.03326923076924,0.0480378390362856,-12.945807876631726,-1749.7537786017226
2026-06-17 09:30:00 AM ET,266.08,267.14,263.845,267.025,7983,270.7623076923077,-1.375807940904905,-12.868741699937312,-1731.4794462516613
2026-06-17 09:45:00 AM ET,267.19,268.26,266.9,267.73,6448,270.4442307692308,0.2640202228255894,-12.841002616279638,-1713.86732652456
2026-06-17 10:00:00 AM ET,266.98,267.52,265.69,266.47,3631,270.17557692307696,-0.470623389235425,-12.783878141057716,-1695.389743195669
2026-06-17 10:15:00 AM ET,266.195,266.85,265.34,265.63,3022,269.9855769230769,-0.3152324839569287,-12.705363615994203,-1713.1995401704912
2026-06-17 10:30:00 AM ET,265.83,266.075,263.81,264.27,8159,269.73596153846154,-0.5119903625343536,-12.632706451886715,-1886.2056895288783
2026-06-17 10:45:00 AM ET,264.56,264.56,263.73,264.15,2471,269.50826923076926,-0.0454081053468113,-12.54885005461298,-1881.9896607785267
2026-06-17 11:00:00 AM ET,263.9,264.9,263.715,264.9,3050,269.2982692307692,0.2839295854627943,-12.454977828628545,-1861.412432382428
2026-06-17 11:15:00 AM ET,265.06,265.655,264.87,265.655,1708,269.11615384615385,0.2850132125330251,-12.336507899456546,-1841.4133786196548
2026-06-17 11:30:00 AM ET,266.0,267.34,265.84,266.51,3074,268.98307692307696,0.3218460032749393,-12.180901703953998,-1822.3331571627782
2026-06-17 11:45:00 AM ET,266.435,266.845,266.38,266.845,2517,268.85865384615386,0.1256988480732523,-12.019196901852403,-1803.5795088736954
2026-06-17 12:00:00 PM ET,266.965,268.03,266.96,268.03,1015,268.78326923076924,0.4440780228222252,-11.857649208560044,-1785.8693627265727
2026-06-17 12:15:00 PM ET,267.59,267.95,267.59,267.95,539,268.68442307692305,-0.0298474051412145,-11.7497674232622,-1768.2823185014438
2026-06-17 12:30:00 PM ET,267.71,267.715,267.61,267.61,536,268.56711538461536,-0.126889345027048,-11.756053924928493,-1749.5951256628332
2026-06-17 12:45:00 PM ET,267.595,268.7,267.595,268.235,1735,268.47115384615387,0.2335488210455594,-11.6906184342376,-1732.7332704974526
2026-06-17 01:00:00 PM ET,267.84,268.85,267.84,268.57,2911,268.4053846153846,0.1248904878185186,-11.637645346371416,-1716.2646293616315
2026-06-17 01:15:00 PM ET,268.505,268.51,267.7,267.73,3458,268.3023076923077,-0.3127676211043595,-11.607311946787396,-1702.1307288818575
2026-06-17 01:30:00 PM ET,267.71,267.74,267.48,267.53,1330,268.18038461538464,-0.0747021252754831,-11.63244923527909,-1685.8000782316096
2026-06-17 01:45:00 PM ET,267.54,267.61,267.28,267.28,867,268.05346153846153,-0.0934474638358273,-11.67478137044172,-1669.276390726965
2026-06-17 02:00:00 PM ET,266.505,266.505,264.48,265.51,4456,267.84846153846155,-0.6622268781801832,-11.732444921170332,-1650.2016997757091
2026-06-17 02:15:00 PM ET,266.4,266.4,265.845,265.9,690,267.6530769230769,0.1468871228955448,-11.763006027447672,-1630.7357734233153
2026-06-17 02:30:00 PM ET,266.25,266.705,265.71,266.66,3244,267.46653846153845,0.2858217374953176,-11.8259373607505,-1612.8859267357452
2026-06-17 02:45:00 PM ET,266.35,266.43,265.23,265.23,3411,267.2153846153846,-0.536263406585169,-11.922226568183646,-1594.741863264388
2026-06-17 03:00:00 PM ET,265.42,265.55,264.62,264.86,2492,267.0019230769231,-0.1395015646797115,-12.001546557506426,-1576.056219137071
2026-06-17 03:15:00 PM ET,265.135,265.135,263.375,263.785,5573,266.7475,-0.405874801782069,-12.096525798981345,-1608.9826896997915
2026-06-17 03:30:00 PM ET,263.34,263.53,262.085,262.285,7234,266.42692307692306,-0.5686449191576459,-12.234676524896331,-1803.5529885113187
2026-06-17 03:45:00 PM ET,262.49,263.14,261.9,262.26,36378,266.1003846153846,-0.0095316163715164,-12.36036106175697,-1786.338354212695
2026-06-18 09:30:00 AM ET,249.13,250.91,247.22,247.23,49584,265.3390384615385,-5.73095401509952,-12.709986971805606,-3984.389236022163
2026-06-18 09:45:00 AM ET,247.365,248.15,243.755,245.33,48336,264.4775,-0.7685151478380337,-13.00988188243464,-4242.427324628466
2026-06-18 10:00:00 AM ET,245.53,246.055,245.1,245.64,14525,263.6763461538461,0.1263604125055994,-13.30381595271099,-4208.854471149303
2026-06-18 10:15:00 AM ET,245.92,247.0,244.965,245.855,14192,262.91576923076923,0.0875264614883519,-13.586374515694752,-4176.634154019319
2026-06-18 10:30:00 AM ET,245.835,248.285,245.365,246.97,12700,262.25038461538463,0.453519350836884,-13.830077161711555,-4145.436116993309
2026-06-18 10:45:00 AM ET,246.95,247.56,246.735,247.45,11345,261.60807692307696,0.1943555897477411,-14.05575138407452,-4114.794493550921
2026-06-18 11:00:00 AM ET,247.16,247.92,246.43,247.46,9471,260.9373076923077,0.0040412204485917,-14.312877635155807,-4084.308196481776
2026-06-18 11:15:00 AM ET,247.19,247.915,247.05,247.3,18108,260.2313461538462,-0.0646569142487618,-14.5886193222456,-4053.9815546129803
2026-06-18 11:30:00 AM ET,247.36,247.65,245.93,246.04,10254,259.44403846153847,-0.5095026283865822,-14.884120439132143,-4022.278452917225
2026-06-18 11:45:00 AM ET,245.855,248.525,245.855,248.525,7846,258.7394230769231,1.009998374248089,-15.164491211707636,-3992.6743587574415
2026-06-18 12:00:00 PM ET,247.56,247.94,247.18,247.27,3628,257.9409615384615,-0.5049793783321599,-15.431637519570176,-3962.1412157125997
2026-06-18 12:15:00 PM ET,247.325,249.405,247.315,249.38,10652,257.2267307692308,0.8533182351275981,-15.724101571508212,-3933.4406662490364
2026-06-18 12:30:00 PM ET,249.355,249.375,248.77,248.77,4061,256.5021153846154,-0.2446066244285782,-16.026802286909057,-3904.551387705256
2026-06-18 12:45:00 PM ET,248.83,249.845,248.78,249.705,10128,255.78942307692307,0.375849177955545,-16.396386382634226,-3876.4300282983468
2026-06-18 01:00:00 PM ET,249.41,251.66,249.41,250.38,13523,255.0898076923077,0.2703189763921365,-16.706521471361306,-3848.8419155888087
2026-06-18 01:15:00 PM ET,250.44,251.14,250.27,250.64,14968,254.43250000000003,0.1038421599169225,-16.99068549525984,-3821.5874801342734
2026-06-18 01:30:00 PM ET,250.635,251.52,250.635,251.5,6682,253.81596153846155,0.3431216086817734,-17.137303659830184,-3795.0875598267503
2026-06-18 01:45:00 PM ET,251.54,251.96,251.42,251.72,6186,253.2175,0.0874751491053649,-17.231090498896453,-3768.9427662271946
2026-06-18 02:00:00 PM ET,251.545,252.27,251.54,251.825,8591,252.6911538461538,0.0417130144604982,-17.314739443695064,-3746.29462750665
2026-06-18 02:15:00 PM ET,251.8,252.07,250.34,250.68,5785,252.10576923076923,-0.4546808299414229,-17.43871126667588,-3723.7867905219014
2026-06-18 02:30:00 PM ET,250.83,250.83,249.0,249.81,10160,251.45769230769235,-0.3470560076591633,-17.592305917469215,-3700.567852877
2026-06-18 02:45:00 PM ET,249.88,250.79,249.87,250.17,11942,250.87846153846155,0.1441095232376454,-17.713172349069655,-3678.1007609658886
2026-06-18 03:00:00 PM ET,249.65,249.77,249.24,249.54,12546,250.2892307692308,-0.2518287564456156,-17.81298114094107,-3655.009198118038
2026-06-18 03:15:00 PM ET,249.565,251.83,249.565,251.555,16875,249.81884615384612,0.807485773823835,-17.85248633634538,-3633.556275657808
2026-06-18 03:30:00 PM ET,251.49,252.26,250.93,251.32,17701,249.3971153846154,-0.0934189342291058,-17.844258554057145,-3612.4555166909486
2026-06-18 03:45:00 PM ET,251.33,251.44,248.54,249.01,85990,248.8875,-0.9191469043450584,-17.902778037834867,-3589.5922974758873
2026-06-22 09:30:00 AM ET,248.34,248.84,245.375,247.58,19799,248.9009615384615,-0.574274125537122,-17.66108173436498,-3566.2673620354994
2026-06-22 09:45:00 AM ET,247.98,249.45,247.86,249.42,16452,249.0582692307692,0.743194119072621,-17.36473815353064,-3544.408191102123
2026-06-22 10:00:00 AM ET,249.865,251.72,249.865,250.42,10937,249.24211538461535,0.4009301579664726,-17.047441952527368,-3523.8734502316247
2026-06-22 10:15:00 AM ET,249.93,249.96,248.005,248.16,5262,249.3307692307692,-0.9024838271703528,-16.796281200885144,-3501.8426285163578
2026-06-22 10:30:00 AM ET,248.005,248.29,247.2,248.03,5171,249.37153846153845,-0.0523855577047038,-16.56001711435533,-3480.090813372211
2026-06-22 10:45:00 AM ET,247.565,247.75,246.02,246.495,4069,249.3348076923077,-0.6188767487803837,-16.379079728447014,-3456.6460499128298
2026-06-22 11:00:00 AM ET,246.47,246.72,245.58,246.47,6585,249.2967307692308,-0.0101421935536194,-16.192011079676064,-3433.757905674405
2026-06-22 11:15:00 AM ET,246.22,246.61,246.19,246.25,2642,249.25634615384612,-0.0892603562299698,-16.018039075280775,-3410.4195638684346
2026-06-22 11:30:00 AM ET,246.14,246.175,245.625,245.625,6204,249.2403846153846,-0.25380710659898,-15.82056197211184,-3386.4513843613568
2026-06-22 11:45:00 AM ET,245.72,246.09,244.93,244.97,3542,249.10365384615383,-0.2666666666666706,-15.685993499306516,-3417.0568705488276
2026-06-22 12:00:00 PM ET,244.87,245.55,244.66,245.55,3800,249.0375,0.2367636853492394,-15.51330872228197,-3393.1175206124985
2026-06-22 12:15:00 PM ET,245.565,245.64,243.91,244.05,4432,248.8325,-0.610873549175317,-15.423861399731951,-3510.371351516747
2026-06-22 12:30:00 PM ET,244.22,244.415,243.965,244.355,3676,248.66269230769228,0.1249743904937483,-15.304560553924556,-3485.965749145882
2026-06-22 12:45:00 PM ET,244.4,245.38,244.375,245.38,6649,248.49634615384613,0.4194716703157297,-15.189840724309892,-3462.0459534656434
2026-06-22 01:00:00 PM ET,245.455,245.885,245.345,245.445,8003,248.30653846153848,0.0264895264487696,-15.084680850012017,-3438.5904392929974
2026-06-22 01:15:00 PM ET,246.27,246.99,246.145,246.185,6147,248.13519230769228,0.3014932062172848,-14.987730037941793,-3415.598408372858
2026-06-22 01:30:00 PM ET,245.48,245.7,244.95,245.14,3607,247.8905769230769,-0.424477527062983,-15.015345575273605,-3391.9313359282833
2026-06-22 01:45:00 PM ET,245.13,245.68,245.13,245.625,4496,247.65615384615387,0.1978461287427624,-15.070616369334344,-3368.1242123412544
2026-06-22 02:00:00 PM ET,245.65,246.38,245.34,246.38,6318,247.4467307692308,0.3073791348600529,-15.116716887957097,-3345.1491295562255
2026-06-22 02:15:00 PM ET,246.39,247.02,246.29,246.85,5395,247.29942307692303,0.190762237194586,-15.13564655861572,-3322.334264803535
2026-06-22 02:30:00 PM ET,247.0,247.195,246.59,246.65,6130,247.1778846153846,-0.0810208628721831,-15.131054224607016,-3299.174056269885
2026-06-22 02:45:00 PM ET,246.54,246.8,245.605,245.605,14189,247.00230769230768,-0.4236772754915963,-15.157513667643398,-3275.3873583822106
2026-06-22 03:00:00 PM ET,245.605,246.73,245.605,246.64,7015,246.8907692307692,0.4214083589503481,-15.1591830022527,-3252.6971457775253
2026-06-22 03:15:00 PM ET,246.53,248.35,246.53,248.14,13633,246.75942307692307,0.6081738566331429,-15.159135015982685,-3231.175577294122
2026-06-22 03:30:00 PM ET,248.145,249.15,248.0,248.35,22719,246.6451923076923,0.0846296445554894,-15.155066763517803,-3209.9868836746837
2026-06-22 03:45:00 PM ET,247.66,253.29,247.66,252.68,88006,246.78634615384615,1.7435071471713304,-15.007326835707664,-3192.825142604913
2026-06-23 09:30:00 AM ET,261.59,263.045,255.61,261.805,70334,247.33346153846156,3.61128700332436,-14.739064932231033,-3183.2410968651707
2026-06-23 09:45:00 AM ET,261.565,264.56,261.05,264.45,35985,247.91153846153844,1.0102939210481,-14.479046394478718,-3175.845637797985
2026-06-23 10:00:00 AM ET,264.325,266.29,261.66,262.325,31168,248.36942307692308,-0.8035545471733796,-14.230037167325037,-3166.8900037884464
2026-06-23 10:15:00 AM ET,262.16,263.68,261.83,263.305,34201,248.95192307692307,0.3735823882588418,-13.96768821670792,-3158.6730117533352
2026-06-23 10:30:00 AM ET,263.55,263.63,262.605,262.785,13479,249.51942307692303,-0.1974896033117401,-13.707582490377336,-3150.006248504246
2026-06-23 10:45:00 AM ET,262.9,264.085,262.565,263.565,19761,250.17596153846156,0.2968205947827984,-13.438588743701002,-3141.995586006428
2026-06-23 11:00:00 AM ET,263.59,267.28,263.57,266.76,51282,250.9563461538461,1.2122246884070265,-13.167539244386475,-3136.876663127489
2026-06-23 11:15:00 AM ET,267.04,267.435,262.96,263.905,21920,251.6353846153846,-1.0702504123556775,-12.88808498591275,-3129.666600239142
2026-06-23 11:30:00 AM ET,264.07,265.01,263.25,263.465,13188,252.32153846153844,-0.1667266630037356,-12.6242438791493,-3122.0688781745516
2026-06-23 11:45:00 AM ET,263.66,264.83,263.59,264.83,18032,253.0853846153846,0.5180953826884105,-12.367897368366435,-3115.4163260105793
2026-06-23 12:00:00 PM ET,264.74,265.46,264.21,265.14,10223,253.8388461538461,0.1170562247479578,-12.116450422398216,-3108.865444855988
2026-06-23 12:15:00 PM ET,265.01,265.32,264.57,265.145,6121,254.6501923076923,0.0018857961831431,-11.856842889835052,-3102.2023357640337
2026-06-23 12:30:00 PM ET,265.335,266.07,265.005,265.005,6298,255.4444230769231,-0.0528012974033043,-11.60273865589052,-3095.5444942520903
2026-06-23 12:45:00 PM ET,265.04,265.795,264.74,265.45,7265,256.21634615384613,0.1679213599743434,-11.3379536159951,-3089.1720795748906
2026-06-23 01:00:00 PM ET,265.39,266.1,265.3,265.87,8182,257.00192307692305,0.1582218873610985,-11.080909262615592,-3083.298816486054
2026-06-23 01:15:00 PM ET,265.83,266.27,265.725,265.84,7780,257.7578846153846,-0.0112837100838869,-10.80745138847782,-3077.6665292830417
2026-06-23 01:30:00 PM ET,265.915,266.2,265.31,265.46,5463,258.5394230769231,-0.1429431236834144,-10.535214058031617,-3071.6065918248464
2026-06-23 01:45:00 PM ET,264.55,264.85,263.09,263.44,25640,259.22461538461533,-0.7609432682890049,-10.273152889784123,-3064.1055427959554
2026-06-23 02:00:00 PM ET,263.545,264.29,262.96,264.05,11397,259.9042307692308,0.2315517764956087,-9.990739124592263,-3057.2274700517323
2026-06-23 02:15:00 PM ET,264.16,265.585,263.45,264.23,24508,260.5726923076923,0.0681689074039093,-9.721441901597222,-3049.8515995953467
2026-06-23 02:30:00 PM ET,264.135,264.78,261.02,261.02,13832,261.1253846153846,-1.2148506982553209,-9.461471343565645,-3040.6288909217183
2026-06-23 02:45:00 PM ET,260.98,262.625,260.98,262.625,14796,261.78,0.6148954103133875,-9.191267267460148,-3032.337216275363
2026-06-23 03:00:00 PM ET,262.545,263.71,262.43,262.67,13318,262.39653846153846,0.017134697762966,-8.921741744273952,-3023.962863621963
2026-06-23 03:15:00 PM ET,262.805,263.535,262.5,263.52,17387,262.98807692307696,0.323599954315279,-8.632339690022501,-3016.5795992082135
2026-06-23 03:30:00 PM ET,263.48,264.165,262.41,264.04,25609,263.59153846153845,0.1973284760170113,-8.347984628371057,-3009.721023797042
2026-06-23 03:45:00 PM ET,264.135,265.08,263.26,264.955,96063,264.06365384615384,0.3465384032722118,-8.04989929199621,-3004.906804821059
2026-06-24 09:30:00 AM ET,261.19,261.19,256.8,259.3,21136,263.96730769230766,-2.1343246966465945,-8.006152007539919,-2996.0655694414036
2026-06-24 09:45:00 AM ET,260.125,261.105,256.805,257.055,13240,263.68288461538464,-0.8657925183185533,-8.04960759262531,-2986.232117384971
2026-06-24 10:00:00 AM ET,257.0,262.095,256.22,262.095,21765,263.67403846153843,1.960669895547662,-7.944684648822732,-2980.4734037246076
2026-06-24 10:15:00 AM ET,262.4,262.725,259.65,262.725,13995,263.6517307692308,0.2403708578950336,-7.860035111993792,-2975.492844585703
2026-06-24 10:30:00 AM ET,262.78,263.665,261.0,262.415,8548,263.6375,-0.1179941002949824,-7.796584749016155,-2970.5728609309413
2026-06-24 10:45:00 AM ET,262.08,263.05,261.93,263.05,8555,263.61769230769227,0.2419831183430698,-7.74122269267922,-2965.6588993097016
2026-06-24 11:00:00 AM ET,262.83,263.245,262.56,262.88,5285,263.4684615384615,-0.0646264968637178,-7.762568321218211,-2960.1019001261984
2026-06-24 11:15:00 AM ET,263.24,263.71,262.67,262.67,5535,263.42096153846154,-0.0798843578819208,-7.726849849068732,-2954.2425111902126
2026-06-24 11:30:00 AM ET,262.765,262.765,261.82,261.9,2752,263.3607692307692,-0.2931434880268146,-7.699199892792501,-2947.2982045128147
2026-06-24 11:45:00 AM ET,261.8,262.27,261.35,262.075,3239,263.2548076923077,0.0668193967163111,-7.700890144229671,-2940.6143038101923
2026-06-24 12:00:00 PM ET,261.925,262.64,261.37,262.43,4433,263.150576923077,0.1354574072307546,-7.698652535223776,-2934.003768574587
2026-06-24 12:15:00 PM ET,262.49,263.22,262.43,262.9,4160,263.0642307692308,0.1790953778150195,-7.690688593683297,-2927.3935019499854
2026-06-24 12:30:00 PM ET,262.93,263.145,262.43,263.145,4716,262.99269230769227,0.0931913275009632,-7.672360865810647,-2921.200155846362
2026-06-24 12:45:00 PM ET,262.94,263.815,262.94,263.41,5416,262.9142307692308,0.1007049345418176,-7.6616833381,-2915.0258570997844
2026-06-24 01:00:00 PM ET,263.15,263.45,261.92,262.415,3367,262.7813461538462,-0.3777381268744606,-7.671013883268726,-2908.390817736192
2026-06-24 01:15:00 PM ET,262.575,262.575,261.425,262.1,11235,262.6375,-0.1200388697292442,-7.69121816284806,-2901.6224849911796
2026-06-24 01:30:00 PM ET,262.33,263.425,262.24,263.035,29009,262.54423076923075,0.3567340709652811,-7.697202191439683,-2895.721998059148
2026-06-24 01:45:00 PM ET,262.81,263.26,262.44,262.53,8269,262.5092307692308,-0.1919896591708547,-7.670460683665385,-2889.316115432552
2026-06-24 02:00:00 PM ET,262.54,263.61,262.54,263.61,8697,262.4923076923077,0.4113815563935752,-7.638499962969943,-2883.443504379202
2026-06-24 02:15:00 PM ET,263.5,264.97,263.45,264.87,13859,262.51692307692304,0.4779788323659995,-7.587104799466366,-2878.003999220742
2026-06-24 02:30:00 PM ET,264.96,264.96,263.7,263.945,7818,262.62942307692305,-0.3492279231321116,-7.480849457049471,-2872.3111639322215
2026-06-24 02:45:00 PM ET,263.84,264.01,262.84,263.58,8112,262.66615384615386,-0.1382863854212046,-7.416616676162696,-2865.974536906272
2026-06-24 03:00:00 PM ET,263.6,264.045,263.155,263.705,13447,262.7059615384616,0.0474239320130465,-7.33233348302344,-2860.009600639777
2026-06-24 03:15:00 PM ET,263.705,264.085,263.335,263.99,15793,262.72403846153844,0.1080753114275578,-7.294129315814042,-2854.4744180065836
2026-06-24 03:30:00 PM ET,263.65,263.87,262.62,262.685,27397,262.67192307692306,-0.4943369067010095,-7.292059599629937,-2848.800697043684
2026-06-24 03:45:00 PM ET,262.72,263.73,261.88,262.97,83160,262.5955769230769,0.1084949654529321,-7.325563580127067,-2843.3422930361526
2026-06-25 09:30:00 AM ET,266.255,266.96,260.78,261.99,20243,262.6990384615384,-0.3726660835836837,-7.26657562975286,-2837.409533882173
2026-06-25 09:45:00 AM ET,261.69,262.24,257.3,260.45,11496,262.8296153846154,-0.5878086949883676,-7.202925070351929,-2830.1265507171265
2026-06-25 10:00:00 AM ET,261.015,262.64,260.29,261.91,9081,262.8225,0.5605682472643592,-7.21444153305498,-2824.1906930894097
2026-06-25 10:15:00 AM ET,262.785,265.3,261.97,264.765,13558,262.9009615384615,1.0900691077087463,-7.166192098920525,-2820.367576140967
2026-06-25 10:30:00 AM ET,265.35,265.72,262.725,262.795,12494,262.9155769230769,-0.7440560497044446,-7.134149079416945,-2815.139293323006
2026-06-25 10:45:00 AM ET,262.94,263.43,261.89,262.125,8988,262.88,-0.2549515782263811,-7.122292671959666,-2809.5676858188012
2026-06-25 11:00:00 AM ET,261.87,262.4,258.995,259.27,8120,262.74115384615385,-1.0891750119217949,-7.142776714298448,-2801.9337869815004
2026-06-25 11:15:00 AM ET,258.61,260.59,258.61,260.42,8268,262.6546153846154,0.4435530528021036,-7.1475457858378855,-2795.2554414307674
2026-06-25 11:30:00 AM ET,260.49,261.09,260.14,260.7,8504,262.60846153846154,0.1075186237616154,-7.133698180325525,-2789.081983218886
2026-06-25 11:45:00 AM ET,260.7,261.36,260.05,260.445,4927,262.5457692307692,-0.0978135788262335,-7.109914358612582,-2782.411464723843
2026-06-25 12:00:00 PM ET,260.56,261.59,260.305,261.31,5809,262.5026923076923,0.3321238649234947,-7.0770641306484405,-2776.1307475049002
2026-06-25 12:15:00 PM ET,261.195,261.195,260.08,260.395,7954,262.40634615384613,-0.350158815200341,-7.068672300539709,-2769.5063900256623
2026-06-25 12:30:00 PM ET,260.4,260.4,259.615,259.715,6934,262.2744230769231,-0.2611417269916871,-7.078496526735065,-2762.558261264178
2026-06-25 12:45:00 PM ET,259.93,260.26,259.58,259.91,7579,262.13980769230767,0.0750823017538593,-7.084770918377541,-2755.6803709955693
2026-06-25 01:00:00 PM ET,259.8,259.87,258.7,258.97,6094,262.0073076923077,-0.3616636528028905,-7.100595801994241,-2748.3739602770806
2026-06-25 01:15:00 PM ET,259.035,259.035,258.08,258.23,7309,261.85846153846154,-0.2857473838668634,-7.110916547272432,-2740.7979300416896
2026-06-25 01:30:00 PM ET,258.3,258.35,256.975,257.03,6939,261.6275,-0.4647020098362153,-7.14337075233407,-2732.030250349004
2026-06-25 01:45:00 PM ET,256.655,257.695,256.205,257.645,11038,261.43961538461537,0.2392716803486072,-7.154353249539506,-2724.1666819573297
2026-06-25 02:00:00 PM ET,257.88,258.13,256.39,257.165,10018,261.1917307692308,-0.186302858584475,-7.189144365775579,-2716.4158874096247
2026-06-25 02:15:00 PM ET,257.205,259.815,257.2,259.815,7204,260.9973076923077,1.0304668209126344,-7.198299086134295,-2710.1644485120582
2026-06-25 02:30:00 PM ET,259.36,259.44,258.695,259.09,6176,260.8105769230769,-0.2790447048861777,-7.209229479154463,-2704.080483157547
2026-06-25 02:45:00 PM ET,258.39,258.6,257.965,258.595,6759,260.6188461538461,-0.1910533019413907,-7.209669865138415,-2697.170217706631
2026-06-25 03:00:00 PM ET,258.42,258.42,258.08,258.27,5992,260.4098076923077,-0.1256791507956656,-7.249381333688024,-2690.06749036602
2026-06-25 03:15:00 PM ET,258.27,258.27,257.375,257.755,10137,260.17,-0.1994037247841307,-7.316106147658266,-2683.3006899256707
2026-06-25 03:30:00 PM ET,257.6,258.45,257.185,257.81,15009,259.9825,0.0213380923745454,-7.359792211551356,-2676.249719204677
2026-06-25 03:45:00 PM ET,257.465,258.59,257.435,258.24,35024,259.80057692307696,0.1667894961405736,-7.398088112639868,-2669.088842415275
2026-06-26 09:30:00 AM ET,259.94,266.57,259.365,266.055,31441,259.9569230769231,3.026254646840143,-7.272300622790341,-2668.0200028246186
2026-06-26 09:45:00 AM ET,265.61,267.95,264.69,265.63,14301,260.1561538461538,-0.1597414068519764,-7.116972616350059,-2666.5454482845207
2026-06-26 10:00:00 AM ET,265.945,267.775,265.185,267.4,16143,260.3673076923077,0.6663403982983818,-6.962380304814107,-2666.2449211002413
2026-06-26 10:15:00 AM ET,267.125,268.23,267.125,267.57,6839,260.47519230769234,0.0635751682872109,-6.8576138206955575,-2666.3098274903055
2026-06-26 10:30:00 AM ET,267.66,268.97,267.6,268.765,8650,260.7048076923077,0.4466121015061386,-6.695077359927385,-2667.0938589351845
2026-06-26 10:45:00 AM ET,268.68,269.225,268.0,269.225,7776,260.9778846153846,0.1711532379588209,-6.537267917313965,-2668.5110253783355
2026-06-26 11:00:00 AM ET,269.22,269.7,268.74,269.25,6717,261.36173076923075,0.0092859132695632,-6.344478302403199,-2669.8922763384626
2026-06-26 11:15:00 AM ET,268.72,270.875,268.51,270.67,6179,261.7559615384615,0.5273909006499489,-6.132994234082654,-2671.344766498512
2026-06-26 11:30:00 AM ET,271.155,272.98,271.13,272.89,20764,262.2248076923077,0.8201869435105369,-5.898335219707578,-2673.885987353993
2026-06-26 11:45:00 AM ET,273.035,273.035,271.555,271.65,11254,262.65576923076924,-0.4543955439920921,-5.67707828044248,-2675.74148970659
2026-06-26 12:00:00 PM ET,271.77,272.23,270.44,271.3,9746,263.04,-0.1288422602613526,-5.473861878778152,-2677.6761667180463
2026-06-26 12:15:00 PM ET,271.23,271.23,270.305,270.43,7095,263.4259615384616,-0.32067821599705,-5.265170131095082,-2678.8089178943574
2026-06-26 12:30:00 PM ET,270.38,271.145,270.38,270.905,3604,263.8563461538462,0.1756461930998654,-5.048453590674347,-2680.3142647691393
2026-06-26 12:45:00 PM ET,270.39,270.975,270.3,270.955,11690,264.28115384615387,0.0184566545468056,-4.842637246606193,-2681.9642651769277
2026-06-26 01:00:00 PM ET,270.925,271.085,269.93,270.03,10347,264.70653846153846,-0.3413851008470137,-4.635288492310804,-2683.0376952028873
2026-06-26 01:15:00 PM ET,270.045,270.69,269.78,270.6,7902,265.1823076923077,0.2110876569270336,-4.431041242648403,-2684.411091318448
2026-06-26 01:30:00 PM ET,270.83,270.85,269.82,270.015,5380,265.68173076923074,-0.2161862527716329,-4.173699828340644,-2685.1501977860744
2026-06-26 01:45:00 PM ET,270.04,270.335,269.655,269.655,4990,266.1436538461539,-0.1333259263374353,-3.918530852430572,-2685.9220024094993
2026-06-26 02:00:00 PM ET,269.645,270.675,269.635,269.875,8876,266.63250000000005,0.0815857299141686,-3.69792646427793,2689.4285356911423
2026-06-26 02:15:00 PM ET,269.93,269.98,269.63,269.815,6392,267.0171153846153,-0.0222325150532665,-3.484347408065524,2692.24270051198
2026-06-26 02:30:00 PM ET,269.79,269.945,269.595,269.84,9705,267.4305769230769,0.0092656079165198,-3.263415001388262,-2694.445327149132
2026-06-26 02:45:00 PM ET,269.46,269.91,269.27,269.745,10424,267.85942307692306,-0.0352060480284466,-3.069583498955632,-2696.491625470048
2026-06-26 03:00:00 PM ET,269.755,270.32,269.75,270.32,8668,268.3228846153846,0.2131642847874815,-2.8785715449330493,-2698.755774889112
2026-06-26 03:15:00 PM ET,270.23,270.275,269.585,269.905,4088,268.79019230769234,-0.1535217519976428,-2.675744856806614,-2700.304379216691
2026-06-26 03:30:00 PM ET,269.42,270.7,269.42,270.4,8685,269.2744230769231,0.1833978622107768,-2.468916392824461,-2701.7842704772665
2026-06-26 03:45:00 PM ET,270.26,271.8,270.025,271.41,59940,269.7809615384615,0.3735207100591831,-2.2382635340647954,-2704.02663657137
2026-06-29 09:30:00 AM ET,274.58,274.795,270.06,271.3,9486,269.98269230769233,-0.0405290888323972,-2.131235535164526,-2706.468553639979
2026-06-29 09:45:00 AM ET,271.51,273.11,269.64,272.44,9281,270.2446153846154,0.4201990416512924,-1.993619406979839,2710.6042021783414
2026-06-29 10:00:00 AM ET,272.58,272.58,269.19,269.855,7987,270.33903846153845,-0.9488327705182708,-1.933508825724604,-2712.1037034319493
2026-06-29 10:15:00 AM ET,269.22,272.93,269.22,272.93,6504,270.54519230769233,1.1395008430453268,-1.8280318109126357,2716.148093230681
2026-06-29 10:30:00 AM ET,273.355,275.47,273.26,275.18,8911,270.79192307692307,0.8243872055105683,-1.704304716543574,2721.8705342035255
2026-06-29 10:45:00 AM ET,274.94,277.82,274.785,277.7,8216,271.1178846153846,0.9157642270513744,-1.5159299405068078,2729.320897448564
2026-06-29 11:00:00 AM ET,277.66,277.66,275.475,276.465,5385,271.3953846153846,-0.444724522866402,-1.33357150641824,2735.7558369101794
2026-06-29 11:15:00 AM ET,275.955,276.03,274.6,275.73,2510,271.59000000000003,-0.265856437523726,-1.1930333200933294,2741.6807653544165
2026-06-29 11:30:00 AM ET,275.74,275.74,274.26,274.705,4650,271.6598076923077,-0.3717404707503813,-1.1228940362869697,2747.019328356962
2026-06-29 11:45:00 AM ET,274.65,274.65,273.705,273.705,1736,271.73884615384617,-0.3640268651826539,-1.046294574283886,2751.8265539924923
2026-06-29 12:00:00 PM ET,273.885,275.595,273.885,274.69,5242,271.86923076923074,0.3598765093805411,-0.9429165100801624,2757.342397854254
2026-06-29 12:15:00 PM ET,274.71,275.71,274.45,275.71,2436,272.0723076923077,0.3713276784738983,-0.79872686454121,2763.511414521027
2026-06-29 12:30:00 PM ET,275.86,276.38,275.685,275.7,4328,272.2567307692307,-0.0036269993834103,-0.6742887770593982,2769.752302730898
2026-06-29 12:45:00 PM ET,275.71,276.36,275.47,275.83,3630,272.4442307692307,0.0471527022125384,-0.5489152558376369,2776.3975068512586
2026-06-29 01:00:00 PM ET,276.21,276.8,276.12,276.67,5812,272.69961538461536,0.3045354022405133,-0.386957867399752,2783.346918887691
2026-06-29 01:15:00 PM ET,276.795,276.805,276.065,276.32,3176,272.9196153846154,-0.1265044999457898,-0.2473233822964619,2789.897228559692
2026-06-29 01:30:00 PM ET,276.2,276.575,276.2,276.465,3101,273.16769230769233,0.052475390851181,-0.1471371141933679,2796.4808554449723
2026-06-29 01:45:00 PM ET,276.07,276.63,276.07,276.45,2159,273.4290384615384,-0.005425641582113,0.0095605514635637,2803.1649179188425
2026-06-29 02:00:00 PM ET,276.44,277.09,276.44,277.0,3966,273.70307692307694,0.1989509857116989,0.2003634306030771,2810.7392077505024
2026-06-29 02:15:00 PM ET,277.25,277.5,276.66,276.94,5402,273.9771153846154,-0.0216606498194993,0.3816796707634036,2819.601481042415
2026-06-29 02:30:00 PM ET,277.16,277.82,276.93,277.515,5908,274.27230769230766,0.2076262006210694,0.5690358864373041,2829.3556985617743
2026-06-29 02:45:00 PM ET,277.535,277.585,277.23,277.46,5029,274.56903846153847,-0.0198187485361156,0.7572227307008524,2838.6084659153275
2026-06-29 03:00:00 PM ET,277.465,277.9,277.345,277.83,4430,274.85788461538465,0.1333525553232961,0.9545440377294696,2847.751499471926
2026-06-29 03:15:00 PM ET,277.46,278.11,277.36,277.85,4967,275.1634615384615,0.0071986466544382,1.162488311969443,2856.5034214826087
2026-06-29 03:30:00 PM ET,277.61,277.875,277.165,277.165,5218,275.4236538461538,-0.2465359006658229,1.3397939216517731,2864.8340921551066
2026-06-29 03:45:00 PM ET,277.605,278.09,276.51,277.91,17698,275.67365384615385,0.2687929572637193,1.4886334727764765,2873.822981431406
2026-06-30 09:30:00 AM ET,272.1,274.8,271.45,274.13,13587,275.7825,-1.3601525673779369,1.5888928331589791,2880.0258240177186
2026-06-30 09:45:00 AM ET,273.91,276.165,273.55,275.775,8532,275.91076923076923,0.6000802538941308,1.6848182728223466,2887.376356071855
2026-06-30 10:00:00 AM ET,275.73,276.895,274.94,276.215,8489,276.1553846153846,0.1595503580817725,1.842084097508481,2895.089168739596
2026-06-30 10:15:00 AM ET,276.19,278.78,276.035,278.78,6849,276.38038461538457,0.9286244411056632,1.9972497091634651,2904.389473731962
2026-06-30 10:30:00 AM ET,278.91,279.52,277.335,277.335,13243,276.46326923076924,-0.5183298658440361,2.082972994871023,2912.884722255738
2026-06-30 10:45:00 AM ET,277.47,277.51,275.445,275.685,8348,276.38576923076926,-0.5949483476661688,2.0864693260258225,2920.3890633026926
2026-06-30 11:00:00 AM ET,275.605,276.64,275.435,275.845,16833,276.36192307692306,0.058037252661558,2.1164400472317744,2927.8626223346355
2026-06-30 11:15:00 AM ET,275.9,278.64,275.9,278.52,11446,276.4692307692308,0.96974750312675,2.210707502455343,2937.101474921325
2026-06-30 11:30:00 AM ET,278.705,278.705,277.73,278.07,7194,276.5986538461538,-0.1615682895303671,2.3216769571428477,2946.1937738780885
2026-06-30 11:45:00 AM ET,278.21,278.89,277.79,278.89,5883,276.7980769230769,0.2948897759556868,2.468494909754656,2956.1097518362217
2026-06-30 12:00:00 PM ET,278.75,279.1,278.75,278.99,5516,276.9634615384616,0.035856430850889,2.594835704425733,2966.321323960456
2026-06-30 12:15:00 PM ET,278.875,278.875,278.495,278.53,2521,277.0719230769231,-0.1648804616653065,2.687711787200779,2976.194615658498
2026-06-30 12:30:00 PM ET,278.615,279.5,278.525,279.24,3131,277.20807692307693,0.2549097045201787,2.8006809784806586,2986.502302068287
2026-06-30 12:45:00 PM ET,279.325,279.83,279.325,279.375,4768,277.3444230769231,0.0483455092393558,2.911803175818282,2996.9859262195046
2026-06-30 01:00:00 PM ET,279.51,279.53,279.1,279.205,3202,277.44192307692305,-0.0608501118568249,3.004264316170805,3007.3033671376697
2026-06-30 01:15:00 PM ET,279.38,279.44,279.03,279.24,3005,277.55423076923074,0.0125355921276604,3.090004464720733,3017.422860499324
2026-06-30 01:30:00 PM ET,279.27,280.54,279.06,280.245,4845,277.69961538461536,0.3599054576708171,3.127166652042332,3028.1896836820724
2026-06-30 01:45:00 PM ET,280.09,280.67,280.05,280.45,2341,277.85346153846154,0.0731502792199689,3.115496834438939,3038.673876088899
2026-06-30 02:00:00 PM ET,280.48,280.905,280.34,280.34,2503,277.98192307692307,-0.0392226778391902,3.1035988976253086,3047.0879147101086
2026-06-30 02:15:00 PM ET,280.325,281.11,280.31,281.11,6235,278.14230769230767,0.2746664764214923,3.145946663832025,3055.3425854451466
2026-06-30 02:30:00 PM ET,281.08,281.27,280.81,281.2,5907,278.28403846153844,0.0320159368218719,3.186710945057557,3064.5766573345763
2026-06-30 02:45:00 PM ET,281.065,281.525,281.065,281.47,6780,278.4382692307692,0.096017069701304,3.249972152508205,3075.0479414802558
2026-06-30 03:00:00 PM ET,281.56,282.08,281.525,281.95,11993,278.5967307692308,0.1705332717518493,3.310172288451237,3085.7743488056717
2026-06-30 03:15:00 PM ET,281.91,282.24,281.425,282.135,16558,278.76153846153846,0.0656144706508321,3.369572713106265,3096.8699547141414
2026-06-30 03:30:00 PM ET,282.125,282.53,281.83,282.205,21142,278.9553846153846,0.0248108175164407,3.4475721602597384,3107.8908695733207
2026-06-30 03:45:00 PM ET,281.89,282.365,281.21,281.22,42852,279.0826923076923,-0.3490370475363491,3.493571897079652,3118.1843543245714
2026-07-01 09:30:00 AM ET,280.37,285.14,279.6,284.97,10722,279.49961538461537,1.333475570727538,3.677320004011682,3131.266351595849
2026-07-01 09:45:00 AM ET,284.59,287.135,284.59,286.515,11337,279.9126923076923,0.5421623328771386,3.859967884352069,3145.3676269877283
2026-07-01 10:00:00 AM ET,286.73,289.96,286.73,289.735,24474,280.4326923076923,1.1238504092281554,4.046020316929359,3161.713727937565
2026-07-01 10:15:00 AM ET,289.65,290.86,288.78,290.025,13313,280.8651923076923,0.1000914628884963,4.222730332272385,3178.036461637739
2026-07-01 10:30:00 AM ET,289.52,290.425,288.23,288.9,12490,281.31,-0.3878975950349139,4.409711672193729,3193.5026214491186
2026-07-01 10:45:00 AM ET,288.18,288.995,287.88,288.78,8980,281.8136538461539,-0.0415368639667734,4.5990516490333215,3208.8339509949074
2026-07-01 11:00:00 AM ET,289.54,290.75,289.28,290.73,11533,282.38615384615383,0.675254519011026,4.780416613853552,3225.6512287047217
2026-07-01 11:15:00 AM ET,291.145,291.92,290.75,291.57,11723,282.88807692307694,0.288927871220701,4.956257996917552,3242.968575460307
2026-07-01 11:30:00 AM ET,291.735,291.735,290.35,291.27,11007,283.39576923076925,-0.1028912439551388,5.123244236680321,3259.943257490367
2026-07-01 11:45:00 AM ET,291.45,293.81,291.33,293.775,10017,283.9682692307692,0.8600267792769678,5.288420384021573,3278.645622374249
2026-07-01 12:00:00 PM ET,293.91,294.37,293.575,293.745,41127,284.53576923076923,-0.0102118968598352,5.449810670704412,3297.199133845575
2026-07-01 12:15:00 PM ET,293.11,293.11,291.93,292.74,23494,285.0823076923077,-0.3421334831231193,5.606160758700024,3314.983389182978
2026-07-01 12:30:00 PM ET,292.85,293.31,292.33,292.33,34273,285.58576923076924,-0.1400560224089742,5.775715028461629,3332.261946395036
2026-07-01 12:45:00 PM ET,292.38,292.855,291.69,291.69,32060,286.05942307692305,-0.2189306605548502,5.950283854362918,3348.981057690859
2026-07-01 01:00:00 PM ET,292.22,292.26,290.745,290.745,7973,286.5032692307692,-0.3239740820734305,6.122245811902015,3365.518988583143
2026-07-01 01:15:00 PM ET,290.85,290.98,290.44,290.7,3726,286.94403846153847,-0.0154774802662127,6.301357241539836,3382.000758183888
2026-07-01 01:30:00 PM ET,290.53,290.66,289.66,289.74,5042,287.3092307692308,-0.3302373581011264,6.53049923060546,3397.7111158194434
2026-07-01 01:45:00 PM ET,289.66,289.66,288.76,288.76,1876,287.6288461538461,-0.3382342790087755,6.749286469995773,3412.668824777451
2026-07-01 02:00:00 PM ET,288.665,288.665,286.695,288.025,8897,287.92442307692306,-0.2545366394237525,6.944110728498824,3428.4709946210505
2026-07-01 02:15:00 PM ET,288.28,288.85,288.245,288.535,3116,288.21,0.1770679628504634,7.114357831514697,3444.334204062333
2026-07-01 02:30:00 PM ET,288.5,288.5,287.75,287.765,5345,288.46250000000003,-0.2668653716187075,7.283412200294778,3460.103008516429
2026-07-01 02:45:00 PM ET,287.96,288.195,287.88,287.905,3464,288.71,0.0486508088196835,7.444231280910317,3476.2529329437916
2026-07-01 03:00:00 PM ET,287.73,287.81,287.25,287.425,6461,288.92057692307696,-0.1667216616592193,7.583133075820617,3492.5483141075356
2026-07-01 03:15:00 PM ET,287.59,287.61,287.22,287.22,6405,289.11615384615385,-0.0713229538140347,7.707802810346052,3508.71277352799
2026-07-01 03:30:00 PM ET,287.55,288.62,287.535,288.62,8103,289.36288461538464,0.487431237378999,7.8435712457956495,3525.533970444274
2026-07-01 03:45:00 PM ET,288.575,288.575,286.01,286.28,30024,289.5575,-0.8107546254590869,7.952747951737042,3540.40940845669
2026-07-02 09:30:00 AM ET,283.49,289.46,282.745,288.53,4449,289.69442307692304,0.7859438312141975,8.022898117544688,3556.50075064581
2026-07-02 09:45:00 AM ET,287.73,289.595,287.73,289.19,2730,289.7973076923077,0.2287457110179191,8.082951480091836,3572.892313965557
2026-07-02 10:00:00 AM ET,289.0,290.455,288.59,290.455,6336,289.825,0.4374286801064997,8.112770437889816,3589.683458955724
2026-07-02 10:15:00 AM ET,290.35,290.67,285.37,285.505,11302,289.6511538461539,-1.7042226850975115,8.044463554856708,3603.034501648239
2026-07-02 10:30:00 AM ET,286.84,286.84,283.575,284.35,9480,289.47615384615386,-0.4045463301868501,7.968183705685378,3615.675992208934
2026-07-02 10:45:00 AM ET,284.53,285.68,284.53,285.68,7516,289.35692307692307,0.4677334271144584,7.926872028788921,3628.9942481678736
2026-07-02 11:00:00 AM ET,285.58,285.6,283.01,285.47,5501,289.1546153846154,-0.073508821058521,7.851937809650478,3642.0160139953873
2026-07-02 11:15:00 AM ET,284.795,285.76,284.615,285.76,1319,288.93115384615385,0.1015868567625144,7.768501222613505,3655.528547238478
2026-07-02 11:30:00 AM ET,286.14,286.78,286.14,286.4,2966,288.74384615384616,0.2239641657334701,7.721104230344304,3669.5369748199428
2026-07-02 11:45:00 AM ET,286.38,286.56,285.78,286.55,2527,288.4659615384616,0.0523743016759947,7.629449479617238,3683.716087789829
2026-07-02 12:00:00 PM ET,287.11,288.425,286.46,288.245,4805,288.2544230769231,0.5915198045716163,7.566240496350423,3699.708801794633
2026-07-02 12:15:00 PM ET,287.92,288.06,287.04,287.205,1787,288.04153846153844,-0.3608041770022052,7.518419960851083,3714.7996755444005
2026-07-02 12:30:00 PM ET,286.905,286.905,285.795,286.69,1591,287.82461538461536,-0.1793144269772395,7.459296224127686,3729.216614033495
2026-07-02 12:45:00 PM ET,286.54,287.345,286.335,287.25,1672,287.65384615384613,0.195332938016679,7.431693962721433,3744.5305461485545
2026-07-02 01:00:00 PM ET,287.215,287.39,286.11,287.39,3732,287.5248076923077,0.0487380330722375,7.439818912554325,3760.049198254472
2026-07-02 01:15:00 PM ET,287.19,287.66,286.765,287.52,3967,287.4025,0.0452346984933349,7.452418355245896,3776.030854273428
2026-07-02 01:30:00 PM ET,287.535,287.7,287.0,287.45,4053,287.31442307692305,-0.0243461324429539,7.587817831768421,3792.497482060913
2026-07-02 01:45:00 PM ET,286.425,286.425,284.615,285.62,7367,287.19365384615384,-0.6366324578187421,7.707355156604072,3807.6597678440294
2026-07-02 02:00:00 PM ET,285.62,287.48,285.53,287.37,10137,287.16846153846154,0.6127021917232689,7.87059403188044,3829.887942058296
2026-07-02 02:15:00 PM ET,287.305,287.97,286.93,287.97,3062,287.1467307692308,0.2087900615930671,8.034702338145397,3853.2417300333336
2026-07-02 02:30:00 PM ET,287.795,287.91,287.205,287.6,3518,287.1403846153846,-0.1284856061395278,8.184717500403236,3876.148758590014
2026-07-02 02:45:00 PM ET,286.89,287.225,286.58,287.19,5430,287.11288461538464,-0.1425591098748402,8.318821693874746,3898.6204957715436
2026-07-02 03:00:00 PM ET,287.08,287.715,286.74,287.715,3252,287.1240384615384,0.1828058080016736,8.477868275851034,3920.9449063288566
2026-07-02 03:15:00 PM ET,287.755,287.94,287.33,287.78,1987,287.14557692307693,0.0225918009141068,8.650432918088866,3943.0602639330104
2026-07-02 03:30:00 PM ET,287.67,288.36,287.525,288.29,7441,287.1328846153846,0.1772187087358601,8.815254265212067,3965.4655657366156
2026-07-02 03:45:00 PM ET,288.25,289.25,288.075,289.22,24269,287.2459615384616,0.3225918346109857,9.029522088417869,3988.5185891216133
2026-07-06 09:30:00 AM ET,288.205,292.42,288.205,292.4,31452,287.3948076923077,1.0995090242721606,9.26774716153029,4014.2050145341054
2026-07-06 09:45:00 AM ET,292.61,296.26,292.51,295.35,11699,287.6317307692307,1.0088919288645748,9.541218509904478,4040.829408523296
2026-07-06 10:00:00 AM ET,295.81,296.425,294.23,295.91,31461,287.84153846153845,0.1896055527340401,9.804258879764074,4068.2681243380557
2026-07-06 10:15:00 AM ET,295.91,297.1,295.58,296.79,7821,288.2755769230769,0.2973877192389507,10.167588491370749,4095.3828765181897
2026-07-06 10:30:00 AM ET,297.135,298.05,295.77,295.77,12682,288.7148076923077,-0.343677347619542,10.528988771771235,4121.983679275184
2026-07-06 10:45:00 AM ET,295.5,296.895,295.5,296.51,8055,289.1313461538461,0.2501944078168838,10.867945618552026,4148.641650329974
2026-07-06 11:00:00 AM ET,297.25,297.25,296.59,296.8,6809,289.56711538461536,0.0978044585342896,11.204219975059786,4175.157809446908
2026-07-06 11:15:00 AM ET,297.255,299.02,296.42,299.0,9317,290.0763461538462,0.7412398921832875,11.542631941570631,4202.979845744064
2026-07-06 11:30:00 AM ET,299.25,299.8,298.555,299.51,16799,290.5805769230769,0.1705685618728969,11.861453832329031,4230.731269734045
2026-07-06 11:45:00 AM ET,299.58,300.645,299.495,299.88,39143,291.0932692307692,0.1235351073419988,12.195101408443268,4258.572919384862
2026-07-06 12:00:00 PM ET,299.805,300.09,298.53,298.79,12528,291.4988461538461,-0.3634787248232518,12.521867148206734,4285.575002017375
2026-07-06 12:15:00 PM ET,298.95,299.065,298.02,298.585,7203,291.9365384615384,-0.0686100605776784,12.844263556663224,4312.825589359841
2026-07-06 12:30:00 PM ET,298.45,298.97,298.205,298.87,8069,292.40500000000003,0.0954502068087892,13.176921559039087,4340.543588331815
2026-07-06 12:45:00 PM ET,298.85,299.285,298.78,299.25,5454,292.8665384615385,0.1271455816910238,13.477370674419488,4368.3008474101725
2026-07-06 01:00:00 PM ET,299.13,300.11,299.125,300.11,2456,293.3557692307692,0.2873851294904028,13.764201311106705,4396.81182425236
2026-07-06 01:15:00 PM ET,300.3,300.3,299.57,299.845,5579,293.8298076923077,-0.0883009563160119,14.07374907484353,4424.271564399907
2026-07-06 01:30:00 PM ET,299.52,299.52,298.36,298.37,4962,294.2498076923077,-0.4919208257599838,14.225163799491275,4450.76816354431
2026-07-06 01:45:00 PM ET,298.505,298.505,297.605,297.63,3020,294.7117307692308,-0.2480142105439564,14.35573401593812,4477.6194669465385
2026-07-06 02:00:00 PM ET,297.91,298.18,297.78,298.11,4732,295.1248076923077,0.161274065114414,14.45740655230726,4505.2956345619805
2026-07-06 02:15:00 PM ET,298.12,298.87,297.96,298.695,3603,295.53730769230765,0.19623628861829,14.583774933298006,4532.552398584822
2026-07-06 02:30:00 PM ET,298.9,298.9,298.555,298.75,1876,295.9661538461538,0.0184134317614992,14.729739352196866,4559.375625045028
2026-07-06 02:45:00 PM ET,299.01,299.185,298.86,298.86,2356,296.415,0.0368200836820209,14.904726058691432,4587.105141309233
2026-07-06 03:00:00 PM ET,299.175,299.68,299.035,299.035,3350,296.85038461538466,0.0585558455464152,15.073265763441206,4614.929861154358
2026-07-06 03:15:00 PM ET,299.09,300.465,299.09,300.405,5298,297.3359615384615,0.4581403514638538,15.25462655008624,4644.2125892472395
2026-07-06 03:30:00 PM ET,299.765,300.49,299.57,300.12,8603,297.79096153846154,-0.0948719229040717,15.424571461921424,4673.236784990226
2026-07-06 03:45:00 PM ET,300.155,300.3,298.965,299.49,54519,298.1859615384616,-0.2099160335865657,15.59908711303786,4701.851188847236
2026-07-07 09:30:00 AM ET,305.83,308.0,302.17,302.56,19848,298.5767307692308,1.0250759624695238,15.752182304949676,4732.680443783866
2026-07-07 09:45:00 AM ET,302.18,303.98,300.685,301.98,17817,298.83173076923083,-0.1916975145425659,15.88102147508248,4763.308837541208
2026-07-07 10:00:00 AM ET,301.64,303.47,301.08,301.08,10146,299.0305769230769,-0.2980329823167205,15.974913833214,4793.021377065459
2026-07-07 10:15:00 AM ET,301.12,303.84,300.96,303.48,14600,299.2878846153846,0.7971303308091038,16.0935600977204,4777.640112149346
2026-07-07 10:30:00 AM ET,303.465,303.79,302.365,303.335,12015,299.57884615384614,-0.0477790958218093,16.232989815389963,4687.923522457487
2026-07-07 10:45:00 AM ET,303.51,305.46,303.51,305.43,14056,299.92192307692306,0.6906555458486618,16.390125821716687,4720.319767593312
2026-07-07 11:00:00 AM ET,305.34,308.26,305.19,306.27,22552,300.2861538461538,0.2750220999901742,16.575637835235877,4753.15170527341
2026-07-07 11:15:00 AM ET,305.995,307.52,305.79,307.52,8034,300.61384615384617,0.4081366114865981,16.741475042584966,4786.41020982314
2026-07-07 11:30:00 AM ET,307.81,309.59,307.68,309.38,17491,300.9934615384616,0.6048387096774244,16.922994779600735,4749.575840453061
2026-07-07 11:45:00 AM ET,309.56,310.83,309.56,310.54,18032,301.4034615384616,0.3749434352576131,17.10057707087068,4784.83433273539
2026-07-07 12:00:00 PM ET,310.73,311.61,310.54,310.54,10385,301.85538461538465,0.0,17.289038541057682,4819.693711088436
2026-07-07 12:15:00 PM ET,310.5,310.99,310.29,310.57,8188,302.3163461538461,0.0096605912281777,17.49519237210679,4854.2903822203
2026-07-07 12:30:00 PM ET,310.665,311.405,310.165,311.01,5073,302.78326923076924,0.141674984705542,17.68588473890485,4889.159448132452
2026-07-07 12:45:00 PM ET,310.85,311.01,310.22,310.415,6710,303.2126923076923,-0.1913121764573366,17.864552294358532,4765.018372617888
2026-07-07 01:00:00 PM ET,310.77,311.075,309.83,310.07,9408,303.59576923076924,-0.1111415363304058,18.017463172434297,4569.906931137815
2026-07-07 01:15:00 PM ET,310.18,311.56,309.28,311.37,4027,304.03903846153844,0.4192601670590656,18.12739716505288,4572.154156184392
2026-07-07 01:30:00 PM ET,311.52,311.555,310.415,310.63,7121,304.5105769230769,-0.2376593763047219,18.18338343622989,3952.3609176700966
2026-07-07 01:45:00 PM ET,310.75,311.14,310.235,311.1,3917,305.0286538461538,0.1513054115829248,18.24106820861544,3339.2196147309787
2026-07-07 02:00:00 PM ET,311.19,311.725,310.255,310.98,6933,305.5236538461538,-0.038572806171655,18.298752981000984,3367.590878790795
2026-07-07 02:15:00 PM ET,311.035,311.36,310.86,310.86,3975,305.9915384615385,-0.0385876905267257,18.35214324689372,3394.8151557361425
2026-07-07 02:30:00 PM ET,310.9,310.965,310.355,310.7,3740,306.4511538461539,-0.051470115164387,18.401626665065688,3422.675633545743
2026-07-07 02:45:00 PM ET,309.85,311.085,309.85,310.68,7872,306.90576923076924,-0.0064370775667788,18.448650756853542,3450.0844083478896
2026-07-07 03:00:00 PM ET,310.5,310.53,309.29,309.47,3129,307.3071153846154,-0.3894682631646606,18.47226081940629,3476.843706611435
2026-07-07 03:15:00 PM ET,309.22,309.315,308.72,309.08,8730,307.64076923076925,-0.1260219084240899,18.466341578544483,3502.9904525754796
2026-07-07 03:30:00 PM ET,309.04,309.04,307.65,307.65,12612,307.93038461538464,-0.4626633881195774,18.44130675198017,3526.946122831584
2026-07-07 03:45:00 PM ET,307.68,308.19,305.88,306.08,41888,308.18384615384616,-0.5103201690232373,18.40066590777232,3550.8934533618813
2026-07-08 09:30:00 AM ET,299.58,301.48,296.05,300.8,25027,308.11615384615385,-1.7250392054364738,18.221188363532303,3571.4677355118242
2026-07-08 09:45:00 AM ET,300.67,301.65,297.98,299.19,10606,308.0088461538461,-0.5352393617021334,18.02503878321369,3590.4011659443427
2026-07-08 10:00:00 AM ET,299.77,301.62,299.55,301.04,13570,308.0073076923077,0.618336174337375,17.87517114265034,3610.4023374594335
2026-07-08 10:15:00 AM ET,300.69,303.77,300.69,302.775,10158,307.98019230769233,0.5763353707148422,17.714651479579665,3631.500400837187
2026-07-08 10:30:00 AM ET,302.66,302.66,301.74,302.33,6599,307.94153846153847,-0.146973825447938,17.54957766894753,3652.304031413302
2026-07-08 10:45:00 AM ET,301.545,301.69,300.36,301.38,9733,307.78576923076923,-0.3142261766943321,17.334245076974966,3672.258609916288
2026-07-08 11:00:00 AM ET,301.195,302.45,300.49,301.45,3634,307.60038461538466,0.0232264914725499,17.10660298911058,3692.0515931601535
2026-07-08 11:15:00 AM ET,300.86,301.61,299.7,300.56,4504,307.3326923076923,-0.2952396749046238,16.84381508019537,3711.214424534397
2026-07-08 11:30:00 AM ET,300.3,301.21,300.125,300.355,3763,306.9855769230769,-0.0682060154378438,16.54712080800245,3730.3343673299573
2026-07-08 11:45:00 AM ET,300.41,300.685,300.29,300.29,966,306.59134615384613,-0.0216410580812675,16.230513624991698,3750.1226297373933
2026-07-08 12:00:00 PM ET,301.14,301.765,301.055,301.765,829,306.2538461538461,0.4911918478803789,15.93912035195017,3770.6083477878246
2026-07-08 12:15:00 PM ET,302.09,302.31,302.0,302.31,1826,305.93615384615384,0.1806041124716273,15.656902348751634,3791.333882819965
2026-07-08 12:30:00 PM ET,302.6,303.18,302.6,303.18,4337,305.635,0.287784062717078,15.382444901941454,3813.7979413448065
2026-07-08 12:45:00 PM ET,303.14,303.14,302.395,302.61,3335,305.33480769230766,-0.1880071244805048,15.108959796029854,3835.2154080997893
2026-07-08 01:00:00 PM ET,302.35,302.36,301.285,301.61,3729,305.0094230769231,-0.3304583457255261,14.825026593863925,3855.8973375237974
2026-07-08 01:15:00 PM ET,301.68,303.175,301.675,302.76,5195,304.6782692307692,0.3812870926030332,14.539123781556636,3876.963526460949
2026-07-08 01:30:00 PM ET,303.49,303.49,302.5,302.5,3374,304.3655769230769,-0.0858766019289136,14.389901569025776,3897.606236514116
2026-07-08 01:45:00 PM ET,302.26,302.53,302.26,302.38,2513,304.0301923076923,-0.0396694214876092,14.278093187418236,3917.770855319379
2026-07-08 02:00:00 PM ET,302.08,302.3,301.89,302.3,4177,303.6963461538461,-0.0264567762418121,14.097487129499289,3939.9787497549837
2026-07-08 02:15:00 PM ET,302.155,302.23,302.04,302.07,1939,303.3582692307692,-0.0760833608997701,13.918537670304932,3962.8393882704368
2026-07-08 02:30:00 PM ET,302.12,302.52,302.085,302.43,2854,303.04019230769234,0.1191776740490757,13.746455034512618,3983.939989365601
2026-07-08 02:45:00 PM ET,302.58,302.82,302.18,302.23,2296,302.7151923076923,-0.0661310055219299,13.572850661610516,4004.612129762905
2026-07-08 03:00:00 PM ET,302.085,302.175,301.41,301.41,4554,302.4051923076923,-0.2713165470006218,13.438565582031243,4024.802684052006
2026-07-08 03:15:00 PM ET,301.785,302.365,301.785,302.05,3543,302.1348076923077,0.2123353571547026,13.296113202923946,4045.121534020541
2026-07-08 03:30:00 PM ET,301.935,302.84,301.935,302.685,7556,301.9438461538461,0.2102300943552348,13.19199641707684,4065.8697135996567
2026-07-08 03:45:00 PM ET,302.61,302.61,301.24,302.02,44387,301.7876923076923,-0.2197003485471804,13.114847746871236,4086.201433672622
2026-07-09 09:30:00 AM ET,285.22,294.62,284.77,293.91,26800,301.5226923076923,-2.685252632275992,12.989178847388152,4101.326014220773
2026-07-09 09:45:00 AM ET,295.0,296.27,293.675,296.27,12738,301.4103846153846,0.8029668946275992,12.92655439628388,4117.937643772853
2026-07-09 10:00:00 AM ET,296.5,296.98,295.8,296.28,7015,301.2273076923077,0.0033752995578284,12.828887103431176,4134.372336621081
2026-07-09 10:15:00 AM ET,295.54,296.03,293.91,295.855,13868,300.9611538461539,-0.1434453894964105,12.696240576434889,4150.293375533701
2026-07-09 10:30:00 AM ET,295.41,296.36,295.09,295.31,8658,300.69115384615384,-0.1842118605397957,12.575693057101129,4165.705824049086
2026-07-09 10:45:00 AM ET,295.36,295.86,293.51,295.18,5755,300.4526923076923,-0.0440215366902529,12.471914581684649,4180.884012459493
2026-07-09 11:00:00 AM ET,295.615,295.75,295.11,295.11,1839,300.20884615384614,-0.0237143437902265,12.352961653826958,4196.346344171876
2026-07-09 11:15:00 AM ET,294.98,296.355,294.98,296.0,5624,300.03346153846155,0.3015824607773387,12.249720983933766,4212.4837843005935
2026-07-09 11:30:00 AM ET,295.81,296.645,295.54,296.1,3283,299.8698076923077,0.0337837837837806,12.147197410850325,4228.285640524462
2026-07-09 11:45:00 AM ET,295.915,296.355,295.88,296.12,4273,299.7094230769231,0.0067544748395764,12.035709432018203,4244.2452384517355
2026-07-09 12:00:00 PM ET,295.92,296.38,295.19,295.26,6209,299.4592307692308,-0.2904228015669363,11.862170121813646,4259.1662757026
2026-07-09 12:15:00 PM ET,294.835,294.94,294.24,294.6,4336,299.16269230769234,-0.2235318024791599,11.68740901399906,4273.119635018716
2026-07-09 12:30:00 PM ET,294.44,294.715,294.33,294.63,4126,298.83384615384614,0.0101832993889994,11.497643928596716,4287.399423045611
2026-07-09 12:45:00 PM ET,294.705,294.705,293.39,294.05,4202,298.50461538461536,-0.1968570749753873,11.313374809364271,4301.379123085138
2026-07-09 01:00:00 PM ET,294.02,294.44,293.865,293.945,2911,298.2098076923077,-0.035708212888974,11.162373054861847,4315.196587323673
2026-07-09 01:15:00 PM ET,293.515,293.78,293.08,293.445,4467,297.8515384615385,-0.1700998486111382,10.989205718729142,4328.522723949401
2026-07-09 01:30:00 PM ET,293.76,293.76,293.27,293.415,1421,297.5021153846154,-0.0102233808720431,10.77458964255167,4342.279858177945
2026-07-09 01:45:00 PM ET,293.715,293.91,293.49,293.845,911,297.17384615384617,0.1465501082085207,10.562846788189583,4356.177797276731
2026-07-09 02:00:00 PM ET,293.745,294.335,293.645,294.14,2598,296.86,0.1003930643706629,10.39264289649762,4370.604068427006
2026-07-09 02:15:00 PM ET,294.165,294.73,294.11,294.6,2642,296.5726923076923,0.1563881145033141,10.212865347659273,4385.883950459173
2026-07-09 02:30:00 PM ET,294.53,294.85,294.47,294.47,2796,296.26653846153846,-0.0441276306856752,10.04096003435911,4400.469695251233
2026-07-09 02:45:00 PM ET,294.46,294.81,294.46,294.81,1840,295.98115384615386,0.115461676911055,9.891227046981598,4414.159695166599
2026-07-09 03:00:00 PM ET,294.57,294.7,294.5,294.61,3652,295.7196153846154,-0.06784030392456,9.778419323382876,4428.415006854752
2026-07-09 03:15:00 PM ET,294.7,294.795,294.19,294.23,4205,295.4188461538462,-0.1289840806489972,9.634713832247344,4442.620914804071
2026-07-09 03:30:00 PM ET,293.905,294.8,293.905,294.63,6848,295.1090384615385,0.1359480678380764,9.476773010893806,4458.143289051858
2026-07-09 03:45:00 PM ET,294.615,295.15,293.76,295.15,22223,294.8448076923077,0.1764925499779357,9.34369495519938,4473.526591858818
2026-07-10 09:30:00 AM ET,296.87,298.075,294.87,296.63,5027,294.94942307692304,0.501439945790283,9.372526565560197,4489.753360085279
2026-07-10 09:45:00 AM ET,296.49,297.5,296.03,296.11,6677,294.94326923076926,-0.1753025654856133,9.36460470687038,4505.675246733897
2026-07-10 10:00:00 AM ET,295.75,295.75,292.9,293.145,5142,294.8226923076923,-1.0013170781128733,9.313874798339068,4519.2030216932635
2026-07-10 10:15:00 AM ET,292.79,293.29,292.06,292.905,4996,294.7092307692308,-0.0818707465588763,9.267013766762302,4532.870563130562
2026-07-10 10:30:00 AM ET,292.67,292.725,290.16,291.56,8267,294.565,-0.4591932537853505,9.205659563233118,4545.831172570868
2026-07-10 10:45:00 AM ET,292.055,292.65,291.73,292.21,7138,294.45076923076925,0.2229386747153228,9.162007935818089,4559.1163279168795
2026-07-10 11:00:00 AM ET,292.34,292.34,291.7,291.9,2806,294.3273076923077,-0.1060880873344549,9.134951370084204,4572.50340194689
2026-07-10 11:15:00 AM ET,291.875,291.875,291.38,291.38,2128,294.1496153846154,-0.1781431997259219,9.072299492208508,4585.77119934
2026-07-10 11:30:00 AM ET,291.105,291.14,290.25,290.45,1807,293.9323076923077,-0.3191708421991901,9.006884054490879,4578.966943488994
2026-07-10 11:45:00 AM ET,290.6,290.865,290.6,290.865,310,293.73019230769233,0.1428817352384204,8.934700263354296,4592.010014264119
2026-07-10 12:00:00 PM ET,290.885,290.885,289.11,289.995,2211,293.5276923076923,-0.2991078335310204,8.860343462848123,4517.968186580653
2026-07-10 12:15:00 PM ET,290.02,290.02,289.44,289.6,599,293.3353846153846,-0.1362092449869734,8.791853020266752,4529.207981268029
2026-07-10 12:30:00 PM ET,290.09,290.09,290.09,290.09,204,293.16076923076923,0.1691988950276002,8.735771260013449,4541.020969888824
2026-07-10 12:45:00 PM ET,290.25,290.25,290.07,290.15,440,293.01076923076926,0.020683236237029,8.69867049806792,4553.0207686632475
2026-07-10 01:00:00 PM ET,290.53,290.53,289.72,289.72,427,292.84826923076923,-0.148199207306543,8.64244389893439,4564.8033358625535
2026-07-10 01:15:00 PM ET,289.8,289.8,289.435,289.64,2018,292.7019230769231,-0.027612867596316,8.592096795713196,4568.618758139358
2026-07-10 01:30:00 PM ET,289.695,289.695,289.695,289.695,239,292.55884615384616,0.0189890899047195,8.456730905450991,4517.475466317323
2026-07-10 01:45:00 PM ET,289.7,290.06,289.585,289.585,888,292.395,-0.0379709694678931,8.301229909358517,3462.511519077875
2026-07-10 02:00:00 PM ET,289.365,289.52,289.21,289.24,2531,292.20653846153846,-0.1191360049726197,8.13181336833545,3470.8201940721237
2026-07-10 02:15:00 PM ET,288.85,289.23,288.755,289.22,1923,291.99961538461537,-0.0069146729359648,7.980686756289671,3228.199781225595
2026-07-10 02:30:00 PM ET,289.32,289.32,289.06,289.06,1207,291.79153846153844,-0.0553212087684218,7.798247343571869,3211.790737429844
2026-07-10 02:45:00 PM ET,288.9,289.16,288.665,289.16,1155,291.5742307692308,0.0345948937936935,7.600931337810893,3050.9368070357223
2026-07-10 03:00:00 PM ET,289.38,289.66,289.25,289.66,1219,291.3838461538461,0.1729146493290922,7.388223227041737,2993.7565357192016
2026-07-10 03:15:00 PM ET,289.43,289.43,288.68,288.68,1315,291.17038461538465,-0.3383276945384317,7.162972367190752,2996.829017477989
2026-07-10 03:30:00 PM ET,288.595,288.595,287.86,287.95,6208,290.91346153846155,-0.2528751558819486,6.914679001728709,2946.0527554899504
2026-07-10 03:45:00 PM ET,287.96,288.63,287.535,287.535,25640,290.6205769230769,-0.1441222434450328,6.650454496038884,2951.252599380444
2026-07-13 09:30:00 AM ET,291.72,297.0,291.16,291.76,19523,290.43326923076927,1.4693863355765169,6.441910668857561,2958.5321654745767
2026-07-13 09:45:00 AM ET,292.1,292.1,289.285,289.76,13480,290.1890384615385,-0.6854949273375377,6.207448146372735,2964.8629991369376
2026-07-13 10:00:00 AM ET,289.8,295.64,289.8,294.82,13406,290.2534615384615,1.746272777471014,6.108931333992367,2974.7589332244006
2026-07-13 10:15:00 AM ET,295.4,296.165,293.8,294.07,18232,290.2982692307692,-0.2543925106844868,6.0017564625039785,2984.4322244517757
2026-07-13 10:30:00 AM ET,293.77,293.77,292.84,292.91,1936,290.3501923076923,-0.3944639031522978,5.898223803973471,2993.1068465405233
2026-07-13 10:45:00 AM ET,292.465,293.68,292.23,293.68,2818,290.4067307692308,0.26287938274554,5.797177091272037,3002.2570417041634
2026-07-13 11:00:00 AM ET,293.7,294.0,293.52,293.61,2804,290.4725,-0.0238354671751594,5.700729918324472,3011.6680801276425
2026-07-13 11:15:00 AM ET,293.825,294.57,293.785,293.785,1949,290.565,0.059602874561504,5.616903932031958,3020.9549094100207
2026-07-13 11:30:00 AM ET,293.79,293.79,293.01,293.21,4755,290.67115384615386,-0.1957213608591468,5.539663234311165,3030.032718851769
2026-07-13 11:45:00 AM ET,293.0,293.37,292.76,292.76,2687,290.7440384615384,-0.1534736195900499,5.455507924055611,3026.2893796406843
2026-07-13 12:00:00 PM ET,292.81,293.075,292.53,292.97,1271,290.85846153846154,0.0717311108074936,5.383677390859285,3035.1894864485844
2026-07-13 12:15:00 PM ET,292.83,292.84,291.41,291.41,2671,290.9280769230769,-0.5324777280950266,5.290586947200888,3043.0112250952297
2026-07-13 12:30:00 PM ET,291.28,291.9,290.985,291.89,1322,290.9973076923077,0.1647163789849193,5.197667157060378,3051.1222220490854
2026-07-13 12:45:00 PM ET,291.85,291.85,291.29,291.29,1347,291.04115384615386,-0.2055568878687075,5.093463659711735,3043.41404403736
2026-07-13 01:00:00 PM ET,291.125,291.66,290.99,290.99,1163,291.09000000000003,-0.1029901472759164,4.991926062931593,3050.668492161035
2026-07-13 01:15:00 PM ET,290.615,290.615,290.16,290.3,981,291.11538461538464,-0.2371215505687418,4.880011895766753,3057.571806072098
2026-07-13 01:30:00 PM ET,290.34,290.4,289.945,290.07,1875,291.1298076923077,-0.0792283844299079,4.817644411830547,3064.105078672719
2026-07-13 01:45:00 PM ET,289.81,289.84,289.25,289.83,2615,291.1392307692308,-0.0827386492915582,4.738407148816051,3070.073489917092
2026-07-13 02:00:00 PM ET,290.095,292.095,290.06,290.28,20442,291.1792307692308,0.1552634302867117,4.714641246166253,3076.3664020679803
2026-07-13 02:15:00 PM ET,289.96,290.12,289.53,289.86,3654,291.20384615384614,-0.1446878875568269,4.656450362074555,3081.925140277508
2026-07-13 02:30:00 PM ET,289.78,289.96,289.565,289.735,1797,291.22980769230765,-0.043124266887462,4.589136359551039,2660.0267726521265
2026-07-13 02:45:00 PM ET,289.82,289.82,289.53,289.585,2913,291.24615384615385,-0.0517714463216467,4.498266970004846,2557.980572931093
2026-07-13 03:00:00 PM ET,289.58,290.51,289.42,290.51,4093,291.27884615384613,0.3194226220280871,4.427152445933016,2562.9139744135837
2026-07-13 03:15:00 PM ET,290.51,290.83,290.21,290.21,3824,291.3376923076923,-0.103266668961488,4.388600028786035,2566.7111725385034
2026-07-13 03:30:00 PM ET,290.51,290.51,289.805,290.245,4676,291.42596153846154,0.0120602322456253,4.394193192869912,2570.9588751339875
2026-07-13 03:45:00 PM ET,290.21,291.08,289.91,290.28,36022,291.53153846153845,0.0120587779289804,4.405428649156155,2575.476464745713
2026-07-14 09:30:00 AM ET,226.135,227.145,215.755,220.86,395407,275.8903846153846,-3.012471456174237,1.7532478094385209,-10408.573456691754
2026-07-14 09:45:00 AM ET,220.78,225.39,220.0,223.51,171563,273.1942307692308,1.199855111835535,1.302250751998178,-10360.933310574228
2026-07-14 10:00:00 AM ET,223.95,224.5,218.18,218.45,139901,270.29673076923075,-2.263880810701979,0.8490867508678206,-10723.66080650841
2026-07-14 10:15:00 AM ET,218.445,219.14,216.44,219.12,98442,267.44711538461536,0.306706340123597,0.3939176791115479,-10672.305796040671
2026-07-14 10:30:00 AM ET,219.07,220.205,217.76,218.06,50061,264.57403846153846,-0.48375319459657,-0.0601561966432577,-10687.623813336419
2026-07-14 10:45:00 AM ET,218.04,218.43,216.7,216.705,69607,261.64076923076925,-0.6213886086398168,-0.5182619573683094,-10869.664583458134
2026-07-14 11:00:00 AM ET,216.69,216.69,215.0,215.08,102295,258.705,-0.7498673311644888,-0.9756144661531734,-11099.219582926975
2026-07-14 11:15:00 AM ET,215.12,215.48,213.24,214.365,108756,255.72326923076923,-0.3324344429979531,-1.4299327130045707,-11169.354344262563
2026-07-14 11:30:00 AM ET,214.4,215.32,214.15,214.38,76112,252.7651923076923,0.0069974109579318,-1.8871774044970848,-11113.756155699572
2026-07-14 11:45:00 AM ET,214.385,215.87,214.355,215.87,61046,249.87596153846155,0.6950275212239898,-2.332330587602198,-11059.51324064113
2026-07-14 12:00:00 PM ET,216.3,219.54,216.3,219.06,54994,247.13596153846157,1.4777412331495876,-2.773953898993017,-11008.297545015837
2026-07-14 12:15:00 PM ET,219.25,219.74,217.865,218.19,57567,244.3713461538462,-0.3971514653519636,-3.1805208930545765,-10956.626537283872
2026-07-14 12:30:00 PM ET,218.37,218.49,216.94,218.33,38667,241.6213461538462,0.0641642605069048,-3.590888002025165,-10904.911771448405
2026-07-14 12:45:00 PM ET,218.3,218.82,217.965,218.535,30384,238.86192307692303,0.0938945632757759,-4.0283551177374655,-10854.844869222845
2026-07-14 01:00:00 PM ET,218.45,218.93,218.0,218.85,50169,236.1307692307692,0.1441416706706055,-4.460056154541648,-10804.560440739673
2026-07-14 01:15:00 PM ET,218.81,220.76,218.05,220.405,44257,233.4642307692308,0.7105323280786058,-4.85659230351545,-10755.625375135658
2026-07-14 01:30:00 PM ET,220.4,220.67,218.24,218.71,45987,230.73826923076925,-0.7690388149089178,-5.213761951070184,-10704.315556003015
2026-07-14 01:45:00 PM ET,218.805,219.35,218.29,218.31,38718,227.9613461538461,-0.1828905857071072,-5.583131002421456,-10653.253912006772
2026-07-14 02:00:00 PM ET,218.305,218.335,217.145,217.48,74948,225.16403846153847,-0.3801933031010951,-5.983273550635331,-10602.120122751468
2026-07-14 02:15:00 PM ET,217.505,219.255,217.4,218.915,39620,222.4205769230769,0.6598307890380628,-6.387853296859993,-10552.338353979827
2026-07-14 02:30:00 PM ET,218.99,219.99,218.92,219.76,64139,219.70826923076928,0.3859945641002227,-6.808336790134868,-10502.457951392218
2026-07-14 02:45:00 PM ET,219.77,219.77,218.42,219.265,47914,219.46846153846155,-0.2252457226064819,-6.986602156334248,-10452.382007888456
2026-07-14 03:00:00 PM ET,219.475,221.36,219.265,220.56,105666,219.3092307692308,0.5906095364057284,-7.101951197159814,-10403.285184339189
2026-07-14 03:15:00 PM ET,220.515,221.38,220.005,220.155,76151,219.0967307692308,-0.1836235038084832,-7.256083591631358,-10353.878554146138
2026-07-14 03:30:00 PM ET,220.125,220.125,217.455,217.765,115532,218.78500000000005,-1.085598782675845,-7.470368133637137,-10302.547574446306
2026-07-14 03:45:00 PM ET,217.8,217.85,216.355,217.11,230675,218.37692307692308,-0.3007829541018858,-7.733810030678684,-10250.45860274319
2026-07-15 09:30:00 AM ET,220.965,223.67,220.57,221.36,84459,218.30307692307693,0.122122212673581,-7.822082883686379,-10154.049139729499
2026-07-15 09:45:00 AM ET,221.05,221.46,218.205,219.64,49588,218.34884615384615,-0.7770148174918834,-7.821387462059437,-10104.563288497311
2026-07-15 10:00:00 AM ET,219.78,221.15,219.06,219.17,35865,218.35076923076923,-0.2139865234019322,-7.841293525835703,-10054.386827739516
2026-07-15 10:15:00 AM ET,219.115,219.69,216.28,217.25,70853,218.3196153846154,-0.8760323036911877,-7.888887186907722,-10002.475685598454
2026-07-15 10:30:00 AM ET,217.585,217.77,215.12,215.86,35682,218.2871153846154,-0.6398158803222032,-7.932637828663858,-9949.421606333106
2026-07-15 10:45:00 AM ET,215.76,216.105,215.0,215.705,42655,218.31115384615384,-0.071805800055591,-7.944645808991942,-9896.05479942384
2026-07-15 11:00:00 AM ET,215.685,216.0,214.58,214.775,36083,218.32692307692307,-0.4311443870100406,-7.962575453420778,-9841.897467926412
2026-07-15 11:15:00 AM ET,214.655,215.03,214.24,214.54,26707,218.33307692307696,-0.1094168315679211,-7.987735931831879,-9787.532954943841
2026-07-15 11:30:00 AM ET,214.69,215.38,214.3,215.02,27478,218.3003846153846,0.2237345017246372,-8.043362072357915,-9733.55388109764
2026-07-15 11:45:00 AM ET,215.105,215.64,214.74,214.85,21354,218.13846153846157,-0.0790624127988137,-8.16182635826036,-9679.459255867801
2026-07-15 12:00:00 PM ET,214.94,214.995,214.0,214.01,32779,217.9776923076923,-0.3909704444961637,-8.348229035294294,-9687.3157215744
2026-07-15 12:15:00 PM ET,214.25,215.45,212.645,213.01,43055,217.7730769230769,-0.4672678846782907,-8.559865183575713,-9809.08440186725
2026-07-15 12:30:00 PM ET,213.08,213.88,211.67,212.57,31567,217.54365384615383,-0.2065630721562406,-8.791851776194497,-9830.351203747772
2026-07-15 12:45:00 PM ET,212.61,213.75,212.49,213.175,15559,217.32538461538465,0.28461212776969,-9.015030764492892,-9773.603059950816
2026-07-15 01:00:00 PM ET,213.01,213.73,212.94,213.04,27066,217.04211538461536,-0.0633282514366229,-9.278960123206817,-9715.732889704299
2026-07-15 01:15:00 PM ET,213.07,213.58,212.5,212.99,19275,216.8221153846154,-0.0234697709350251,-9.5034811227361,-9657.838636262783
2026-07-15 01:30:00 PM ET,213.06,213.82,212.835,213.475,20346,216.63615384615383,0.2277102211371451,-9.706517497292152,-9600.909385761865
2026-07-15 01:45:00 PM ET,213.44,213.77,213.0,213.68,20586,216.49,0.09602998009135,-9.884503271612749,-9544.334025217911
2026-07-15 02:00:00 PM ET,213.72,214.1,213.21,213.37,18332,216.2767307692308,-0.1450767502807926,-10.103285982209329,-9486.917991080993
2026-07-15 02:15:00 PM ET,213.445,213.865,212.94,213.73,10524,216.0448076923077,0.1687210010779427,-10.333015806194377,-9429.67500665454
2026-07-15 02:30:00 PM ET,213.64,213.95,212.215,212.255,24795,215.7751923076923,-0.690123052449354,-10.58545540000507,-9427.329290521386
2026-07-15 02:45:00 PM ET,212.255,212.69,211.93,212.6,31706,215.46903846153845,0.1625403406280146,-10.859928244130712,-9368.52550054847
2026-07-15 03:00:00 PM ET,212.67,213.57,212.535,213.56,27567,215.21538461538464,0.4515522107243708,-11.101384100760772,-9310.761799151494
2026-07-15 03:15:00 PM ET,213.56,213.58,212.4,213.215,28584,215.0403846153846,-0.1615471061996665,-11.29356236359525,-9253.143106614989
2026-07-15 03:30:00 PM ET,213.37,213.5,212.06,212.06,40689,214.84615384615384,-0.5417067279506638,-11.496316871552402,-9229.446998596242
2026-07-15 03:45:00 PM ET,212.04,212.12,211.035,211.085,127853,214.4613461538461,-0.4597755352258814,-11.81592217880246,-9344.628266673977
2026-07-16 09:30:00 AM ET,208.23,208.23,204.955,205.305,100213,213.8438461538462,-2.738233413080038,-12.256775423858636,-10330.000266572755
2026-07-16 09:45:00 AM ET,204.97,205.76,204.51,204.76,30589,213.27153846153848,-0.2654587077762449,-12.664129425429763,-10365.984072146046
2026-07-16 10:00:00 AM ET,204.65,206.29,204.55,205.59,39796,212.7492307692308,0.4053526079312419,-13.034536208946232,-10302.769220197024
2026-07-16 10:15:00 AM ET,205.68,207.72,205.57,207.6,38950,212.3780769230769,0.9776740113818684,-13.307707125705363,-10241.974370663334
2026-07-16 10:30:00 AM ET,207.49,208.885,207.145,208.825,28450,212.1075,0.5900770712909509,-13.509722948695329,-10182.74151997925
2026-07-16 10:45:00 AM ET,208.745,209.85,208.61,209.755,47887,211.87865384615387,0.4453489764156604,-13.683945502874325,-10124.349291052862
2026-07-16 11:00:00 AM ET,209.7,211.59,209.61,211.115,42762,211.7378846153846,0.6483754856856816,-13.793838244776804,-10067.642827051677
2026-07-16 11:15:00 AM ET,211.135,213.795,211.135,213.32,26947,211.69096153846152,1.0444544442602233,-13.840838359049556,-10013.089396114383
2026-07-16 11:30:00 AM ET,213.28,213.83,212.37,212.55,28980,211.59596153846152,-0.3609600600037455,-13.929603330411473,-9958.098392047781
2026-07-16 11:45:00 AM ET,212.57,213.185,212.11,213.155,35334,211.53076923076924,0.2846389084921075,-13.987256732139038,-9903.867154232319
2026-07-16 12:00:00 PM ET,213.48,214.2,212.93,213.785,18829,211.5221153846154,0.2955595693274748,-13.995763036973871,-9849.86067010409
2026-07-16 12:15:00 PM ET,213.785,214.48,213.34,214.21,23312,211.5682692307693,0.1987978576607485,-13.961767313166682,-9797.181780590481
2026-07-16 12:30:00 PM ET,214.315,216.71,214.315,216.63,31554,211.72442307692307,1.1297325054852705,-13.841181122984926,-9746.085479310299
2026-07-16 12:45:00 PM ET,216.63,218.02,215.985,217.82,32956,211.90307692307692,0.5493237317084398,-13.66049709581046,-9695.97143129266
2026-07-16 01:00:00 PM ET,217.65,218.095,216.445,217.81,31961,212.08653846153845,-0.0045909466531934,-13.476980939680494,-9645.526379666406
2026-07-16 01:15:00 PM ET,217.735,218.53,217.59,218.135,26646,212.28442307692305,0.1492126165006047,-13.297658666674172,-9597.206265812783
2026-07-16 01:30:00 PM ET,218.13,218.275,217.29,217.615,26205,212.44365384615384,-0.2383844866710949,-13.12401548233517,-9548.919794879606
2026-07-16 01:45:00 PM ET,217.61,217.875,217.455,217.87,18277,212.6048076923077,0.1171794223743694,-12.944738255092194,-9500.509326880601
2026-07-16 02:00:00 PM ET,217.8,219.465,217.62,219.21,23846,212.8294230769231,0.6150456694359097,-12.734417114010924,-9453.506383397498
2026-07-16 02:15:00 PM ET,219.23,219.6,219.07,219.07,26763,213.03480769230768,-0.0638656995575082,-12.515891956531856,-9406.379758761312
2026-07-16 02:30:00 PM ET,219.075,219.62,218.67,219.51,36761,213.31384615384616,0.2008490436846699,-12.267118689259016,-9359.537487768623
2026-07-16 02:45:00 PM ET,219.56,219.585,219.01,219.28,30931,213.57076923076923,-0.104778825566032,-12.032598463518502,-9312.539370045983
2026-07-16 03:00:00 PM ET,219.17,219.44,218.37,218.61,38794,213.765,-0.3055454213790498,-11.836963581170169,-9264.448397549157
2026-07-16 03:15:00 PM ET,218.585,218.7,217.465,217.73,46143,213.93865384615387,-0.4025433420246194,-11.665328260025492,-9216.020898099308
2026-07-16 03:30:00 PM ET,217.61,218.205,217.46,217.9,45316,214.16326923076923,0.0780783539245932,-11.472005661827655,-9168.038589627038
2026-07-16 03:45:00 PM ET,217.985,219.9,217.985,219.145,158481,214.47326923076923,0.5713630105552925,-11.227613494268,-9121.110698914232
2026-07-17 09:30:00 AM ET,215.38,216.98,213.705,214.05,30256,214.80961538461537,-2.3249446713363264,-10.976134633182667,-9069.537296907922
2026-07-17 09:45:00 AM ET,214.055,215.29,213.55,215.12,20150,215.20807692307696,0.4998832048586754,-10.717594969851284,-9019.03350916957
2026-07-17 10:00:00 AM ET,215.305,215.41,213.21,214.22,21933,215.54,-0.4183711416883673,-10.484510967110731,-8967.831052254034
2026-07-17 10:15:00 AM ET,214.6,215.7,214.095,214.17,25729,215.7926923076923,-0.0233404910839341,-10.301992200256338,-8917.335181584533
2026-07-17 10:30:00 AM ET,213.57,214.575,213.45,214.28,9030,216.0025,0.0513610683102294,-10.15004515298287,-8866.448305547345
2026-07-17 10:45:00 AM ET,213.81,214.28,213.37,213.55,11759,216.14846153846156,-0.3406757513533698,-10.03300931122812,-8814.788100429596
2026-07-17 11:00:00 AM ET,213.46,214.065,211.41,211.41,13870,216.15980769230768,-1.002107234839622,-10.00821835782051,-8761.360744705134
2026-07-17 11:15:00 AM ET,211.43,211.44,210.22,210.91,15616,216.06711538461545,-0.2365072607729001,-10.050006614555658,-8707.72452469884
2026-07-17 11:30:00 AM ET,210.88,212.08,210.57,211.11,16713,216.0117307692308,0.0948271774690701,-10.060746395829783,-8654.218950939952
2026-07-17 11:45:00 AM ET,210.93,211.82,210.62,211.68,19245,215.955,0.2700014210601065,-10.101352822946977,-8601.353496133375
2026-07-17 12:00:00 PM ET,211.75,211.97,211.065,211.78,17773,215.8778846153846,0.0472411186696941,-10.162636428798413,-8548.52850362238
2026-07-17 12:15:00 PM ET,211.9,212.85,211.73,212.285,9780,215.8038461538461,0.238455000472193,-10.242133526502824,-8495.981940004074
2026-07-17 12:30:00 PM ET,212.315,213.855,212.315,213.82,8778,215.6957692307692,0.7230845325859159,-10.336059670788249,-8443.910400576913
2026-07-17 12:45:00 PM ET,213.74,214.32,213.44,213.655,8679,215.5355769230769,-0.0771677111589097,-10.513595228763409,-8390.809325398775
2026-07-17 01:00:00 PM ET,213.65,214.35,213.54,214.18,5811,215.39596153846156,0.2457232454190272,-10.67891784642102,-8338.139425954789
2026-07-17 01:15:00 PM ET,213.94,214.05,213.685,213.685,6181,215.2248076923077,-0.2311140162480129,-10.857865147976415,-8284.839780480886
2026-07-17 01:30:00 PM ET,213.85,214.31,212.83,212.83,11495,215.04076923076929,-0.4001216744273117,-11.04855812792187,-8231.212069284453
2026-07-17 01:45:00 PM ET,212.77,212.86,211.875,212.05,13944,214.81692307692308,-0.3664896866043321,-11.267147387366023,-8176.732256796549
2026-07-17 02:00:00 PM ET,211.97,212.405,211.83,212.15,5996,214.54538461538465,0.0471586889884356,-11.514785762394448,-8122.382941524282
2026-07-17 02:15:00 PM ET,212.175,212.175,211.29,211.47,7771,214.2530769230769,-0.3205279283525875,-11.774787809906096,-8066.789747751482
2026-07-17 02:30:00 PM ET,211.605,211.645,211.1,211.185,7471,213.9328846153846,-0.1347708894878674,-12.040297029075871,-8010.895078325409
2026-07-17 02:45:00 PM ET,211.285,211.77,211.265,211.525,8908,213.6346153846154,0.1609962828799327,-12.298854469909102,-7955.338384025256
2026-07-17 03:00:00 PM ET,211.59,211.59,210.99,211.15,14704,213.3476923076923,-0.1772840089823923,-12.553938455546366,-7899.928556634369
2026-07-17 03:15:00 PM ET,211.18,211.52,211.06,211.19,17018,213.09615384615384,0.0189438787591811,-12.786371146471394,-7844.763289199295
2026-07-17 03:30:00 PM ET,211.22,212.305,211.22,211.97,25841,212.8680769230769,0.3693356693025285,-13.003575308565711,-7790.378274492193
2026-07-17 03:45:00 PM ET,211.97,212.68,211.9,212.67,100569,212.6190384615384,0.3302354106713201,-13.233356767547832,-7736.662961925518
