date,next_date,symbol,entry_price,exit_price,shares,pnl,sort_val
2024-07-29,2024-07-30,RITES.NS,379.58,377.48,52,-109.2,13.79
2024-07-29,2024-07-30,BANDHANBNK.NS,218.87,219.77,91,81.9,13.6987
2024-07-29,2024-07-30,MAZDOCK.NS,2670.2,2684.52,7,100.27,9.9266
2024-07-29,2024-07-30,RVNL.NS,606.3,614.45,32,260.8,9.7674
2024-07-29,2024-07-30,IRCON.NS,299.1,295.15,66,-260.7,8.9221
2024-07-30,2024-07-31,PARADEEP.NS,94.49,91.84,211,-559.15,10.0128
2024-07-30,2024-07-31,ADANIENSOL.NS,1124.9,1138.05,17,223.55,6.9347
2024-07-30,2024-07-31,NAVINFLUOR.NS,3771.15,3800.95,5,149.0,5.6108
2024-07-30,2024-07-31,COHANCE.NS,943.95,997.2,21,1118.25,5.2576
2024-07-30,2024-07-31,GRSE.NS,2439.5,2405.55,8,-271.6,4.9992
2024-07-31,2024-08-01,TBOTEK.NS,1836.25,1769.0,10,-672.5,6.1723
2024-07-31,2024-08-01,KEC.NS,925.35,906.85,21,-388.5,4.5534
2024-07-31,2024-08-01,BLUEDART.NS,8175.55,8219.15,2,87.2,4.1916
2024-07-31,2024-08-01,PNBHOUSING.NS,805.5,809.55,25,101.25,3.2758
2024-07-31,2024-08-01,GRAPHITE.NS,532.2,529.1,37,-114.7,2.1791
2024-08-01,2024-08-02,CGCL.NS,225.55,214.03,88,-1013.76,7.9342
2024-08-01,2024-08-02,ATGL.NS,915.55,908.9,21,-139.65,2.2333
2024-08-01,2024-08-02,THERMAX.NS,5180.2,4984.3,3,-587.7,2.1373
2024-08-01,2024-08-02,TATACONSUM.NS,1208.35,1193.65,16,-235.2,1.6317
2024-08-01,2024-08-02,GILLETTE.NS,7941.95,7981.9,2,79.9,1.4985
2024-08-02,2024-08-05,NAUKRI.NS,1444.1,1394.75,13,-641.55,4.5775
2024-08-05,2024-08-06,DEVYANI.NS,181.27,179.95,107,-141.24,1.923
2024-08-06,2024-08-07,KPRMILL.NS,945.55,940.9,20,-93.0,14.3764
2024-08-06,2024-08-07,BLS.NS,385.1,384.35,50,-37.5,10.06
2024-08-06,2024-08-07,GRAVITA.NS,1711.4,1765.85,11,598.95,5.7268
2024-08-06,2024-08-07,TRITURBINE.NS,619.45,638.5,31,590.55,3.9956
2024-08-06,2024-08-07,GPIL.NS,223.6,229.04,86,467.84,3.8551
2024-08-07,2024-08-08,SARDAEN.NS,277.45,284.0,71,465.05,12.1463
2024-08-07,2024-08-08,TEJASNET.NS,1290.45,1234.85,15,-834.0,12.1107
2024-08-07,2024-08-08,HFCL.NS,137.9,136.44,142,-207.32,11.5245
2024-08-07,2024-08-08,RKFORGE.NS,931.7,933.55,21,38.85,8.2302
2024-08-07,2024-08-08,ONGC.NS,329.1,322.7,59,-377.6,7.5139
2024-08-08,2024-08-09,CEMPRO.NS,534.65,558.1,36,844.2,10.705
2024-08-08,2024-08-09,HONASA.NS,496.35,473.65,39,-885.3,8.8726
2024-08-08,2024-08-09,BSE.NS,866.6,883.5,22,371.8,8.3905
2024-08-08,2024-08-09,KFINTECH.NS,909.0,1075.35,21,3493.35,7.7717
2024-08-08,2024-08-09,CRISIL.NS,4471.55,4415.85,4,-222.8,5.3654
2024-08-09,2024-08-12,NBCC.NS,123.19,121.19,164,-329.09,9.2979
2024-08-09,2024-08-12,AFFLE.NS,1595.2,1561.5,12,-404.4,7.6238
2024-08-09,2024-08-12,GODFRYPHLP.NS,1476.68,1481.52,13,62.83,7.3249
2024-08-09,2024-08-12,ABSLAMC.NS,695.75,696.9,29,33.35,6.2052
2024-08-09,2024-08-12,BBTC.NS,2363.35,2310.1,8,-426.0,5.7593
2024-08-12,2024-08-13,INOXWIND.NS,208.55,215.78,96,694.08,19.6981
2024-08-12,2024-08-13,RVNL.NS,575.85,569.45,34,-217.6,11.1358
2024-08-12,2024-08-13,VOLTAS.NS,1582.55,1573.35,12,-110.4,10.7569
2024-08-12,2024-08-13,JUBLFOOD.NS,651.35,644.2,30,-214.5,8.7577
2024-08-12,2024-08-13,TITAGARH.NS,1448.6,1397.65,13,-662.35,7.4071
2024-08-13,2024-08-14,KAYNES.NS,4702.0,4868.8,4,667.2,9.3755
2024-08-13,2024-08-14,OLECTRA.NS,1653.4,1642.7,12,-128.4,7.1584
2024-08-13,2024-08-14,BLUESTARCO.NS,1713.7,1723.75,11,110.55,5.9409
2024-08-13,2024-08-14,FORTIS.NS,517.1,522.15,38,191.9,3.5339
2024-08-13,2024-08-14,HEG.NS,433.95,401.35,45,-1467.0,3.2895
2024-08-14,2024-08-16,CHENNPETRO.NS,965.7,981.6,20,318.0,7.8874
2024-08-14,2024-08-16,PAYTM.NS,538.8,564.25,36,916.2,6.4507
2024-08-14,2024-08-16,POLICYBZR.NS,1574.05,1691.95,12,1414.8,6.1646
2024-08-14,2024-08-16,CYIENT.NS,1734.9,1785.25,11,553.85,3.9391
2024-08-14,2024-08-16,SBFC.NS,84.61,84.11,234,-117.0,3.8669
2024-08-16,2024-08-19,PGEL.NS,490.1,519.85,41,1219.75,12.3696
2024-08-16,2024-08-19,ZENSARTECH.NS,797.6,782.55,25,-376.25,7.7328
2024-08-16,2024-08-19,MPHASIS.NS,2910.95,2977.7,7,467.25,7.0655
2024-08-16,2024-08-19,POWERINDIA.NS,11828.7,12346.2,1,517.5,6.367
2024-08-16,2024-08-19,CARTRADE.NS,878.85,883.5,23,106.95,6.2054
2024-08-19,2024-08-20,IIFL.NS,454.05,459.9,45,263.25,12.1249
2024-08-19,2024-08-20,ECLERX.NS,1349.35,1344.38,15,-74.62,8.497
2024-08-19,2024-08-20,ANGELONE.NS,234.12,269.69,88,3130.16,8.3814
2024-08-19,2024-08-20,CAMS.NS,909.38,882.01,22,-602.14,6.4175
2024-08-19,2024-08-20,VBL.NS,603.36,596.64,34,-228.48,6.0871
2024-08-20,2024-08-21,TORNTPOWER.NS,1797.35,1723.1,11,-816.75,7.4456
2024-08-20,2024-08-21,SHYAMMETL.NS,762.35,763.25,27,24.3,6.3769
2024-08-20,2024-08-21,JSWENERGY.NS,709.9,719.9,30,300.0,6.185
2024-08-20,2024-08-21,GABRIEL.NS,534.25,537.1,39,111.15,5.4996
2024-08-20,2024-08-21,SBILIFE.NS,1761.3,1800.6,12,471.6,5.3693
2024-08-21,2024-08-22,AWL.NS,393.55,380.5,54,-704.7,9.9916
2024-08-21,2024-08-22,DEEPAKFERT.NS,1052.0,1062.0,20,200.0,9.6176
2024-08-21,2024-08-22,NYKAA.NS,210.79,210.42,101,-37.37,9.4331
2024-08-21,2024-08-22,ABREL.NS,2306.3,2335.35,9,261.45,7.19
2024-08-21,2024-08-22,CASTROLIND.NS,268.5,270.85,79,185.65,7.1001
2024-08-22,2024-08-23,KALYANKJIL.NS,596.4,588.9,35,-262.5,9.5417
2024-08-22,2024-08-23,JYOTICNC.NS,1222.25,1264.1,17,711.45,8.548
2024-08-22,2024-08-23,JUBLINGREA.NS,692.0,675.8,30,-486.0,8.1588
2024-08-22,2024-08-23,IREDA.NS,257.1,260.3,82,262.4,7.5957
2024-08-22,2024-08-23,FACT.NS,1012.6,993.7,21,-396.9,6.2874
2024-08-23,2024-08-26,RAILTEL.NS,497.3,503.1,42,243.6,5.4272
2024-08-23,2024-08-26,APARINDS.NS,8950.25,8992.15,2,83.8,5.0684
2024-08-23,2024-08-26,PFOCUS.NS,150.41,157.84,141,1047.63,4.9983
2024-08-23,2024-08-26,TARIL.NS,372.65,365.8,57,-390.45,4.994
2024-08-23,2024-08-26,KPIL.NS,1298.25,1307.1,16,141.6,3.6982
2024-08-26,2024-08-27,JMFINANCIL.NS,102.55,103.93,209,288.42,11.8077
2024-08-26,2024-08-27,HONASA.NS,508.85,511.4,42,107.1,8.5894
2024-08-26,2024-08-27,NATIONALUM.NS,181.98,185.53,118,418.9,5.0936
2024-08-26,2024-08-27,PTCIL.NS,14028.0,14729.4,1,701.4,5.0
2024-08-26,2024-08-27,HOMEFIRST.NS,1092.75,1099.3,19,124.45,3.6715
2024-08-27,2024-08-28,ZEEL.NS,150.83,145.66,144,-744.48,11.5607
2024-08-27,2024-08-28,JSWINFRA.NS,332.5,330.3,65,-143.0,7.553
2024-08-27,2024-08-28,JSWDULUX.NS,3444.75,3527.2,6,494.7,6.395
2024-08-27,2024-08-28,NUVAMA.NS,1334.69,1289.88,16,-716.96,5.7599
2024-08-27,2024-08-28,BLUEJET.NS,498.85,487.9,43,-470.85,3.7002
2024-08-28,2024-08-29,NBCC.NS,130.47,129.88,164,-97.3,10.1723
2024-08-28,2024-08-29,IFCI.NS,76.75,77.66,280,254.8,8.6341
2024-08-28,2024-08-29,ENGINERSIN.NS,225.55,224.1,95,-137.75,4.8826
2024-08-28,2024-08-29,INDIANB.NS,567.95,561.5,37,-238.65,3.48
2024-08-28,2024-08-29,VTL.NS,510.75,503.0,42,-325.5,1.3996
2024-08-29,2024-08-30,WHIRLPOOL.NS,2194.8,2183.5,9,-101.7,5.827
2024-08-29,2024-08-30,SONATSOFTW.NS,656.9,665.75,32,283.2,5.1882
2024-08-29,2024-08-30,MEDANTA.NS,1123.5,1134.7,19,212.8,3.4626
2024-08-29,2024-08-30,AJANTPHARM.NS,3151.05,3243.55,6,555.0,2.2919
2024-08-29,2024-08-30,HUDCO.NS,293.65,280.65,72,-936.0,1.2761
2024-08-30,2024-09-02,PAYTM.NS,621.9,607.85,34,-477.7,12.1551
2024-08-30,2024-09-02,RADICO.NS,1942.05,2010.5,11,752.95,6.8469
2024-08-30,2024-09-02,GABRIEL.NS,548.35,539.85,39,-331.5,6.766
2024-08-30,2024-09-02,TBOTEK.NS,1771.7,1828.3,12,679.2,6.3318
2024-08-30,2024-09-02,GRAVITA.NS,2277.15,2220.75,9,-507.6,5.7197
2024-09-02,2024-09-03,JIOFIN.NS,344.9,350.2,62,328.6,7.2117
2024-09-02,2024-09-03,AEGISLOG.NS,803.6,836.35,26,851.5,6.7765
2024-09-02,2024-09-03,ADANIPOWER.NS,134.04,131.82,159,-352.98,6.0359
2024-09-02,2024-09-03,ADANIGREEN.NS,1945.7,1897.9,11,-525.8,5.851
2024-09-02,2024-09-03,SONACOMS.NS,715.05,710.8,29,-123.25,4.6389
2024-09-03,2024-09-04,BBTC.NS,2673.75,2750.1,8,610.8,8.7642
2024-09-03,2024-09-04,AADHARHFC.NS,418.95,416.5,51,-124.95,7.4782
2024-09-03,2024-09-04,PGEL.NS,541.7,567.45,39,1004.25,5.4199
2024-09-03,2024-09-04,CARTRADE.NS,888.85,900.3,24,274.8,5.1582
2024-09-03,2024-09-04,GRSE.NS,1913.15,1961.45,11,531.3,4.4695
2024-09-04,2024-09-05,JUBLINGREA.NS,742.35,738.15,29,-121.8,10.1818
2024-09-04,2024-09-05,MAZDOCK.NS,2387.4,2289.55,9,-880.65,7.1905
2024-09-04,2024-09-05,BEML.NS,2053.35,2029.53,10,-238.25,6.6468
2024-09-04,2024-09-05,NSLNISP.NS,54.9,54.75,399,-59.85,3.2343
2024-09-04,2024-09-05,SHYAMMETL.NS,827.2,830.2,26,78.0,3.1486
2024-09-05,2024-09-06,FLUOROCHEM.NS,3524.3,3808.9,6,1707.6,11.2451
2024-09-05,2024-09-06,CRAFTSMAN.NS,6362.45,6251.0,3,-334.35,5.6964
2024-09-05,2024-09-06,ETERNAL.NS,254.85,259.95,85,433.5,4.9413
2024-09-05,2024-09-06,SAMMAANCAP.NS,167.31,161.83,129,-706.92,4.7127
2024-09-06,2024-09-09,GODFRYPHLP.NS,2401.95,2281.4,9,-1084.95,12.3798
2024-09-06,2024-09-09,BLUEJET.NS,509.45,522.8,43,574.05,6.4236
2024-09-06,2024-09-09,SUMICHEM.NS,538.25,531.8,40,-258.0,4.1203
2024-09-06,2024-09-09,TATATECH.NS,1112.65,1077.55,19,-666.9,3.512
2024-09-06,2024-09-09,MARICO.NS,665.25,676.0,32,344.0,3.3157
2024-09-09,2024-09-10,BLUESTARCO.NS,1789.3,1799.95,12,127.8,3.7606
2024-09-09,2024-09-10,RITES.NS,336.38,339.45,64,196.8,1.6469
2024-09-09,2024-09-10,CLEAN.NS,1536.25,1578.95,14,597.8,1.4093
2024-09-09,2024-09-10,SUPREMEIND.NS,5386.9,5374.35,4,-50.2,1.3366
2024-09-09,2024-09-10,NAVA.NS,492.65,499.17,44,287.1,0.798
2024-09-10,2024-09-11,JUBLINGREA.NS,758.35,739.0,28,-541.8,7.9963
2024-09-10,2024-09-11,TATAPOWER.NS,445.35,435.65,49,-475.3,6.5813
2024-09-10,2024-09-11,LATENTVIEW.NS,492.95,483.5,44,-415.8,6.2965
2024-09-10,2024-09-11,ITI.NS,300.4,293.15,72,-522.0,6.1297
2024-09-10,2024-09-11,SJVN.NS,133.61,131.83,164,-291.92,5.8632
2024-09-11,2024-09-12,RRKABEL.NS,1711.75,1656.2,12,-666.6,8.7067
2024-09-11,2024-09-12,JSWINFRA.NS,330.7,326.85,64,-246.4,4.6519
2024-09-11,2024-09-12,BAJAJ-AUTO.NS,11420.75,11723.5,1,302.75,3.9408
2024-09-11,2024-09-12,YESBANK.NS,23.82,23.43,901,-351.39,3.6554
2024-09-12,2024-09-13,KAYNES.NS,5165.85,5333.25,4,669.6,10.7838
2024-09-12,2024-09-13,SYRMA.NS,463.75,468.15,45,198.0,10.5219
2024-09-12,2024-09-13,ENGINERSIN.NS,226.91,223.05,93,-358.98,7.8931
2024-09-12,2024-09-13,SUNDARMFIN.NS,4907.45,4841.9,4,-262.2,6.1587
2024-09-12,2024-09-13,CGPOWER.NS,729.15,713.7,29,-448.05,5.7122
2024-09-13,2024-09-16,IDBI.NS,94.92,93.61,223,-292.13,7.9004
2024-09-13,2024-09-16,JWL.NS,559.2,545.2,37,-518.0,6.6158
2024-09-13,2024-09-16,HOMEFIRST.NS,1203.15,1187.4,17,-267.75,6.5678
2024-09-13,2024-09-16,BANDHANBNK.NS,207.1,205.28,102,-185.64,5.1376
2024-09-13,2024-09-16,AIIL.NS,336.33,328.75,63,-477.54,4.7137
2024-09-16,2024-09-17,ADANIGREEN.NS,1930.8,1954.4,10,236.0,7.9745
2024-09-16,2024-09-17,IFCI.NS,74.37,71.98,280,-669.2,5.8346
2024-09-16,2024-09-17,PHOENIXLTD.NS,1766.12,1746.35,11,-217.53,5.6674
2024-09-16,2024-09-17,ACE.NS,1321.15,1366.05,15,673.5,5.5906
2024-09-16,2024-09-17,ANGELONE.NS,258.12,255.78,80,-187.2,5.2799
2024-09-17,2024-09-18,MGL.NS,1909.95,1883.3,10,-266.5,4.8616
2024-09-17,2024-09-18,IGL.NS,274.05,267.75,76,-478.8,3.4444
2024-09-17,2024-09-18,OIL.NS,615.45,595.0,33,-674.85,1.292
2024-09-17,2024-09-18,JYOTICNC.NS,1200.05,1177.2,17,-388.45,1.2103
2024-09-17,2024-09-18,RPOWER.NS,31.4,32.97,664,1042.48,1.1272
2024-09-18,2024-09-19,DEEPAKFERT.NS,1018.95,980.9,20,-761.0,6.3289
2024-09-18,2024-09-19,BAJAJHLDNG.NS,10793.0,10766.9,1,-26.1,4.0801
2024-09-18,2024-09-19,BAJFINANCE.NS,763.11,759.03,27,-110.03,3.606
2024-09-18,2024-09-19,KEC.NS,1017.0,986.15,20,-617.0,3.2907
2024-09-18,2024-09-19,KFINTECH.NS,1046.9,1010.1,19,-699.2,2.6876
2024-09-19,2024-09-20,RAINBOW.NS,1386.25,1379.4,14,-95.9,7.2866
2024-09-19,2024-09-20,ASAHIINDIA.NS,708.45,777.55,28,1934.8,5.1737
2024-09-19,2024-09-20,UBL.NS,2130.5,2089.75,9,-366.75,3.9674
2024-09-19,2024-09-20,ENDURANCE.NS,2530.0,2458.45,8,-572.4,3.1138
2024-09-19,2024-09-20,ICICIGI.NS,2200.0,2234.05,9,306.45,2.7821
2024-09-20,2024-09-23,CEMPRO.NS,562.45,565.95,36,126.0,19.2769
2024-09-20,2024-09-23,COCHINSHIP.NS,1846.05,1780.0,11,-726.55,9.9985
2024-09-20,2024-09-23,RITES.NS,373.2,363.8,54,-507.6,9.2106
2024-09-20,2024-09-23,GRSE.NS,1855.6,1801.05,11,-600.05,9.092
2024-09-20,2024-09-23,HUDCO.NS,251.05,243.45,81,-615.6,8.9154
2024-09-23,2024-09-24,AMBER.NS,4994.65,4723.05,4,-1086.4,14.8842
2024-09-23,2024-09-24,FINCABLES.NS,1526.65,1487.45,13,-509.6,10.0526
2024-09-23,2024-09-24,MAHABANK.NS,63.12,61.46,317,-526.22,8.0452
2024-09-23,2024-09-24,NAVA.NS,636.28,586.7,31,-1536.83,6.1653
2024-09-23,2024-09-24,ATGL.NS,835.35,812.95,23,-515.2,5.9148
2024-09-24,2024-09-25,JMFINANCIL.NS,143.68,139.9,133,-502.74,12.3202
2024-09-24,2024-09-25,SCHNEIDER.NS,853.55,847.3,22,-137.5,9.8944
2024-09-24,2024-09-25,NATIONALUM.NS,191.48,195.2,100,372.0,6.2361
2024-09-24,2024-09-25,FSL.NS,333.5,342.45,57,510.15,5.9908
2024-09-24,2024-09-25,NLCINDIA.NS,287.2,284.5,66,-178.2,5.2593
2024-09-25,2024-09-26,ZEEL.NS,134.6,136.53,142,274.06,5.7262
2024-09-25,2024-09-26,ECLERX.NS,1439.8,1482.5,13,555.1,5.6676
2024-09-25,2024-09-26,GVT&D.NS,1630.2,1624.55,11,-62.15,4.9981
2024-09-25,2024-09-26,SYRMA.NS,458.55,451.1,41,-305.45,4.1804
2024-09-25,2024-09-26,CARTRADE.NS,1012.4,997.8,18,-262.8,3.7083
2024-09-26,2024-09-27,GRASIM.NS,2745.85,2783.15,7,261.1,3.1499
2024-09-26,2024-09-27,TMPV.NS,993.15,993.0,19,-2.85,3.0666
2024-09-26,2024-09-27,PETRONET.NS,336.3,339.35,57,173.85,1.9245
2024-09-26,2024-09-27,AFFLE.NS,1590.1,1597.85,12,93.0,1.799
2024-09-26,2024-09-27,SUNPHARMA.NS,1898.4,1948.7,10,503.0,1.4889
2024-09-27,2024-09-30,PFIZER.NS,5829.85,5722.05,3,-323.4,7.6383
2024-09-27,2024-09-30,KPIL.NS,1407.55,1367.25,13,-523.9,6.5478
2024-09-27,2024-09-30,GODIGIT.NS,378.3,376.7,51,-81.6,6.4434
2024-09-27,2024-09-30,SJVN.NS,133.84,132.51,145,-192.85,6.2307
2024-09-27,2024-09-30,NEWGEN.NS,1414.75,1341.35,13,-954.2,6.2125
2024-09-30,2024-10-01,SAREGAMA.NS,631.75,674.55,30,1284.0,11.5969
2024-09-30,2024-10-01,VIJAYA.NS,959.35,952.65,19,-127.3,8.9861
2024-09-30,2024-10-01,ERIS.NS,1332.7,1324.25,14,-118.3,5.1398
2024-09-30,2024-10-01,PTCIL.NS,14195.5,14000.0,1,-195.5,4.9963
2024-09-30,2024-10-01,TIINDIA.NS,4336.05,4340.6,4,18.2,4.56
2024-10-01,2024-10-03,KFINTECH.NS,1137.35,1082.4,16,-879.2,11.3739
2024-10-01,2024-10-03,CAPLIPOINT.NS,2078.2,2001.45,9,-690.75,9.4971
2024-10-01,2024-10-03,PARADEEP.NS,89.63,85.98,214,-781.1,8.1835
2024-10-01,2024-10-03,WELSPUNLIV.NS,175.01,169.25,109,-627.84,6.9286
2024-10-01,2024-10-03,INDGN.NS,732.7,703.85,26,-750.1,5.8356
2024-10-03,2024-10-04,CEMPRO.NS,643.55,645.05,28,42.0,19.6634
2024-10-03,2024-10-04,SARDAEN.NS,491.95,480.2,37,-434.75,9.0194
2024-10-03,2024-10-04,AMBER.NS,5163.85,4918.9,3,-734.85,6.5656
2024-10-03,2024-10-04,JUBLINGREA.NS,818.25,794.4,22,-524.7,5.567
2024-10-03,2024-10-04,BSE.NS,1317.87,1369.38,14,721.23,2.4541
2024-10-04,2024-10-07,APTUS.NS,359.5,369.75,50,512.5,5.5955
2024-10-04,2024-10-07,HOMEFIRST.NS,1247.85,1240.0,14,-109.9,5.5666
2024-10-04,2024-10-07,TORNTPHARM.NS,3473.55,3405.1,5,-342.25,2.3997
2024-10-07,2024-10-08,CGPOWER.NS,759.15,780.4,24,510.0,5.6209
2024-10-07,2024-10-08,SUPREMEIND.NS,5432.8,5437.35,3,13.65,2.8219
2024-10-07,2024-10-08,NBCC.NS,115.83,115.29,157,-84.78,2.8016
2024-10-07,2024-10-08,KPITTECH.NS,1705.95,1714.0,10,80.5,0.8692
2024-10-07,2024-10-08,INFY.NS,1934.3,1948.55,9,128.25,0.842
2024-10-08,2024-10-09,PAYTM.NS,750.6,741.25,24,-224.4,15.1492
2024-10-08,2024-10-09,PGEL.NS,610.25,619.3,30,271.5,13.2925
2024-10-08,2024-10-09,TRITURBINE.NS,731.2,752.45,25,531.25,11.015
2024-10-08,2024-10-09,HEG.NS,489.5,494.14,37,171.68,9.8568
2024-10-08,2024-10-09,VBL.NS,590.0,592.4,31,74.4,8.846
2024-10-09,2024-10-10,RITES.NS,325.1,313.95,57,-635.55,8.2404
2024-10-09,2024-10-10,CDSL.NS,1471.85,1483.65,12,141.6,8.0574
2024-10-09,2024-10-10,AIIL.NS,365.72,365.78,50,3.0,7.3595
2024-10-09,2024-10-10,ZENTEC.NS,1759.95,1935.9,10,1759.5,6.6281
2024-10-09,2024-10-10,TORNTPOWER.NS,1935.15,1884.2,9,-458.55,6.523
2024-10-10,2024-10-11,MAZDOCK.NS,2214.18,2192.48,8,-173.6,8.3534
2024-10-10,2024-10-11,USHAMART.NS,367.15,422.1,51,2802.45,7.0252
2024-10-10,2024-10-11,GRSE.NS,1742.8,1748.15,10,53.5,6.5053
2024-10-10,2024-10-11,NEULANDLAB.NS,12499.15,14247.65,1,1748.5,5.8739
2024-10-10,2024-10-11,TTML.NS,83.79,81.9,223,-421.47,5.7687
2024-10-11,2024-10-14,BANDHANBNK.NS,210.26,200.06,93,-948.6,12.0192
2024-10-11,2024-10-14,NAM-INDIA.NS,700.25,697.1,27,-85.05,9.1923
2024-10-11,2024-10-14,NETWEB.NS,2615.1,2608.75,7,-44.45,6.8304
2024-10-11,2024-10-14,SONATSOFTW.NS,607.7,621.35,32,436.8,6.1577
2024-10-11,2024-10-14,JMFINANCIL.NS,153.87,155.61,127,220.98,6.1246
2024-10-14,2024-10-15,APTUS.NS,389.65,382.75,49,-338.1,7.9961
2024-10-14,2024-10-15,ABDL.NS,344.25,334.7,56,-534.8,5.0343
2024-10-14,2024-10-15,FEDERALBNK.NS,196.74,198.62,98,184.24,4.9
2024-10-14,2024-10-15,KALYANKJIL.NS,750.8,751.0,25,5.0,4.2343
2024-10-14,2024-10-15,WIPRO.NS,274.77,266.48,70,-581.0,4.0223
2024-10-15,2024-10-16,VIJAYA.NS,1075.1,1044.8,17,-515.1,9.3693
2024-10-15,2024-10-16,AEGISLOG.NS,727.5,722.15,26,-139.1,7.706
2024-10-15,2024-10-16,PPLPHARMA.NS,231.52,232.38,83,71.38,5.2746
2024-10-15,2024-10-16,SOBHA.NS,1813.4,1819.1,10,57.0,5.1094
2024-10-15,2024-10-16,ABREL.NS,2858.4,2924.95,6,399.3,4.6343
2024-10-16,2024-10-17,ABSLAMC.NS,779.05,765.3,24,-330.0,11.5638
2024-10-16,2024-10-17,UTIAMC.NS,1329.0,1304.5,14,-343.0,7.7946
2024-10-16,2024-10-17,RAILTEL.NS,438.65,430.8,43,-337.55,7.4859
2024-10-16,2024-10-17,JUBLINGREA.NS,781.3,753.65,24,-663.6,4.8092
2024-10-16,2024-10-17,CHENNPETRO.NS,928.95,943.4,20,289.0,4.0782
2024-10-17,2024-10-18,MPHASIS.NS,3080.2,3095.75,6,93.3,5.7997
2024-10-17,2024-10-18,LATENTVIEW.NS,484.7,486.45,39,68.25,3.029
2024-10-17,2024-10-18,INFY.NS,1968.1,1879.6,9,-796.5,2.4999
2024-10-17,2024-10-18,IOB.NS,55.97,55.53,337,-148.28,2.4904
2024-10-17,2024-10-18,CONCORDBIO.NS,2018.9,2018.05,9,-7.65,1.0309
2024-10-18,2024-10-21,AXISBANK.NS,1196.85,1190.3,15,-98.25,5.7428
2024-10-18,2024-10-21,TEJASNET.NS,1187.7,1318.6,15,1963.5,5.5358
2024-10-18,2024-10-21,ZEEL.NS,132.46,126.21,141,-881.25,5.3276
2024-10-18,2024-10-21,WIPRO.NS,274.33,274.05,68,-18.7,3.7636
2024-10-18,2024-10-21,NATIONALUM.NS,232.12,230.0,80,-169.6,3.0866
2024-10-21,2024-10-22,TATACHEM.NS,1189.0,1143.3,15,-685.5,9.273
2024-10-21,2024-10-22,BBTC.NS,2800.6,2635.9,6,-988.2,4.352
2024-10-21,2024-10-22,BAJAJ-AUTO.NS,10500.5,10368.35,1,-132.15,4.3378
2024-10-21,2024-10-22,CRISIL.NS,4896.6,4879.3,3,-51.9,4.1376
2024-10-21,2024-10-22,OBEROIRLTY.NS,1995.55,1950.45,9,-405.9,3.3161
2024-10-22,2024-10-23,CUB.NS,126.38,125.36,146,-148.92,11.8701
2024-10-23,2024-10-24,DEEPAKFERT.NS,1118.75,1125.5,16,108.0,16.5304
2024-10-23,2024-10-24,FSL.NS,350.9,332.95,52,-933.4,12.0549
2024-10-23,2024-10-24,COFORGE.NS,1511.56,1539.81,12,339.0,11.14
2024-10-23,2024-10-24,PERSISTENT.NS,5718.75,5691.2,3,-82.65,10.8672
2024-10-23,2024-10-24,TITAGARH.NS,1191.7,1166.3,15,-381.0,9.0751
2024-10-24,2024-10-25,PPLPHARMA.NS,255.84,244.43,71,-810.11,17.3632
2024-10-24,2024-10-25,SONACOMS.NS,729.45,699.25,25,-755.0,13.2511
2024-10-24,2024-10-25,ASTERDM.NS,443.45,448.75,41,217.3,10.3109
2024-10-24,2024-10-25,ATGL.NS,754.95,724.15,24,-739.2,7.7807
2024-10-24,2024-10-25,AWL.NS,340.3,324.25,53,-850.65,6.9285
2024-10-25,2024-10-28,LAURUSLABS.NS,465.8,492.2,37,976.8,4.1359
2024-10-25,2024-10-28,J&KBANK.NS,97.63,97.12,180,-91.8,3.9723
2024-10-25,2024-10-28,INDHOTEL.NS,691.25,671.25,25,-500.0,3.6357
2024-10-25,2024-10-28,MAXHEALTH.NS,938.0,968.0,18,540.0,3.5149
2024-10-25,2024-10-28,TORNTPHARM.NS,3432.85,3316.7,5,-580.75,3.3586
2024-10-28,2024-10-29,SYRMA.NS,432.15,497.45,41,2677.3,13.8585
2024-10-28,2024-10-29,INDIANB.NS,551.45,581.0,32,945.6,10.6219
2024-10-28,2024-10-29,BANDHANBNK.NS,184.81,179.13,95,-539.6,9.8686
2024-10-28,2024-10-29,POONAWALLA.NS,319.65,339.55,55,1094.5,7.6081
2024-10-28,2024-10-29,CANBK.NS,100.69,103.76,176,540.32,6.8442
2024-10-29,2024-10-30,GILLETTE.NS,9402.5,9757.05,1,354.55,10.415
2024-10-29,2024-10-30,JSWINFRA.NS,316.0,316.1,59,5.9,9.9704
2024-10-29,2024-10-30,FEDERALBNK.NS,200.7,203.24,93,236.22,8.4923
2024-10-29,2024-10-30,PARADEEP.NS,95.48,101.94,195,1259.7,7.7652
2024-10-29,2024-10-30,SUMICHEM.NS,553.1,565.55,33,410.85,7.5233
2024-10-30,2024-10-31,FORCEMOT.NS,7661.9,7863.5,2,403.2,19.9994
2024-10-30,2024-10-31,CGCL.NS,210.68,202.49,90,-737.1,14.1959
2024-10-30,2024-10-31,DATAPATTNS.NS,2478.5,2419.85,7,-410.55,12.4674
2024-10-30,2024-10-31,ACE.NS,1304.8,1347.2,14,593.6,10.119
2024-10-30,2024-10-31,GPIL.NS,188.9,195.65,101,681.75,8.9075
2024-10-31,2024-11-01,JSWDULUX.NS,4402.3,4518.5,4,464.8,15.7677
2024-10-31,2024-11-01,ELGIEQUIP.NS,662.55,662.9,29,10.15,9.8574
2024-10-31,2024-11-01,CIPLA.NS,1551.75,1559.55,12,93.6,9.413
2024-10-31,2024-11-01,DOMS.NS,2785.1,2847.55,6,374.7,8.0942
2024-10-31,2024-11-01,TEJASNET.NS,1341.85,1369.6,14,388.5,7.0696
2024-11-01,2024-11-04,BRIGADE.NS,938.7,887.1,20,-1032.0,6.1758
2024-11-01,2024-11-04,GRAVITA.NS,2249.6,2125.25,8,-994.8,6.1232
2024-11-01,2024-11-04,MOTILALOFS.NS,976.65,942.65,19,-646.0,4.1982
2024-11-01,2024-11-04,IDEA.NS,8.45,7.88,2307,-1314.99,4.064
2024-11-01,2024-11-04,EIHOTEL.NS,378.25,363.35,51,-759.9,3.7865
2024-11-04,2024-11-05,NAUKRI.NS,1544.55,1528.18,12,-196.44,3.405
2024-11-04,2024-11-05,BAJAJHLDNG.NS,10658.25,10600.35,1,-57.9,3.1522
2024-11-04,2024-11-05,TIMKEN.NS,3525.6,3426.1,5,-497.5,3.0199
2024-11-04,2024-11-05,SUNDARMFIN.NS,4972.05,4919.85,3,-156.6,2.0819
2024-11-04,2024-11-05,NEULANDLAB.NS,14728.8,15858.2,1,1129.4,1.1534
2024-11-05,2024-11-06,GLAND.NS,1832.85,1856.35,10,235.0,13.778
2024-11-05,2024-11-06,MRPL.NS,163.84,168.02,113,472.34,11.0177
2024-11-05,2024-11-06,HFCL.NS,127.83,127.93,145,14.5,7.0962
2024-11-05,2024-11-06,BLUEJET.NS,503.55,547.05,36,1566.0,6.5489
2024-11-05,2024-11-06,JINDALSAW.NS,325.3,328.4,57,176.7,4.9693
2024-11-06,2024-11-07,KAYNES.NS,5872.95,5781.6,3,-274.05,10.5465
2024-11-06,2024-11-07,SUPREMEIND.NS,4683.95,4676.75,4,-28.8,7.3722
2024-11-06,2024-11-07,KALYANKJIL.NS,700.0,706.05,27,163.35,7.3126
2024-11-06,2024-11-07,GAIL.NS,208.92,210.43,91,137.41,6.3693
2024-11-06,2024-11-07,INTELLECT.NS,788.45,774.7,24,-330.0,6.21
2024-11-07,2024-11-08,KEC.NS,1050.7,1020.65,18,-540.9,7.6371
2024-11-07,2024-11-08,JSWENERGY.NS,714.8,712.05,26,-71.5,4.7173
2024-11-07,2024-11-08,POLICYBZR.NS,1739.0,1678.7,10,-603.0,4.5512
2024-11-07,2024-11-08,TBOTEK.NS,1680.15,1704.15,11,264.0,4.409
2024-11-07,2024-11-08,SARDAEN.NS,468.8,462.4,40,-256.0,3.7857
2024-11-08,2024-11-11,BRITANNIA.NS,5747.15,5434.65,3,-937.5,1.0239
2024-11-11,2024-11-12,PFC.NS,481.85,467.15,38,-558.6,7.2207
2024-11-11,2024-11-12,SCI.NS,227.32,222.6,81,-382.32,7.0396
2024-11-11,2024-11-12,POWERGRID.NS,329.8,322.7,56,-397.6,4.2846
2024-11-11,2024-11-12,UNITDSPR.NS,1475.85,1446.8,12,-348.6,1.8776
2024-11-12,2024-11-13,NEULANDLAB.NS,15329.5,14666.35,1,-663.15,11.0781
2024-11-12,2024-11-13,UNOMINDA.NS,1002.6,964.3,18,-689.4,8.7596
2024-11-12,2024-11-13,GVT&D.NS,1866.0,1777.4,9,-797.4,4.9996
2024-11-12,2024-11-13,RAMCOCEM.NS,910.0,883.9,20,-522.0,4.5436
2024-11-12,2024-11-13,LODHA.NS,1240.95,1202.1,14,-543.9,4.501
2024-11-14,2024-11-18,DCMSHRIRAM.NS,1302.25,1321.7,13,252.85,9.6955
2024-11-14,2024-11-18,EICHERMOT.NS,4883.7,4875.65,3,-24.15,6.4288
2024-11-14,2024-11-18,JIOFIN.NS,318.35,318.8,55,24.75,6.3293
2024-11-14,2024-11-18,DEEPAKNTR.NS,2638.5,2569.3,6,-415.2,5.8109
2024-11-14,2024-11-18,ZYDUSWELL.NS,392.12,383.62,44,-374.0,4.9459
2024-11-18,2024-11-19,GODREJIND.NS,1023.8,1027.5,17,62.9,9.8557
2024-11-18,2024-11-19,NATIONALUM.NS,239.93,240.31,72,27.36,9.1236
2024-11-18,2024-11-19,SAMMAANCAP.NS,144.59,150.63,121,730.84,7.2069
2024-11-18,2024-11-19,MUTHOOTFIN.NS,1885.65,1896.45,9,97.2,6.183
2024-11-18,2024-11-19,VBL.NS,609.85,630.35,28,574.0,5.9411
2024-11-19,2024-11-21,CARTRADE.NS,1306.35,1273.6,13,-425.75,11.0936
2024-11-19,2024-11-21,PGEL.NS,675.9,683.15,26,188.5,8.2653
2024-11-19,2024-11-21,CRAFTSMAN.NS,5009.25,4962.2,3,-141.15,7.4981
2024-11-19,2024-11-21,APARINDS.NS,9479.3,9453.75,1,-25.55,7.4623
2024-11-19,2024-11-21,EIDPARRY.NS,822.25,825.65,21,71.4,7.2453
2024-11-21,2024-11-22,VIJAYA.NS,1147.9,1219.65,15,1076.25,7.4059
2024-11-21,2024-11-22,NLCINDIA.NS,253.0,261.35,70,584.5,6.7511
2024-11-21,2024-11-22,CRISIL.NS,5589.5,5483.8,3,-317.1,6.0848
2024-11-21,2024-11-22,AMBER.NS,6542.6,6483.1,2,-119.0,6.0569
2024-11-21,2024-11-22,PRESTIGE.NS,1649.85,1631.05,10,-188.0,4.2263
2024-11-22,2024-11-25,SWANCORP.NS,586.8,597.1,30,309.0,11.1364
2024-11-22,2024-11-25,MRPL.NS,157.25,155.55,114,-193.8,8.4109
2024-11-22,2024-11-25,SOBHA.NS,1629.3,1605.8,11,-258.5,7.4063
2024-11-22,2024-11-25,SCI.NS,220.74,223.06,81,187.92,7.0047
2024-11-22,2024-11-25,CASTROLIND.NS,198.68,193.1,90,-502.2,6.6795
2024-11-25,2024-11-26,POLYMED.NS,3002.35,2763.9,5,-1192.25,16.2733
2024-11-25,2024-11-26,ELGIEQUIP.NS,640.75,653.65,27,348.3,14.5424
2024-11-25,2024-11-26,GILLETTE.NS,10443.15,10046.7,1,-396.45,12.1195
2024-11-25,2024-11-26,IFCI.NS,64.55,63.66,276,-245.64,11.2931
2024-11-25,2024-11-26,NAVA.NS,515.0,513.75,34,-42.5,10.9794
2024-11-26,2024-11-27,TTML.NS,80.59,82.65,217,447.02,16.7125
2024-11-26,2024-11-27,SONATSOFTW.NS,597.95,628.2,29,877.25,8.2067
2024-11-26,2024-11-27,IDEA.NS,7.52,8.34,2332,1912.24,7.891
2024-11-26,2024-11-27,CAPLIPOINT.NS,2113.95,2082.6,8,-250.8,6.9515
2024-11-26,2024-11-27,GRSE.NS,1539.8,1666.65,11,1395.35,6.7045
2024-11-27,2024-11-28,ATGL.NS,694.05,803.85,26,2854.8,19.7774
2024-11-27,2024-11-28,ADANIPOWER.NS,104.61,112.2,176,1335.84,19.5133
2024-11-27,2024-11-28,ADANIENT.NS,2397.8,2437.1,7,275.1,11.4997
2024-11-27,2024-11-28,ENGINERSIN.NS,201.85,198.94,91,-264.81,9.6951
2024-11-27,2024-11-28,ASTERDM.NS,478.6,488.7,38,383.8,8.8098
2024-11-28,2024-11-29,ADANIGREEN.NS,1087.2,1323.9,17,4023.9,9.9959
2024-11-28,2024-11-29,ADANIENSOL.NS,726.85,840.5,26,2954.9,9.9955
2024-11-28,2024-11-29,HONASA.NS,252.65,263.95,76,858.8,9.9913
2024-11-28,2024-11-29,ITI.NS,295.67,286.63,65,-587.6,7.2784
2024-11-28,2024-11-29,TIINDIA.NS,3578.9,3590.55,5,58.25,5.5987
2024-11-29,2024-12-02,PPLPHARMA.NS,268.75,273.45,77,361.9,9.4928
2024-11-29,2024-12-02,PARADEEP.NS,111.08,107.81,187,-611.49,7.3859
2024-11-29,2024-12-02,BHARTIHEXA.NS,1376.2,1390.35,15,212.25,5.0534
2024-11-29,2024-12-02,NEWGEN.NS,1180.5,1176.6,17,-66.3,4.4644
2024-11-29,2024-12-02,JUBLPHARMA.NS,1234.25,1202.25,16,-512.0,3.8625
2024-12-02,2024-12-03,INTELLECT.NS,764.1,759.8,27,-116.1,6.569
2024-12-02,2024-12-03,INOXWIND.NS,200.95,206.56,102,572.22,5.1874
2024-12-02,2024-12-03,IGL.NS,171.77,180.62,120,1062.0,5.0451
2024-12-02,2024-12-03,GODREJPROP.NS,2901.4,2862.55,7,-271.95,4.5116
2024-12-02,2024-12-03,MAXHEALTH.NS,1019.2,1034.35,20,303.0,4.0265
2024-12-03,2024-12-04,KPITTECH.NS,1430.7,1457.15,14,370.3,6.6691
2024-12-03,2024-12-04,TORNTPOWER.NS,1689.1,1667.75,12,-256.2,6.4805
2024-12-03,2024-12-04,BLS.NS,419.25,413.2,50,-302.5,6.2603
2024-12-03,2024-12-04,UNIONBANK.NS,126.06,128.33,166,376.82,5.2869
2024-12-03,2024-12-04,MANAPPURAM.NS,164.19,169.59,127,685.8,5.1287
2024-12-04,2024-12-05,FINCABLES.NS,1225.5,1303.1,17,1319.2,6.5004
2024-12-04,2024-12-05,UNOMINDA.NS,1090.4,1094.1,19,70.3,3.8377
2024-12-04,2024-12-05,NH.NS,1316.5,1310.6,16,-94.4,3.5554
2024-12-04,2024-12-05,SUZLON.NS,67.72,68.26,312,168.48,3.5474
2024-12-04,2024-12-05,PNBHOUSING.NS,914.25,943.1,23,663.55,3.3109
2024-12-05,2024-12-06,KPIL.NS,1249.15,1271.25,17,375.7,7.1083
2024-12-05,2024-12-06,CREDITACC.NS,938.0,933.3,23,-108.1,6.0127
2024-12-05,2024-12-06,GRANULES.NS,566.95,575.65,38,330.6,4.4011
2024-12-05,2024-12-06,INFY.NS,1934.85,1922.4,11,-136.95,2.4137
2024-12-05,2024-12-06,DRREDDY.NS,1239.85,1253.7,17,235.45,1.9991
2024-12-06,2024-12-09,DELHIVERY.NS,353.0,371.1,61,1104.1,5.9106
2024-12-06,2024-12-09,IRFC.NS,158.0,159.2,137,164.4,4.7468
2024-12-06,2024-12-09,RITES.NS,296.2,303.4,73,525.6,3.0619
2024-12-06,2024-12-09,IPCALAB.NS,1538.2,1523.75,14,-202.3,3.0033
2024-12-06,2024-12-09,LALPATHLAB.NS,1534.03,1568.4,14,481.25,2.765
2024-12-09,2024-12-10,HEG.NS,597.45,572.95,37,-906.5,6.6875
2024-12-09,2024-12-10,SUNDARMFIN.NS,4369.5,4413.9,5,222.0,4.8974
2024-12-09,2024-12-10,KIRLOSENG.NS,1176.4,1174.25,18,-38.7,4.8765
2024-12-09,2024-12-10,ZENTEC.NS,1997.6,2064.15,11,732.05,4.4442
2024-12-09,2024-12-10,CAMS.NS,1053.9,1042.23,21,-245.07,3.9431
2024-12-10,2024-12-11,CLEAN.NS,1398.3,1439.6,15,619.5,8.4837
2024-12-10,2024-12-11,ANURAS.NS,770.4,768.85,28,-43.4,4.902
2024-12-10,2024-12-11,KAJARIACER.NS,1209.85,1209.45,18,-7.2,4.5407
2024-12-10,2024-12-11,RRKABEL.NS,1504.05,1489.8,14,-199.5,2.4348
2024-12-10,2024-12-11,RADICO.NS,2425.85,2432.55,9,60.3,1.1003
2024-12-11,2024-12-12,CONCORDBIO.NS,2194.7,2142.45,10,-522.5,4.8565
2024-12-11,2024-12-12,GODFRYPHLP.NS,1996.15,1994.8,11,-14.85,3.2376
2024-12-11,2024-12-12,MARICO.NS,632.9,635.9,35,105.0,3.095
2024-12-11,2024-12-12,SYRMA.NS,595.9,599.8,37,144.3,2.9811
2024-12-11,2024-12-12,SYNGENE.NS,904.75,870.05,24,-832.8,2.69
2024-12-12,2024-12-13,TTML.NS,85.39,85.31,257,-20.56,5.6284
2024-12-12,2024-12-13,LTTS.NS,5422.8,5397.0,4,-103.2,0.9814
2024-12-13,2024-12-16,BHARTIARTL.NS,1681.75,1662.55,13,-249.6,4.4208
2024-12-13,2024-12-16,RAMCOCEM.NS,1040.7,1047.65,21,145.95,4.2681
2024-12-13,2024-12-16,CRAFTSMAN.NS,5095.3,5030.8,4,-258.0,1.853
2024-12-13,2024-12-16,POWERGRID.NS,333.85,335.0,65,74.75,1.4125
2024-12-16,2024-12-17,FIVESTAR.NS,704.85,742.75,31,1174.9,8.639
2024-12-16,2024-12-17,SUNDARMFIN.NS,4427.0,4442.15,4,60.6,5.2269
2024-12-16,2024-12-17,TECHNOE.NS,1509.15,1491.6,14,-245.7,4.5262
2024-12-16,2024-12-17,NYKAA.NS,174.56,176.37,125,226.25,3.7936
2024-12-16,2024-12-17,AMBER.NS,5991.5,6005.65,3,42.45,3.5275
2024-12-17,2024-12-18,JYOTICNC.NS,1435.9,1412.65,15,-348.75,10.8461
2024-12-17,2024-12-18,BLUEJET.NS,544.0,573.45,40,1178.0,7.7761
2024-12-17,2024-12-18,NETWEB.NS,2961.2,2930.15,7,-217.35,3.5403
2024-12-17,2024-12-18,GODIGIT.NS,348.0,341.8,63,-390.6,3.5098
2024-12-17,2024-12-18,ACE.NS,1452.95,1502.8,15,747.75,3.1815
2024-12-18,2024-12-19,JSWDULUX.NS,3728.9,3607.6,5,-606.5,7.5277
2024-12-18,2024-12-19,GRAVITA.NS,2407.65,2404.5,9,-28.35,6.8168
2024-12-18,2024-12-19,CONCORDBIO.NS,2173.35,2125.2,10,-481.5,5.5485
2024-12-18,2024-12-19,GLAXO.NS,2332.55,2326.3,9,-56.25,2.9846
2024-12-18,2024-12-19,PPLPHARMA.NS,264.7,261.6,84,-260.4,1.5733
2024-12-19,2024-12-20,JPPOWER.NS,19.87,18.97,1108,-997.2,7.2315
2024-12-19,2024-12-20,CHENNPETRO.NS,606.2,594.3,36,-428.4,5.5087
2024-12-19,2024-12-20,IPCALAB.NS,1594.95,1582.5,13,-161.85,5.4025
2024-12-19,2024-12-20,OFSS.NS,12830.4,12247.55,1,-582.85,3.6674
2024-12-20,2024-12-23,AEGISLOG.NS,825.8,798.75,26,-703.3,9.3123
2024-12-20,2024-12-23,PFOCUS.NS,132.88,134.38,162,243.0,3.1277
2024-12-20,2024-12-23,MAHABANK.NS,54.74,54.13,394,-240.34,3.1274
2024-12-20,2024-12-23,KEC.NS,1236.7,1220.55,17,-274.55,2.8697
2024-12-20,2024-12-23,TITAGARH.NS,1310.55,1257.2,16,-853.6,2.8528
2024-12-23,2024-12-24,INTELLECT.NS,962.05,915.3,22,-1028.5,17.3518
2024-12-23,2024-12-24,AWL.NS,315.85,318.65,67,187.6,8.5768
2024-12-23,2024-12-24,INDIACEM.NS,366.25,372.45,57,353.4,7.9906
2024-12-23,2024-12-24,PTCIL.NS,12480.9,12394.7,1,-86.2,7.6339
2024-12-23,2024-12-24,SAPPHIRE.NS,319.85,324.75,66,323.4,2.5982
2024-12-24,2024-12-26,FINCABLES.NS,1270.1,1200.35,16,-1116.0,10.2469
2024-12-24,2024-12-26,ACUTAAS.NS,1149.68,1131.22,18,-332.1,7.5971
2024-12-24,2024-12-26,GILLETTE.NS,9707.05,9418.3,2,-577.5,6.8405
2024-12-24,2024-12-26,RBLBANK.NS,163.31,162.41,129,-116.1,5.3545
2024-12-24,2024-12-26,SOLARINDS.NS,10178.95,10215.15,2,72.4,5.092
2024-12-26,2024-12-27,GODFRYPHLP.NS,1837.0,1755.07,11,-901.27,8.8668
2024-12-26,2024-12-27,ADANIPORTS.NS,1243.95,1230.7,16,-212.0,5.2233
2024-12-26,2024-12-27,BLUEDART.NS,7400.7,7026.55,2,-748.3,4.7182
2024-12-26,2024-12-27,VIJAYA.NS,1096.4,1074.85,18,-387.9,4.7082
2024-12-26,2024-12-27,CGPOWER.NS,743.75,748.25,27,121.5,4.2105
2024-12-27,2024-12-30,AJANTPHARM.NS,3044.0,2954.5,6,-537.0,9.0688
2024-12-27,2024-12-30,GRSE.NS,1695.8,1638.2,11,-633.6,8.9076
2024-12-27,2024-12-30,CAPLIPOINT.NS,2600.15,2538.1,7,-434.35,8.3802
2024-12-27,2024-12-30,COCHINSHIP.NS,1539.05,1573.05,13,442.0,4.9973
2024-12-27,2024-12-30,JSWINFRA.NS,323.0,319.4,62,-223.2,4.345
2024-12-30,2024-12-31,ITI.NS,379.2,387.15,52,413.4,15.5393
2024-12-30,2024-12-31,BAJAJHLDNG.NS,12630.8,11886.75,1,-744.05,11.7681
2024-12-30,2024-12-31,IREDA.NS,218.47,215.25,91,-293.02,10.9323
2024-12-30,2024-12-31,ATGL.NS,751.15,761.05,26,257.4,10.5771
2024-12-30,2024-12-31,PFIZER.NS,5365.75,5281.5,3,-252.75,10.0904
2024-12-31,2025-01-01,RITES.NS,291.65,295.2,68,241.4,9.1709
2024-12-31,2025-01-01,NLCINDIA.NS,248.8,242.33,80,-517.6,6.1433
2024-12-31,2025-01-01,LATENTVIEW.NS,489.5,488.6,40,-36.0,5.6095
2024-12-31,2025-01-01,JSWDULUX.NS,3588.75,3563.45,5,-126.5,5.1987
2024-12-31,2025-01-01,MRPL.NS,148.41,149.27,134,115.24,4.4699
2025-01-01,2025-01-02,AIIL.NS,377.32,380.36,52,158.08,10.6705
2025-01-01,2025-01-02,CLEAN.NS,1543.05,1514.0,12,-348.6,8.4288
2025-01-01,2025-01-02,TECHNOE.NS,1690.15,1691.4,11,13.75,7.6049
2025-01-01,2025-01-02,AWL.NS,328.7,330.55,60,111.0,6.7035
2025-01-01,2025-01-02,MINDACORP.NS,521.5,514.05,38,-283.1,6.5373
2025-01-02,2025-01-03,SUNDARMFIN.NS,4698.9,4687.2,4,-46.8,14.9536
2025-01-02,2025-01-03,FORCEMOT.NS,7256.85,7331.6,2,149.5,9.4638
2025-01-02,2025-01-03,BAJAJFINSV.NS,1700.65,1701.1,11,4.95,7.8819
2025-01-02,2025-01-03,CHOLAHLDNG.NS,1504.8,1552.75,13,623.35,7.5318
2025-01-02,2025-01-03,CHOLAFIN.NS,1271.5,1320.25,15,731.25,7.3585
2025-01-03,2025-01-06,WOCKPHARMA.NS,1519.2,1465.65,13,-696.15,5.0296
2025-01-03,2025-01-06,SHYAMMETL.NS,776.85,762.05,25,-370.0,4.6263
2025-01-03,2025-01-06,MAHABANK.NS,55.13,52.6,364,-920.92,4.492
2025-01-03,2025-01-06,UPL.NS,529.55,521.3,37,-305.25,3.9454
2025-01-03,2025-01-06,SRF.NS,2284.9,2277.45,8,-59.6,2.7037
2025-01-06,2025-01-07,RBLBANK.NS,166.79,166.02,117,-90.09,2.4572
2025-01-07,2025-01-08,BIOCON.NS,382.35,371.2,51,-568.65,6.7719
2025-01-07,2025-01-08,ACUTAAS.NS,1105.78,1170.12,17,1093.95,6.609
2025-01-07,2025-01-08,JSWDULUX.NS,3630.8,3641.0,5,51.0,6.1653
2025-01-07,2025-01-08,ZEEL.NS,129.5,133.77,151,644.77,5.6625
2025-01-07,2025-01-08,INDIAMART.NS,2293.55,2299.65,8,48.8,5.3803
2025-01-08,2025-01-09,PHOENIXLTD.NS,1692.25,1637.95,11,-597.3,7.5674
2025-01-08,2025-01-09,MMTC.NS,76.22,74.46,260,-457.6,7.4429
2025-01-08,2025-01-09,CONCORDBIO.NS,2262.9,2320.15,8,458.0,4.1395
2025-01-08,2025-01-09,NEULANDLAB.NS,14881.8,14632.8,1,-249.0,4.1366
2025-01-08,2025-01-09,OIL.NS,491.7,467.0,40,-988.0,3.6576
2025-01-09,2025-01-10,NLCINDIA.NS,245.05,240.08,79,-392.63,5.1988
2025-01-09,2025-01-10,MARICO.NS,666.9,673.9,29,203.0,4.4643
2025-01-09,2025-01-10,AARTIIND.NS,413.4,421.75,47,392.45,3.9085
2025-01-09,2025-01-10,ABFRL.NS,276.55,274.1,70,-171.5,3.4412
2025-01-09,2025-01-10,PIDILITIND.NS,1479.12,1450.68,13,-369.85,1.728
2025-01-10,2025-01-13,RKFORGE.NS,957.1,917.15,20,-799.0,5.909
2025-01-10,2025-01-13,TCS.NS,4265.65,4291.1,4,101.8,5.6155
2025-01-10,2025-01-13,ANANDRATHI.NS,1038.59,1002.47,18,-650.03,5.3441
2025-01-10,2025-01-13,TECHM.NS,1705.6,1659.65,11,-505.45,3.8227
2025-01-10,2025-01-13,HCLTECH.NS,1995.1,1989.4,9,-51.3,3.1166
2025-01-14,2025-01-15,ADANIPOWER.NS,107.4,109.89,177,440.73,19.3599
2025-01-14,2025-01-15,IOB.NS,53.77,49.91,354,-1366.44,18.3058
2025-01-14,2025-01-15,CENTRALBK.NS,55.34,51.32,344,-1382.88,18.0713
2025-01-14,2025-01-15,IDBI.NS,77.9,73.77,244,-1007.72,17.6027
2025-01-14,2025-01-15,UCOBANK.NS,45.27,42.41,420,-1201.2,17.4014
2025-01-15,2025-01-16,NEWGEN.NS,1755.9,1628.7,10,-1272.0,11.4609
2025-01-15,2025-01-16,ELECON.NS,617.3,598.15,29,-555.35,9.0251
2025-01-15,2025-01-16,DEVYANI.NS,193.29,184.34,93,-832.35,8.4072
2025-01-15,2025-01-16,THERMAX.NS,4014.9,4045.15,4,121.0,7.4652
2025-01-15,2025-01-16,UTIAMC.NS,1260.2,1242.7,14,-245.0,6.4538
2025-01-16,2025-01-17,IRCON.NS,220.41,220.15,79,-20.54,15.9992
2025-01-16,2025-01-17,JWL.NS,494.75,489.55,35,-182.0,14.2214
2025-01-16,2025-01-17,GMDCLTD.NS,326.9,327.25,53,18.55,11.7034
2025-01-16,2025-01-17,RVNL.NS,411.15,426.4,42,640.5,10.5539
2025-01-16,2025-01-17,RAILTEL.NS,412.75,414.35,42,67.2,9.5554
2025-01-17,2025-01-20,BLS.NS,501.85,469.55,35,-1130.5,11.1517
2025-01-17,2025-01-20,HINDCOPPER.NS,247.69,251.24,71,252.05,7.086
2025-01-17,2025-01-20,MANAPPURAM.NS,193.75,193.71,91,-3.64,5.7645
2025-01-17,2025-01-20,HAL.NS,4116.6,4187.5,4,283.6,5.0488
2025-01-17,2025-01-20,FACT.NS,951.1,947.1,18,-72.0,4.7813
2025-01-20,2025-01-21,TTML.NS,82.73,78.1,212,-981.56,16.4555
2025-01-20,2025-01-21,CREDITACC.NS,999.5,959.5,17,-680.0,9.7206
2025-01-20,2025-01-21,KOTAKBANK.NS,384.1,378.66,45,-244.8,9.2062
2025-01-20,2025-01-21,AIIL.NS,376.98,366.05,46,-502.78,7.6594
2025-01-20,2025-01-21,TEJASNET.NS,1133.15,1069.8,15,-950.25,6.9615
2025-01-21,2025-01-22,MEDANTA.NS,1055.35,1044.0,16,-181.6,5.3664
2025-01-21,2025-01-22,APOLLOHOSP.NS,6919.15,6892.9,2,-52.5,2.0396
2025-01-21,2025-01-22,MAXHEALTH.NS,1078.2,1066.4,15,-177.0,1.2489
2025-01-21,2025-01-22,TATACONSUM.NS,972.1,967.4,17,-79.9,1.2288
2025-01-21,2025-01-22,DALBHARAT.NS,1771.2,1799.05,9,250.65,1.093
2025-01-22,2025-01-23,BBTC.NS,2230.15,2232.2,7,14.35,12.6281
2025-01-22,2025-01-23,ELGIEQUIP.NS,558.8,548.3,30,-315.0,5.6133
2025-01-22,2025-01-23,BAJAJHLDNG.NS,11286.4,11198.3,1,-88.1,4.5327
2025-01-22,2025-01-23,BHARATFORG.NS,1226.45,1227.75,13,16.9,2.0638
2025-01-22,2025-01-23,SUNPHARMA.NS,1798.95,1833.6,9,311.85,2.0565
2025-01-23,2025-01-24,GODIGIT.NS,327.35,314.5,51,-655.35,14.3181
2025-01-23,2025-01-24,COFORGE.NS,1839.29,1846.92,9,68.67,11.7675
2025-01-23,2025-01-24,PERSISTENT.NS,6287.7,6360.65,2,145.9,10.6376
2025-01-23,2025-01-24,WOCKPHARMA.NS,1430.1,1376.05,11,-594.55,9.9992
2025-01-23,2025-01-24,ULTRACEMCO.NS,11420.9,11285.85,1,-135.05,6.7998
2025-01-24,2025-01-27,CGCL.NS,200.6,186.79,82,-1132.42,10.3653
2025-01-24,2025-01-27,FIVESTAR.NS,703.95,709.4,23,125.35,4.258
2025-01-24,2025-01-27,AMBER.NS,6973.8,6631.8,2,-684.0,3.0469
2025-01-24,2025-01-27,HINDUNILVR.NS,2368.1,2392.85,7,173.25,1.9985
2025-01-24,2025-01-27,DIXON.NS,15584.9,15432.8,1,-152.1,0.7844
2025-01-27,2025-01-28,SUMICHEM.NS,505.85,497.4,32,-270.4,4.3635
2025-01-27,2025-01-28,ICICIBANK.NS,1227.95,1246.9,13,246.35,1.5506
2025-01-28,2025-01-29,J&KBANK.NS,95.71,94.84,169,-147.03,7.5635
2025-01-28,2025-01-29,AADHARHFC.NS,391.1,397.45,41,260.35,7.4008
2025-01-28,2025-01-29,SOBHA.NS,1280.3,1294.45,12,169.8,7.2278
2025-01-28,2025-01-29,CHOLAFIN.NS,1241.7,1296.55,13,713.05,5.6451
2025-01-28,2025-01-29,UNIONBANK.NS,110.57,112.54,146,287.62,4.7164
2025-01-29,2025-01-30,ACUTAAS.NS,1129.1,1179.32,14,703.15,19.9989
2025-01-29,2025-01-30,SYRMA.NS,505.1,536.1,32,992.0,19.9905
2025-01-29,2025-01-30,INOXWIND.NS,161.5,161.84,102,34.68,19.6917
2025-01-29,2025-01-30,DEEPAKFERT.NS,1296.55,1120.9,12,-2107.8,15.8979
2025-01-29,2025-01-30,GMDCLTD.NS,322.4,314.9,51,-382.5,13.0039
2025-01-30,2025-01-31,POWERINDIA.NS,12277.5,12863.55,1,586.05,20.0
2025-01-30,2025-01-31,LAURUSLABS.NS,588.45,584.05,27,-118.8,8.2107
2025-01-30,2025-01-31,GABRIEL.NS,452.8,460.5,36,277.2,7.8095
2025-01-30,2025-01-31,JBMA.NS,753.62,801.55,21,1006.42,7.7069
2025-01-30,2025-01-31,OLECTRA.NS,1424.45,1466.2,11,459.25,7.4854
2025-01-31,2025-02-01,KALYANKJIL.NS,503.1,505.45,33,77.55,14.1722
2025-01-31,2025-02-01,IRCON.NS,221.43,200.88,75,-1541.25,9.2403
2025-01-31,2025-02-01,PGEL.NS,782.5,800.5,21,378.0,8.6127
2025-01-31,2025-02-01,MINDACORP.NS,570.4,568.85,29,-44.95,7.047
2025-01-31,2025-02-01,GRSE.NS,1624.2,1596.65,10,-275.5,6.8658
2025-02-01,2025-02-03,BLUESTARCO.NS,2056.65,2048.35,8,-66.4,13.1551
2025-02-01,2025-02-03,RADICO.NS,2380.2,2341.45,6,-232.5,9.2637
2025-02-01,2025-02-03,SAPPHIRE.NS,315.75,326.8,52,574.6,9.0297
2025-02-01,2025-02-03,HFCL.NS,106.12,101.72,155,-682.0,8.2526
2025-02-01,2025-02-03,DEVYANI.NS,181.86,185.01,90,283.5,7.8328
2025-02-03,2025-02-04,SAREGAMA.NS,541.75,523.65,30,-543.0,11.003
2025-02-03,2025-02-04,JINDALSTEL.NS,807.7,801.6,20,-122.0,4.0381
2025-02-03,2025-02-04,MANKIND.NS,2581.8,2555.1,6,-160.2,4.0377
2025-02-03,2025-02-04,OFSS.NS,9208.6,9223.6,1,15.0,3.5459
2025-02-03,2025-02-04,CEATLTD.NS,3005.25,3059.0,5,268.75,2.8244
2025-02-04,2025-02-05,TECHNOE.NS,1107.45,1109.05,14,22.4,11.6662
2025-02-04,2025-02-05,NUVAMA.NS,1139.0,1199.55,14,847.7,11.4776
2025-02-04,2025-02-05,JINDALSAW.NS,254.65,258.6,64,252.8,8.9179
2025-02-04,2025-02-05,ABB.NS,5629.55,5744.95,2,230.8,8.3158
2025-02-04,2025-02-05,SUNDARMFIN.NS,4637.5,4600.3,3,-111.6,7.5562
2025-02-05,2025-02-06,MOTILALOFS.NS,701.65,676.95,23,-568.1,9.2147
2025-02-05,2025-02-06,AFFLE.NS,1647.7,1650.4,10,27.0,8.8777
2025-02-05,2025-02-06,NAM-INDIA.NS,630.35,605.2,26,-653.9,8.6155
2025-02-05,2025-02-06,HINDZINC.NS,467.45,442.9,35,-859.25,6.9925
2025-02-05,2025-02-06,CAMS.NS,749.75,732.5,22,-379.5,6.685
2025-02-06,2025-02-07,GLAXO.NS,2260.65,2208.15,7,-367.5,13.0692
2025-02-06,2025-02-07,REDINGTON.NS,228.0,231.8,70,266.0,6.3731
2025-02-06,2025-02-07,SAMMAANCAP.NS,147.86,149.24,109,150.42,4.9471
2025-02-06,2025-02-07,CIPLA.NS,1471.5,1472.25,10,7.5,2.4151
2025-02-06,2025-02-07,WELCORP.NS,748.3,801.75,21,1122.45,2.1709
2025-02-07,2025-02-10,GODFRYPHLP.NS,1823.48,1860.32,8,294.67,18.937
2025-02-07,2025-02-10,BHARTIHEXA.NS,1465.8,1370.85,11,-1044.45,11.859
2025-02-07,2025-02-10,TORNTPHARM.NS,3258.6,3192.9,5,-328.5,3.0795
2025-02-07,2025-02-10,TARIL.NS,439.42,452.3,37,476.38,2.9098
2025-02-07,2025-02-10,FEDERALBNK.NS,188.14,186.56,87,-137.46,2.4616
2025-02-10,2025-02-11,BHARTIARTL.NS,1693.05,1696.75,9,33.3,0.9721
2025-02-11,2025-02-12,TIMKEN.NS,2818.15,2726.8,5,-456.75,5.004
2025-02-11,2025-02-12,CRISIL.NS,5349.2,5054.8,3,-883.2,4.6984
2025-02-11,2025-02-12,CHOLAHLDNG.NS,1512.5,1473.15,10,-393.5,4.0198
2025-02-12,2025-02-13,ASHOKLEY.NS,109.68,108.54,144,-164.16,7.6776
2025-02-12,2025-02-13,FORCEMOT.NS,6687.8,6768.7,2,161.8,6.207
2025-02-12,2025-02-13,INOXWIND.NS,175.74,176.2,90,41.4,5.6574
2025-02-12,2025-02-13,HBLENGINE.NS,507.45,492.6,31,-460.35,5.291
2025-02-12,2025-02-13,ENGINERSIN.NS,168.87,165.01,94,-362.84,4.8882
2025-02-13,2025-02-14,FINCABLES.NS,998.55,934.45,15,-961.5,13.0477
2025-02-13,2025-02-14,HONASA.NS,230.79,222.27,68,-579.36,12.74
2025-02-13,2025-02-14,COHANCE.NS,1120.05,1089.65,14,-425.6,6.8546
2025-02-13,2025-02-14,MUTHOOTFIN.NS,2317.8,2254.9,6,-377.4,6.1823
2025-02-13,2025-02-14,IPCALAB.NS,1490.9,1463.9,10,-270.0,5.0077
2025-02-14,2025-02-17,GODFRYPHLP.NS,1999.83,2346.0,7,2423.17,19.9996
2025-02-17,2025-02-18,GLAXO.NS,2340.25,2536.85,6,1179.6,15.9688
2025-02-17,2025-02-18,MANAPPURAM.NS,193.29,189.33,81,-320.76,8.4985
2025-02-17,2025-02-18,NAVA.NS,394.0,378.35,39,-610.35,8.212
2025-02-17,2025-02-18,NLCINDIA.NS,208.2,226.87,75,1400.25,7.1649
2025-02-17,2025-02-18,JUBLPHARMA.NS,995.45,1002.55,15,106.5,5.3442
2025-02-18,2025-02-19,GILLETTE.NS,8229.85,8460.4,1,230.55,10.4441
2025-02-18,2025-02-19,AWL.NS,256.25,253.7,62,-158.1,8.6957
2025-02-18,2025-02-19,THERMAX.NS,3211.75,3339.65,4,511.6,6.6513
2025-02-18,2025-02-19,SCHAEFFLER.NS,3097.7,3057.7,5,-200.0,5.2887
2025-02-18,2025-02-19,PERSISTENT.NS,5797.25,5899.8,2,205.1,4.8081
2025-02-19,2025-02-20,BIKAJI.NS,656.15,644.35,24,-283.2,15.3873
2025-02-19,2025-02-20,AEGISLOG.NS,761.3,729.25,21,-673.05,14.8439
2025-02-19,2025-02-20,JBMA.NS,647.6,609.7,24,-909.6,14.2454
2025-02-19,2025-02-20,TATAINVEST.NS,594.45,608.72,27,385.56,13.5629
2025-02-19,2025-02-20,RVNL.NS,376.85,381.55,42,197.4,13.0493
2025-02-20,2025-02-21,NETWEB.NS,1618.1,1599.5,9,-167.4,9.7277
2025-02-20,2025-02-21,PPLPHARMA.NS,218.51,209.05,72,-681.12,9.0315
2025-02-20,2025-02-21,ARE&M.NS,1045.6,1015.2,15,-456.0,7.6939
2025-02-20,2025-02-21,NHPC.NS,79.8,79.89,199,17.91,6.9418
2025-02-20,2025-02-21,BALRAMCHIN.NS,477.65,480.3,33,87.45,6.9047
2025-02-21,2025-02-24,AFFLE.NS,1546.0,1491.85,10,-541.5,4.4066
2025-02-21,2025-02-24,LTTS.NS,5123.1,4885.6,3,-712.5,4.2255
2025-02-21,2025-02-24,KAYNES.NS,4367.7,4351.75,3,-47.85,3.7175
2025-02-21,2025-02-24,KFINTECH.NS,911.2,909.25,17,-33.15,3.6102
2025-02-21,2025-02-24,AMBER.NS,6001.2,6026.85,2,51.3,2.8131
2025-02-24,2025-02-25,DATAPATTNS.NS,1642.9,1608.05,9,-313.65,5.7479
2025-02-24,2025-02-25,VBL.NS,499.95,476.5,30,-703.5,4.6687
2025-02-24,2025-02-25,INDIANB.NS,528.15,522.0,29,-178.35,2.3348
2025-02-24,2025-02-25,ABB.NS,5389.95,5301.8,2,-176.3,1.8625
2025-02-24,2025-02-25,GABRIEL.NS,485.2,491.1,31,182.9,1.0307
2025-02-25,2025-02-27,PARADEEP.NS,96.18,90.3,157,-923.16,9.37
2025-02-25,2025-02-27,TATAINVEST.NS,616.72,597.22,24,-468.24,7.1577
2025-02-25,2025-02-27,ADANIPOWER.NS,99.56,99.45,152,-16.72,5.8924
2025-02-25,2025-02-27,SUNTV.NS,602.75,581.1,25,-541.25,3.9762
2025-02-25,2025-02-27,COLPAL.NS,2520.0,2497.05,6,-137.7,1.7729
2025-02-27,2025-02-28,CREDITACC.NS,971.45,919.1,15,-785.25,12.1184
2025-02-27,2025-02-28,LTF.NS,139.49,134.73,105,-499.8,4.4947
2025-02-27,2025-02-28,M&MFIN.NS,281.9,270.6,52,-587.6,4.0221
2025-02-27,2025-02-28,SRF.NS,2854.0,2795.4,5,-293.0,3.1051
2025-02-27,2025-02-28,CRAFTSMAN.NS,4181.05,4501.85,3,962.4,2.5069
2025-02-28,2025-03-03,HOMEFIRST.NS,1018.65,998.9,14,-276.5,10.1362
2025-02-28,2025-03-03,HDFCBANK.NS,866.2,850.78,16,-246.8,1.8639
2025-02-28,2025-03-03,CEMPRO.NS,536.5,525.35,27,-301.05,0.789
2025-03-03,2025-03-04,ANURAS.NS,709.3,729.65,20,407.0,12.16
2025-03-03,2025-03-04,AIIL.NS,315.27,302.56,45,-571.95,11.8296
2025-03-03,2025-03-04,WELSPUNLIV.NS,116.87,113.09,122,-461.16,9.306
2025-03-03,2025-03-04,TIINDIA.NS,2640.1,2718.7,5,393.0,7.2274
2025-03-03,2025-03-04,ABREL.NS,1990.2,2001.1,7,76.3,6.822
2025-03-04,2025-03-05,INDIACEM.NS,295.2,296.2,48,48.0,15.0653
2025-03-04,2025-03-05,CONCORDBIO.NS,1743.5,1747.45,8,31.6,14.5984
2025-03-04,2025-03-05,JYOTICNC.NS,860.8,833.3,16,-440.0,11.6834
2025-03-04,2025-03-05,NLCINDIA.NS,226.53,222.33,63,-264.6,10.8702
2025-03-04,2025-03-05,DCMSHRIRAM.NS,1013.5,1026.15,14,177.1,9.7337
2025-03-05,2025-03-06,GABRIEL.NS,495.7,513.65,28,502.6,11.8962
2025-03-05,2025-03-06,IIFL.NS,313.7,325.85,45,546.75,10.6135
2025-03-05,2025-03-06,ADANIGREEN.NS,848.7,845.95,16,-44.0,10.4287
2025-03-05,2025-03-06,ADANIENSOL.NS,709.45,733.25,20,476.0,9.7116
2025-03-05,2025-03-06,NAVA.NS,415.35,440.65,34,860.2,8.4182
2025-03-06,2025-03-07,LLOYDSME.NS,1103.6,1151.7,13,625.3,7.375
2025-03-06,2025-03-07,TRITURBINE.NS,535.75,613.5,27,2099.25,6.9895
2025-03-06,2025-03-07,JSWINFRA.NS,268.55,269.9,54,72.9,6.6521
2025-03-06,2025-03-07,MRPL.NS,113.1,113.67,130,74.1,6.407
2025-03-06,2025-03-07,AMBER.NS,6174.9,6339.15,2,328.5,6.2431
2025-03-07,2025-03-10,DATAPATTNS.NS,1628.25,1631.0,9,24.75,14.5767
2025-03-07,2025-03-10,INOXWIND.NS,170.75,167.63,89,-277.68,11.4629
2025-03-07,2025-03-10,GRSE.NS,1385.15,1360.5,11,-271.15,6.78
2025-03-07,2025-03-10,APARINDS.NS,6106.6,5691.4,2,-830.4,6.7112
2025-03-07,2025-03-10,TITAGARH.NS,759.0,709.0,20,-1000.0,5.3362
2025-03-10,2025-03-11,AAVAS.NS,1752.35,1770.8,8,147.6,3.1279
2025-03-10,2025-03-11,HAVELLS.NS,1469.1,1470.05,10,9.5,0.5854
2025-03-11,2025-03-12,INDGN.NS,577.55,522.55,25,-1375.0,14.2193
2025-03-11,2025-03-12,PHOENIXLTD.NS,1656.85,1601.5,8,-442.8,6.7764
2025-03-11,2025-03-12,ICICIBANK.NS,1245.4,1243.95,11,-15.95,2.5147
2025-03-12,2025-03-13,SUNDARMFIN.NS,4658.4,4627.4,3,-93.0,3.9357
2025-03-12,2025-03-13,KOTAKBANK.NS,396.51,397.02,36,18.36,2.4468
2025-03-12,2025-03-13,DIVISLAB.NS,5667.15,5620.45,2,-93.4,2.1798
2025-03-12,2025-03-13,HDFCBANK.NS,855.58,853.3,16,-36.4,1.5218
2025-03-12,2025-03-13,MUTHOOTFIN.NS,2209.0,2196.35,6,-75.9,1.1169
2025-03-13,2025-03-17,GODFRYPHLP.NS,1902.75,1983.08,7,562.33,4.9996
2025-03-13,2025-03-17,MCX.NS,961.69,992.0,15,454.65,0.7332
2025-03-13,2025-03-17,SIGNATURE.NS,1081.65,1064.3,13,-225.55,0.6373
2025-03-17,2025-03-18,ELGIEQUIP.NS,505.05,505.05,28,0.0,13.8782
2025-03-17,2025-03-18,IEX.NS,162.67,162.67,89,0.0,5.9325
2025-03-17,2025-03-18,KARURVYSYA.NS,164.6,164.6,88,0.0,5.7897
2025-03-17,2025-03-18,UPL.NS,626.15,626.15,23,0.0,4.1067
2025-03-17,2025-03-18,DRREDDY.NS,1150.7,1150.7,12,0.0,3.8585
2025-03-19,2025-03-20,HBLENGINE.NS,482.4,460.1,30,-669.0,18.7008
2025-03-19,2025-03-20,POLICYBZR.NS,1555.75,1559.2,9,31.05,14.8324
2025-03-19,2025-03-20,RPOWER.NS,37.72,36.45,388,-492.76,14.2338
2025-03-19,2025-03-20,TARIL.NS,445.15,442.8,32,-75.2,14.0825
2025-03-19,2025-03-20,JPPOWER.NS,14.75,14.64,992,-109.12,12.8539
2025-03-20,2025-03-21,GALLANTT.NS,346.75,346.55,41,-8.2,7.6529
2025-03-20,2025-03-21,EMCURE.NS,1000.05,1028.35,14,396.2,7.221
2025-03-20,2025-03-21,BHARTIARTL.NS,1705.25,1725.8,8,164.4,4.1597
2025-03-20,2025-03-21,HINDCOPPER.NS,231.79,229.91,62,-116.56,3.993
2025-03-20,2025-03-21,FSL.NS,306.6,317.5,46,501.4,3.9498
2025-03-21,2025-03-24,REDINGTON.NS,250.18,242.92,58,-421.08,9.9934
2025-03-21,2025-03-24,NEWGEN.NS,1034.15,1022.35,14,-165.2,7.4888
2025-03-21,2025-03-24,SBFC.NS,87.98,89.31,165,219.45,5.1889
2025-03-21,2025-03-24,ECLERX.NS,1374.65,1379.1,10,44.5,4.9031
2025-03-21,2025-03-24,CCL.NS,593.3,582.15,24,-267.6,4.7123
2025-03-24,2025-03-25,INDGN.NS,552.05,560.8,26,227.5,4.3967
2025-03-24,2025-03-25,OFSS.NS,7961.15,7963.95,1,2.8,4.1436
2025-03-24,2025-03-25,BHARTIHEXA.NS,1389.8,1441.1,10,513.0,3.9414
2025-03-24,2025-03-25,TECHM.NS,1458.65,1455.5,9,-28.35,3.5054
2025-03-24,2025-03-25,ZENSARTECH.NS,697.3,715.75,20,369.0,3.4493
2025-03-25,2025-03-26,CONCORDBIO.NS,1690.55,1653.9,8,-293.2,1.6933
2025-03-25,2025-03-26,GLAND.NS,1634.0,1623.1,8,-87.2,1.4781
2025-03-27,2025-03-28,BEML.NS,1570.2,1609.78,9,356.18,13.7661
2025-03-27,2025-03-28,ERIS.NS,1405.45,1417.35,10,119.0,6.9068
2025-03-27,2025-03-28,POWERINDIA.NS,12947.95,12653.65,1,-294.3,6.3675
2025-03-27,2025-03-28,WELCORP.NS,871.9,869.8,16,-33.6,5.442
2025-03-27,2025-03-28,AADHARHFC.NS,423.5,424.85,34,45.9,5.0217
2025-03-28,2025-04-01,BSE.NS,1826.6,1822.0,8,-36.8,16.981
2025-03-28,2025-04-01,RRKABEL.NS,948.0,933.15,15,-222.75,3.6405
2025-03-28,2025-04-01,HINDZINC.NS,461.9,453.75,31,-252.65,3.1257
2025-03-28,2025-04-01,EMCURE.NS,1072.4,1076.05,13,47.45,2.2063
2025-03-28,2025-04-01,HAVELLS.NS,1528.9,1501.3,9,-248.4,0.8942
2025-04-01,2025-04-02,IDEA.NS,8.1,8.22,1787,214.44,19.1176
2025-04-01,2025-04-02,GALLANTT.NS,408.0,427.35,35,677.25,7.0024
2025-04-01,2025-04-02,LEMONTREE.NS,137.06,140.71,105,383.25,6.7362
2025-04-01,2025-04-02,INDUSTOWER.NS,352.45,361.3,41,362.85,5.4293
2025-04-01,2025-04-02,GPIL.NS,189.45,201.75,76,934.8,5.1799
2025-04-02,2025-04-03,KPRMILL.NS,960.35,986.65,15,394.5,7.5721
2025-04-02,2025-04-03,BBTC.NS,1889.2,1870.85,7,-128.45,6.8794
2025-04-02,2025-04-03,KAYNES.NS,5036.95,4956.05,2,-161.8,5.0437
2025-04-02,2025-04-03,ETERNAL.NS,212.03,210.9,70,-79.1,4.9602
2025-04-02,2025-04-03,HSCL.NS,454.9,456.3,32,44.8,4.3708
2025-04-03,2025-04-04,TEJASNET.NS,876.35,842.65,17,-572.9,9.1345
2025-04-03,2025-04-04,TRIDENT.NS,27.19,26.53,552,-364.32,7.6832
2025-04-03,2025-04-04,IPCALAB.NS,1497.6,1399.25,10,-983.5,5.7664
2025-04-03,2025-04-04,IDFCFIRSTB.NS,60.35,57.81,248,-629.92,5.5254
2025-04-03,2025-04-04,ZEEL.NS,107.39,104.72,139,-371.13,5.1606
2025-04-04,2025-04-07,EMAMILTD.NS,592.8,584.55,24,-198.0,2.9524
2025-04-04,2025-04-07,MAXHEALTH.NS,1137.65,1075.5,12,-745.8,1.4581
2025-04-04,2025-04-07,HDFCBANK.NS,908.65,878.85,15,-447.0,1.2508
2025-04-07,2025-04-08,CROMPTON.NS,330.3,332.65,42,98.7,0.3037
2025-04-07,2025-04-08,NTPC.NS,349.8,352.95,40,126.0,-0.1712
2025-04-07,2025-04-08,SUNTV.NS,631.15,652.8,22,476.3,-0.2134
2025-04-07,2025-04-08,BLUEDART.NS,5918.55,6071.75,2,306.4,-0.5419
2025-04-07,2025-04-08,ZENSARTECH.NS,651.05,653.05,21,42.0,-0.5575
2025-04-08,2025-04-09,VIJAYA.NS,1016.1,970.95,14,-632.1,13.9381
2025-04-08,2025-04-09,ZEEL.NS,107.93,104.01,133,-521.36,11.2107
2025-04-08,2025-04-09,CHOLAHLDNG.NS,1718.45,1647.9,8,-564.4,10.2383
2025-04-08,2025-04-09,KAYNES.NS,4836.2,4833.55,2,-5.3,8.9406
2025-04-08,2025-04-09,AIIL.NS,328.48,311.8,43,-717.24,8.5239
2025-04-09,2025-04-11,TARIL.NS,518.7,544.6,26,673.4,5.0
2025-04-09,2025-04-11,ITI.NS,252.44,252.07,54,-19.98,4.1806
2025-04-09,2025-04-11,GODFRYPHLP.NS,2307.18,2345.7,6,231.1,3.8851
2025-04-09,2025-04-11,NAVINFLUOR.NS,3979.4,4099.4,3,360.0,3.3986
2025-04-09,2025-04-11,NUVOCO.NS,314.0,314.45,44,19.8,2.9846
2025-04-11,2025-04-15,SARDAEN.NS,467.65,485.6,30,538.5,11.7176
2025-04-11,2025-04-15,JUBLPHARMA.NS,918.3,919.9,15,24.0,10.8924
2025-04-11,2025-04-15,LTFOODS.NS,354.35,360.5,39,239.85,10.2692
2025-04-11,2025-04-15,ATUL.NS,5727.35,5627.0,2,-200.7,10.2134
2025-04-11,2025-04-15,WOCKPHARMA.NS,1319.15,1402.3,10,831.5,9.9109
2025-04-15,2025-04-16,DATAPATTNS.NS,1878.7,1890.7,7,84.0,11.6977
2025-04-15,2025-04-16,HFCL.NS,82.52,82.39,174,-22.62,8.5647
2025-04-15,2025-04-16,IREDA.NS,166.98,176.39,86,809.26,8.2879
2025-04-15,2025-04-16,LODHA.NS,1214.0,1240.8,11,294.8,8.1418
2025-04-16,2025-04-17,EMCURE.NS,1008.3,1098.8,14,1267.0,5.9361
2025-04-16,2025-04-17,J&KBANK.NS,98.24,102.16,149,584.08,5.4643
2025-04-16,2025-04-17,AEGISLOG.NS,806.3,787.0,18,-347.4,5.2542
2025-04-16,2025-04-17,INDIANB.NS,568.15,575.2,25,176.25,4.97
2025-04-16,2025-04-17,THERMAX.NS,3366.4,3394.4,4,112.0,3.722
2025-04-17,2025-04-21,SUNPHARMA.NS,1751.5,1744.9,8,-52.8,3.4493
2025-04-17,2025-04-21,COFORGE.NS,1320.0,1387.6,11,743.6,2.9963
2025-04-17,2025-04-21,BAYERCROP.NS,4997.5,4897.2,3,-300.9,2.8292
2025-04-17,2025-04-21,CARTRADE.NS,1562.5,1609.9,9,426.6,1.9776
2025-04-17,2025-04-21,TORNTPHARM.NS,3254.8,3254.6,4,-0.8,0.9961
2025-04-21,2025-04-22,IDEA.NS,8.07,7.97,1879,-187.9,10.3967
2025-04-21,2025-04-22,TATAELXSI.NS,5342.0,5480.0,2,276.0,9.0093
2025-04-21,2025-04-22,AAVAS.NS,2166.3,2220.5,7,379.4,7.0148
2025-04-21,2025-04-22,ZENSARTECH.NS,689.45,678.85,21,-222.6,5.5658
2025-04-21,2025-04-22,MUTHOOTFIN.NS,2203.6,2272.7,6,414.6,4.3569
2025-04-22,2025-04-23,MAXHEALTH.NS,1128.7,1129.6,13,11.7,5.191
2025-04-22,2025-04-23,TARIL.NS,574.2,560.15,26,-365.3,4.9918
2025-04-22,2025-04-23,MGL.NS,1343.5,1323.1,11,-224.4,3.8494
2025-04-22,2025-04-23,ABSLAMC.NS,665.95,667.15,22,26.4,3.3923
2025-04-22,2025-04-23,IGL.NS,188.15,185.51,81,-213.84,3.0564
2025-04-23,2025-04-24,TCS.NS,3413.0,3401.6,4,-45.6,2.9749
2025-04-23,2025-04-24,TRITURBINE.NS,521.25,520.15,29,-31.9,2.266
2025-04-23,2025-04-24,SONATSOFTW.NS,327.9,355.5,46,1269.6,2.0859
2025-04-23,2025-04-24,ZYDUSLIFE.NS,868.0,880.25,17,208.25,1.7943
2025-04-23,2025-04-24,GLENMARK.NS,1412.5,1420.9,10,84.0,1.5602
2025-04-24,2025-04-25,SPLPETRO.NS,647.05,653.05,23,138.0,2.147
2025-04-24,2025-04-25,SIEMENS.NS,2903.5,2833.5,5,-350.0,1.0968
2025-04-28,2025-04-29,BPCL.NS,310.0,311.7,49,83.3,4.836
2025-04-28,2025-04-29,ZENTEC.NS,1455.6,1471.2,10,156.0,2.7894
2025-04-29,2025-04-30,GRSE.NS,1957.8,1917.0,7,-285.6,11.8999
2025-04-29,2025-04-30,TBOTEK.NS,1130.0,1123.3,13,-87.1,11.4948
2025-04-29,2025-04-30,COCHINSHIP.NS,1652.4,1591.4,9,-549.0,10.006
2025-04-29,2025-04-30,SONACOMS.NS,491.85,481.15,31,-331.7,6.1738
2025-04-29,2025-04-30,TIINDIA.NS,2797.5,2898.6,5,505.5,5.8737
2025-04-30,2025-05-02,BHARTIHEXA.NS,1689.1,1699.4,9,92.7,5.734
2025-04-30,2025-05-02,IGL.NS,192.59,194.36,79,139.83,4.0802
2025-04-30,2025-05-02,MARUTI.NS,12257.0,12405.0,1,148.0,3.5132
2025-04-30,2025-05-02,GLAXO.NS,2964.6,2855.2,5,-547.0,2.1501
2025-05-02,2025-05-05,TIMKEN.NS,2671.0,2645.3,5,-128.5,8.9093
2025-05-02,2025-05-05,JUBLINGREA.NS,693.25,703.85,22,233.2,7.9072
2025-05-02,2025-05-05,RAILTEL.NS,315.9,322.85,48,333.6,6.705
2025-05-02,2025-05-05,CREDITACC.NS,1158.1,1170.3,13,158.6,6.3892
2025-05-02,2025-05-05,ACUTAAS.NS,1197.8,1202.1,12,51.6,5.9438
2025-05-05,2025-05-06,NETWEB.NS,1604.4,1565.6,9,-349.2,13.1453
2025-05-05,2025-05-06,ATGL.NS,665.55,632.95,23,-749.8,10.962
2025-05-05,2025-05-06,CEMPRO.NS,532.0,502.2,28,-834.4,10.0652
2025-05-05,2025-05-06,MOTILALOFS.NS,696.3,664.45,22,-700.7,9.4811
2025-05-05,2025-05-06,JBMA.NS,692.35,681.15,22,-246.4,7.5161
2025-05-06,2025-05-07,CCL.NS,694.45,772.6,21,1641.15,17.1672
2025-05-06,2025-05-07,NEWGEN.NS,1078.2,1082.15,13,51.35,3.5039
2025-05-06,2025-05-07,BHARTIARTL.NS,1901.0,1896.8,7,-29.4,1.8757
2025-05-06,2025-05-07,HINDUNILVR.NS,2381.8,2370.8,6,-66.0,1.4136
2025-05-06,2025-05-07,EXIDEIND.NS,370.25,376.05,40,232.0,1.1198
2025-05-07,2025-05-08,WELSPUNLIV.NS,134.98,137.89,112,325.92,12.0259
2025-05-07,2025-05-08,ENDURANCE.NS,2022.6,2061.9,7,275.1,8.0795
2025-05-07,2025-05-08,KPRMILL.NS,1101.2,1188.85,13,1139.45,8.0561
2025-05-07,2025-05-08,IIFL.NS,367.8,360.8,41,-287.0,6.8099
2025-05-07,2025-05-08,SYRMA.NS,487.6,478.05,31,-296.05,6.6492
2025-05-08,2025-05-09,CONCORDBIO.NS,1523.0,1543.6,10,206.0,9.0506
2025-05-08,2025-05-09,ZFCVINDIA.NS,2105.33,2090.17,7,-106.17,1.666
2025-05-08,2025-05-09,TITAN.NS,3369.3,3510.3,4,564.0,0.9105
2025-05-09,2025-05-12,CRAFTSMAN.NS,4867.5,5031.4,3,491.7,6.3446
2025-05-09,2025-05-12,UNIONBANK.NS,122.9,128.11,126,656.46,6.3333
2025-05-09,2025-05-12,BHARATFORG.NS,1165.6,1199.2,13,436.8,4.6883
2025-05-09,2025-05-12,ZEEL.NS,115.8,117.14,134,179.56,4.1742
2025-05-09,2025-05-12,LTFOODS.NS,359.55,366.55,43,301.0,3.0524
2025-05-12,2025-05-13,GALLANTT.NS,463.25,466.1,34,96.9,11.4519
2025-05-12,2025-05-13,JBMA.NS,691.75,688.55,23,-73.6,11.4378
2025-05-12,2025-05-13,RVNL.NS,359.45,357.05,44,-105.6,11.2504
2025-05-12,2025-05-13,FORCEMOT.NS,10757.5,10538.5,1,-219.0,10.7593
2025-05-12,2025-05-13,JWL.NS,370.1,373.1,43,129.0,10.7089
2025-05-13,2025-05-14,GRSE.NS,1914.8,2188.0,8,2185.6,5.1337
2025-05-13,2025-05-14,JYOTICNC.NS,1234.6,1239.8,12,62.4,5.0098
2025-05-13,2025-05-14,BLUEJET.NS,769.0,770.15,20,23.0,4.6757
2025-05-13,2025-05-14,AJANTPHARM.NS,2592.7,2586.3,6,-38.4,4.4475
2025-05-13,2025-05-14,AADHARHFC.NS,460.55,450.5,34,-341.7,4.2794
2025-05-14,2025-05-15,PTCIL.NS,14005.0,14351.0,1,346.0,9.8259
2025-05-14,2025-05-15,SUNDARMFIN.NS,5211.0,5080.5,3,-391.5,4.1992
2025-05-14,2025-05-15,NUVOCO.NS,353.1,358.7,46,257.6,3.7766
2025-05-14,2025-05-15,CHOLAHLDNG.NS,1846.9,1877.2,8,242.4,3.4852
2025-05-14,2025-05-15,HAL.NS,4768.0,4864.8,3,290.4,3.4318
2025-05-15,2025-05-16,RKFORGE.NS,623.9,623.7,26,-5.2,7.0154
2025-05-15,2025-05-16,CARTRADE.NS,1687.8,1660.5,9,-245.7,2.5021
2025-05-15,2025-05-16,BATAINDIA.NS,1236.0,1248.5,13,162.5,2.115
2025-05-15,2025-05-16,SUNPHARMA.NS,1740.1,1734.9,9,-46.8,1.8675
2025-05-15,2025-05-16,SBILIFE.NS,1784.6,1773.4,9,-100.8,1.675
2025-05-16,2025-05-19,SAPPHIRE.NS,331.0,327.65,49,-164.15,7.7299
2025-05-16,2025-05-19,TEJASNET.NS,740.6,741.65,22,23.1,5.3785
2025-05-16,2025-05-19,WOCKPHARMA.NS,1330.4,1358.9,12,342.0,3.6621
2025-05-16,2025-05-19,JSWDULUX.NS,3598.4,3614.8,4,65.6,3.4885
2025-05-16,2025-05-19,APOLLOTYRE.NS,494.25,488.55,33,-188.1,2.8723
2025-05-19,2025-05-20,HOMEFIRST.NS,1207.4,1178.5,13,-375.7,3.4796
2025-05-19,2025-05-20,KPRMILL.NS,1213.55,1230.3,13,217.75,3.2018
2025-05-19,2025-05-20,FLUOROCHEM.NS,3984.4,3978.3,4,-24.4,1.8325
2025-05-19,2025-05-20,APTUS.NS,329.9,327.8,49,-102.9,0.9486
2025-05-19,2025-05-20,BIOCON.NS,341.6,332.5,48,-436.8,0.6482
2025-05-21,2025-05-22,TTML.NS,69.09,76.68,235,1783.65,18.6502
2025-05-21,2025-05-22,GLAXO.NS,2984.2,3018.7,5,172.5,7.0911
2025-05-21,2025-05-22,SOLARINDS.NS,14192.0,15008.0,1,816.0,5.2117
2025-05-21,2025-05-22,ERIS.NS,1505.9,1519.8,10,139.0,2.4282
2025-05-22,2025-05-23,SCI.NS,196.11,202.48,85,541.45,7.8713
2025-05-22,2025-05-23,FORTIS.NS,723.8,719.05,23,-109.25,7.7003
2025-05-22,2025-05-23,POLICYBZR.NS,1763.7,1777.6,9,125.1,2.1428
2025-05-22,2025-05-23,PARADEEP.NS,156.89,157.21,107,34.24,0.8485
2025-05-22,2025-05-23,BATAINDIA.NS,1261.0,1275.7,13,191.1,0.1907
2025-05-23,2025-05-26,IFCI.NS,55.26,58.45,307,979.33,10.6971
2025-05-23,2025-05-26,TBOTEK.NS,1320.9,1306.7,12,-170.4,10.1668
2025-05-23,2025-05-26,BAJAJHLDNG.NS,13748.0,13978.0,1,230.0,4.1673
2025-05-23,2025-05-26,ETERNAL.NS,237.55,226.8,71,-763.25,3.7246
2025-05-23,2025-05-26,PFOCUS.NS,102.15,105.22,166,509.62,3.0361
2025-05-26,2025-05-27,BEML.NS,2139.85,2163.8,8,191.6,15.1107
2025-05-26,2025-05-27,LINDEINDIA.NS,7560.5,7519.5,2,-82.0,7.1803
2025-05-26,2025-05-27,KEC.NS,861.45,861.7,19,4.75,5.6799
2025-05-26,2025-05-27,TIMKEN.NS,3113.8,3125.9,5,60.5,5.6098
2025-05-26,2025-05-27,HUDCO.NS,238.26,240.15,72,136.08,4.6009
2025-05-27,2025-05-28,ITI.NS,309.25,340.15,55,1699.5,9.9947
2025-05-27,2025-05-28,FORCEMOT.NS,11031.0,11764.0,1,733.0,4.2381
2025-05-27,2025-05-28,RAINBOW.NS,1400.6,1407.7,12,85.2,3.175
2025-05-27,2025-05-28,CREDITACC.NS,1173.8,1185.9,14,169.4,2.6318
2025-05-27,2025-05-28,TRITURBINE.NS,606.0,592.1,28,-389.2,2.5728
2025-05-28,2025-05-29,TECHNOE.NS,1438.0,1443.8,12,69.6,14.9756
2025-05-28,2025-05-29,DEEPAKFERT.NS,1444.7,1519.5,12,897.6,6.5885
2025-05-28,2025-05-29,RITES.NS,287.69,284.93,61,-168.36,4.0357
2025-05-28,2025-05-29,BHARTIHEXA.NS,1785.0,1789.1,9,36.9,3.1434
2025-05-29,2025-05-30,HEG.NS,514.35,523.5,34,311.1,4.8196
2025-05-29,2025-05-30,RBLBANK.NS,215.8,213.07,82,-223.86,4.005
2025-05-29,2025-05-30,HBLENGINE.NS,589.8,600.3,30,315.0,3.5736
2025-05-29,2025-05-30,BSE.NS,2464.5,2674.0,7,1466.5,2.5166
2025-05-30,2025-06-02,MUTHOOTFIN.NS,2215.4,2222.3,8,55.2,7.2729
2025-05-30,2025-06-02,HOMEFIRST.NS,1274.8,1262.8,14,-168.0,6.3042
2025-05-30,2025-06-02,MAHABANK.NS,53.98,57.51,337,1189.61,5.8639
2025-05-30,2025-06-02,UCOBANK.NS,33.05,34.27,551,672.22,5.6586
2025-05-30,2025-06-02,IOB.NS,39.84,42.06,457,1014.54,5.4805
2025-06-02,2025-06-03,KARURVYSYA.NS,199.72,196.37,94,-314.9,8.1059
2025-06-02,2025-06-03,ANANDRATHI.NS,984.2,980.3,19,-74.1,4.8974
2025-06-02,2025-06-03,GESHIP.NS,971.85,976.6,19,90.25,4.4102
2025-06-02,2025-06-03,DATAPATTNS.NS,2947.3,2963.9,6,99.6,3.4794
2025-06-02,2025-06-03,PNBHOUSING.NS,1073.3,1050.7,17,-384.2,2.718
2025-06-03,2025-06-04,FACT.NS,1046.8,1031.05,17,-267.75,17.8364
2025-06-03,2025-06-04,INDIACEM.NS,351.7,340.9,53,-572.4,6.7375
2025-06-03,2025-06-04,LLOYDSME.NS,1442.1,1500.0,12,694.8,6.546
2025-06-03,2025-06-04,EIDPARRY.NS,983.5,979.65,18,-69.3,3.3197
2025-06-03,2025-06-04,JSL.NS,663.9,655.95,28,-222.6,3.2424
2025-06-04,2025-06-05,SWANCORP.NS,449.2,458.3,41,373.1,8.963
2025-06-04,2025-06-05,RVNL.NS,429.95,429.6,43,-15.05,6.4892
2025-06-04,2025-06-05,ASTERDM.NS,582.85,586.9,31,125.55,5.5601
2025-06-04,2025-06-05,PFOCUS.NS,114.79,116.16,161,220.57,4.8981
2025-06-04,2025-06-05,CESC.NS,168.87,166.54,110,-256.3,4.5894
2025-06-05,2025-06-06,WELSPUNLIV.NS,140.61,137.22,132,-447.48,5.0034
2025-06-05,2025-06-06,ABDL.NS,423.7,428.45,44,209.0,4.8762
2025-06-05,2025-06-06,JSWINFRA.NS,307.1,303.65,60,-207.0,4.8481
2025-06-05,2025-06-06,LTF.NS,183.36,189.79,101,649.43,4.6516
2025-06-05,2025-06-06,NAUKRI.NS,1474.4,1507.2,12,393.6,4.5229
2025-06-06,2025-06-09,RKFORGE.NS,656.75,663.95,28,201.6,9.3672
2025-06-06,2025-06-09,ABREL.NS,2355.8,2460.4,7,732.2,9.0497
2025-06-06,2025-06-09,CHOLAHLDNG.NS,1940.3,1988.8,9,436.5,8.3301
2025-06-06,2025-06-09,IDFCFIRSTB.NS,71.55,72.31,262,199.12,7.1108
2025-06-06,2025-06-09,ICICIGI.NS,2006.2,2021.4,9,136.8,6.8549
2025-06-09,2025-06-10,CGCL.NS,181.34,178.98,105,-247.8,19.2712
2025-06-09,2025-06-10,MGL.NS,1416.3,1393.8,13,-292.5,6.5208
2025-06-09,2025-06-10,JINDALSAW.NS,231.88,247.99,82,1321.02,6.4402
2025-06-09,2025-06-10,COROMANDEL.NS,2411.2,2330.5,7,-564.9,4.9123
2025-06-09,2025-06-10,KIRLOSENG.NS,911.85,899.0,20,-257.0,4.8525
2025-06-10,2025-06-11,GALLANTT.NS,463.65,466.25,41,106.6,4.3552
2025-06-10,2025-06-11,GILLETTE.NS,10138.5,10235.5,1,97.0,3.724
2025-06-10,2025-06-11,BLUESTARCO.NS,1624.5,1633.0,11,93.5,3.5109
2025-06-10,2025-06-11,LTTS.NS,4487.3,4584.9,4,390.4,3.456
2025-06-10,2025-06-11,KAJARIACER.NS,1064.8,1057.0,17,-132.6,3.1783
2025-06-11,2025-06-12,TTML.NS,75.85,76.9,253,265.65,6.0988
2025-06-11,2025-06-12,NATCOPHARM.NS,934.1,924.2,20,-198.0,5.9491
2025-06-11,2025-06-12,PTCIL.NS,15426.0,15357.0,1,-69.0,5.1247
2025-06-11,2025-06-12,CAPLIPOINT.NS,2116.2,2113.4,9,-25.2,4.1796
2025-06-11,2025-06-12,INDGN.NS,606.8,598.85,31,-246.45,4.0288
2025-06-12,2025-06-13,PFIZER.NS,5889.0,5882.5,3,-19.5,1.9564
2025-06-12,2025-06-13,APOLLOHOSP.NS,6996.5,6994.5,2,-4.0,0.996
2025-06-13,2025-06-16,JUBLINGREA.NS,793.55,775.05,24,-444.0,16.3563
2025-06-13,2025-06-16,SCI.NS,227.06,235.3,84,692.16,10.0523
2025-06-13,2025-06-16,ESCORTS.NS,3130.2,3149.6,6,116.4,-1.162
2025-06-16,2025-06-17,IGL.NS,212.33,208.91,90,-307.8,6.7629
2025-06-16,2025-06-17,NEWGEN.NS,1233.6,1222.9,15,-160.5,5.6798
2025-06-16,2025-06-17,MCX.NS,1565.5,1585.1,12,235.2,3.5726
2025-06-16,2025-06-17,ATUL.NS,7253.5,7185.0,2,-137.0,3.5696
2025-06-16,2025-06-17,HINDCOPPER.NS,262.76,252.71,73,-733.65,3.5671
2025-06-17,2025-06-18,POWERINDIA.NS,18654.0,18461.0,1,-193.0,6.0549
2025-06-17,2025-06-18,MMTC.NS,72.09,69.37,263,-715.36,4.9956
2025-06-17,2025-06-18,CRISIL.NS,5670.5,5601.5,3,-207.0,4.7764
2025-06-17,2025-06-18,NUVAMA.NS,1479.0,1454.4,12,-295.2,4.7154
2025-06-17,2025-06-18,BAYERCROP.NS,5654.5,5659.5,3,15.0,2.7811
2025-06-18,2025-06-19,PFOCUS.NS,130.98,120.44,143,-1507.22,10.2804
2025-06-18,2025-06-19,INDUSINDBK.NS,850.5,837.5,22,-286.0,5.1103
2025-06-18,2025-06-19,RBLBANK.NS,228.43,223.84,82,-376.38,4.4729
2025-06-18,2025-06-19,DMART.NS,4228.4,4203.1,4,-101.2,4.1709
2025-06-18,2025-06-19,BANDHANBNK.NS,180.75,178.25,103,-257.5,3.2798
2025-06-19,2025-06-20,GALLANTT.NS,470.6,506.4,38,1360.4,4.3112
2025-06-19,2025-06-20,M&M.NS,3094.8,3184.4,5,448.0,1.7658
2025-06-19,2025-06-20,TITAN.NS,3505.4,3519.0,5,68.0,1.0843
2025-06-20,2025-06-23,ENDURANCE.NS,2576.0,2546.7,7,-205.1,6.6667
2025-06-20,2025-06-23,KFINTECH.NS,1272.5,1314.2,14,583.8,6.2187
2025-06-20,2025-06-23,GODIGIT.NS,356.2,345.95,52,-533.0,5.3223
2025-06-20,2025-06-23,PFC.NS,409.05,410.9,45,83.25,4.7906
2025-06-20,2025-06-23,MAXHEALTH.NS,1213.8,1190.2,15,-354.0,4.368
2025-06-23,2025-06-24,ZEEL.NS,149.66,143.58,123,-747.84,12.4587
2025-06-23,2025-06-24,CHENNPETRO.NS,702.35,685.8,26,-430.3,10.9645
2025-06-23,2025-06-24,MRPL.NS,145.74,141.74,127,-508.0,7.9156
2025-06-23,2025-06-24,POONAWALLA.NS,437.55,444.05,42,273.0,5.4591
2025-06-23,2025-06-24,JSWDULUX.NS,3261.6,3230.7,5,-154.5,5.2299
2025-06-24,2025-06-25,LTFOODS.NS,441.7,448.9,41,295.2,8.9004
2025-06-24,2025-06-25,JMFINANCIL.NS,150.29,154.77,121,542.08,7.7811
2025-06-24,2025-06-25,USHAMART.NS,332.05,336.3,54,229.5,7.0611
2025-06-24,2025-06-25,TITAGARH.NS,922.85,924.4,19,29.45,5.3542
2025-06-24,2025-06-25,CGCL.NS,176.52,174.34,103,-224.54,5.1653
2025-06-25,2025-06-26,EIDPARRY.NS,1055.0,1019.3,17,-606.9,8.6677
2025-06-25,2025-06-26,INDIACEM.NS,334.35,334.95,55,33.0,7.2666
2025-06-25,2025-06-26,WELSPUNLIV.NS,139.82,143.47,131,478.15,6.5376
2025-06-25,2025-06-26,JUBLPHARMA.NS,1183.9,1180.0,15,-58.5,5.6865
2025-06-25,2025-06-26,GABRIEL.NS,637.3,659.8,28,630.0,5.6619
2025-06-26,2025-06-27,APARINDS.NS,8672.0,8438.0,2,-468.0,7.2869
2025-06-26,2025-06-27,TIINDIA.NS,3005.3,3082.1,6,460.8,5.2202
2025-06-26,2025-06-27,BIKAJI.NS,750.5,754.8,24,103.2,4.8844
2025-06-26,2025-06-27,SHRIRAMFIN.NS,703.2,699.95,26,-84.5,4.1624
2025-06-27,2025-06-30,PFOCUS.NS,136.83,138.83,135,270.0,19.9947
2025-06-27,2025-06-30,HSCL.NS,505.15,517.8,36,455.4,12.5181
2025-06-27,2025-06-30,COROMANDEL.NS,2432.2,2505.2,7,511.0,6.7176
2025-06-27,2025-06-30,SUZLON.NS,67.32,67.72,274,109.6,4.3236
2025-06-27,2025-06-30,UCOBANK.NS,31.53,32.4,586,509.82,3.9908
2025-06-30,2025-07-01,CARTRADE.NS,1700.7,1695.3,11,-59.4,6.0816
2025-06-30,2025-07-01,SBFC.NS,112.13,107.92,168,-707.28,5.1975
2025-06-30,2025-07-01,MAHABANK.NS,57.11,58.33,330,402.6,5.175
2025-06-30,2025-07-01,NIACL.NS,192.48,190.94,98,-150.92,4.7852
2025-06-30,2025-07-01,NATCOPHARM.NS,926.65,933.0,20,127.0,4.7713
2025-07-01,2025-07-02,RRKABEL.NS,1384.0,1362.6,13,-278.2,2.6249
2025-07-01,2025-07-02,BIOCON.NS,362.5,368.55,51,308.55,1.9117
2025-07-02,2025-07-03,RITES.NS,295.1,285.85,63,-582.75,5.7517
2025-07-02,2025-07-03,MANKIND.NS,2384.7,2361.7,7,-161.0,4.272
2025-07-02,2025-07-03,APOLLOTYRE.NS,466.8,462.6,40,-168.0,4.2662
2025-07-02,2025-07-03,JKTYRE.NS,367.05,368.45,51,71.4,2.9738
2025-07-02,2025-07-03,BHARATFORG.NS,1311.4,1298.7,14,-177.8,2.1181
2025-07-03,2025-07-04,AIIL.NS,536.72,513.58,34,-786.76,7.344
2025-07-03,2025-07-04,COHANCE.NS,1007.4,1036.5,18,523.8,4.0918
2025-07-03,2025-07-04,OIL.NS,452.95,445.75,41,-295.2,3.9115
2025-07-03,2025-07-04,AJANTPHARM.NS,2631.5,2695.5,7,448.0,3.2406
2025-07-03,2025-07-04,WOCKPHARMA.NS,1748.4,1724.8,10,-236.0,2.9864
2025-07-04,2025-07-07,CHOICEIN.NS,734.4,709.35,25,-626.25,5.8137
2025-07-04,2025-07-07,DEVYANI.NS,172.96,172.65,107,-33.17,3.4512
2025-07-04,2025-07-07,LALPATHLAB.NS,1424.5,1427.35,13,37.05,3.3482
2025-07-04,2025-07-07,BLUEJET.NS,897.25,898.6,20,27.0,3.2806
2025-07-04,2025-07-07,MARICO.NS,728.6,729.35,25,18.75,2.1378
2025-07-07,2025-07-08,GODREJCP.NS,1268.4,1277.4,14,126.0,6.3291
2025-07-07,2025-07-08,BLS.NS,377.35,379.05,48,81.6,3.7531
2025-07-07,2025-07-08,TARIL.NS,488.2,492.8,37,170.2,3.6078
2025-07-07,2025-07-08,MSUMI.NS,41.37,43.07,444,751.84,2.8846
2025-07-07,2025-07-08,IIFL.NS,487.2,501.25,37,519.85,2.6008
2025-07-08,2025-07-09,KOTAKBANK.NS,444.9,445.86,42,40.32,3.4747
2025-07-08,2025-07-09,LINDEINDIA.NS,6893.5,6792.5,2,-202.0,3.2038
2025-07-08,2025-07-09,AIAENG.NS,3444.8,3459.1,5,71.5,2.7378
2025-07-08,2025-07-09,BRIGADE.NS,840.67,808.05,22,-717.75,2.6841
2025-07-08,2025-07-09,FORCEMOT.NS,15234.0,16719.0,1,1485.0,2.655
2025-07-09,2025-07-10,PGEL.NS,788.75,773.35,23,-354.2,6.5159
2025-07-09,2025-07-10,NYKAA.NS,213.37,217.14,88,331.76,5.3211
2025-07-09,2025-07-10,PCBL.NS,423.7,434.4,44,470.8,4.7855
2025-07-09,2025-07-10,BEML.NS,2333.7,2302.5,8,-249.6,3.172
2025-07-09,2025-07-10,ELECON.NS,660.35,648.7,28,-326.2,3.1394
2025-07-10,2025-07-11,KIRLOSENG.NS,918.1,914.85,20,-65.0,10.3685
2025-07-10,2025-07-11,CGCL.NS,177.67,176.2,106,-155.82,5.7056
2025-07-10,2025-07-11,SAMMAANCAP.NS,132.0,127.21,142,-680.18,3.2056
2025-07-10,2025-07-11,RKFORGE.NS,683.25,660.95,27,-602.1,3.031
2025-07-10,2025-07-11,PFC.NS,429.45,430.95,43,64.5,2.8007
2025-07-11,2025-07-14,NETWEB.NS,1947.4,1981.0,9,302.4,7.4309
2025-07-11,2025-07-14,NEULANDLAB.NS,12301.0,14548.0,1,2247.0,3.5438
2025-07-11,2025-07-14,AAVAS.NS,2009.2,1988.9,9,-182.7,2.8039
2025-07-11,2025-07-14,ECLERX.NS,1740.6,1796.0,10,554.0,2.079
2025-07-11,2025-07-14,SBILIFE.NS,1835.2,1851.3,10,161.0,1.3811
2025-07-14,2025-07-15,GODFRYPHLP.NS,3017.0,3120.0,6,618.0,7.7308
2025-07-14,2025-07-15,IDEA.NS,7.71,7.66,2486,-124.3,7.5314
2025-07-14,2025-07-15,INDIAMART.NS,2741.6,2713.2,6,-170.4,5.2599
2025-07-14,2025-07-15,HEG.NS,531.45,531.9,36,16.2,5.1439
2025-07-14,2025-07-15,TEGA.NS,1772.8,1833.3,10,605.0,4.6579
2025-07-15,2025-07-16,SWANCORP.NS,502.25,521.95,38,748.6,11.376
2025-07-15,2025-07-16,FACT.NS,976.45,970.6,19,-111.15,7.9845
2025-07-15,2025-07-16,HEROMOTOCO.NS,4454.0,4424.5,4,-118.0,4.7581
2025-07-15,2025-07-16,SUMICHEM.NS,565.85,585.5,34,668.1,4.3138
2025-07-15,2025-07-16,KEI.NS,3892.4,3891.1,4,-5.2,4.2812
2025-07-16,2025-07-17,CHOICEIN.NS,747.1,756.3,26,239.2,5.9416
2025-07-16,2025-07-17,THERMAX.NS,3645.8,3885.9,5,1200.5,4.7824
2025-07-16,2025-07-17,NLCINDIA.NS,238.4,239.18,82,63.96,3.8147
2025-07-16,2025-07-17,BIKAJI.NS,749.05,749.55,26,13.0,3.4314
2025-07-16,2025-07-17,HINDPETRO.NS,446.1,440.0,43,-262.3,2.9184
2025-07-17,2025-07-18,SONACOMS.NS,486.0,479.75,40,-250.0,6.8015
2025-07-17,2025-07-18,AWL.NS,278.3,274.55,71,-266.25,6.0797
2025-07-17,2025-07-18,POWERINDIA.NS,19490.0,19075.0,1,-415.0,5.0108
2025-07-17,2025-07-18,ZYDUSWELL.NS,420.42,418.8,47,-76.14,4.8586
2025-07-17,2025-07-18,NUVAMA.NS,1563.7,1545.7,12,-216.0,4.1911
2025-07-18,2025-07-21,GMDCLTD.NS,435.3,435.85,45,24.75,14.7338
2025-07-18,2025-07-21,SAREGAMA.NS,509.5,508.1,38,-53.2,4.5986
2025-07-18,2025-07-21,PVRINOX.NS,1019.4,1032.45,19,247.95,4.4307
2025-07-18,2025-07-21,WELSPUNLIV.NS,142.85,142.4,137,-61.65,2.6295
2025-07-18,2025-07-21,BAJFINANCE.NS,942.0,948.45,20,129.0,2.0253
2025-07-21,2025-07-22,ETERNAL.NS,271.7,299.8,72,2023.2,5.6376
2025-07-21,2025-07-22,JYOTICNC.NS,1075.2,1057.4,18,-320.4,5.3395
2025-07-21,2025-07-22,PERSISTENT.NS,5779.0,5713.5,3,-196.5,4.1731
2025-07-21,2025-07-22,LLOYDSME.NS,1529.4,1530.8,12,16.8,3.8571
2025-07-21,2025-07-22,MMTC.NS,70.68,70.29,278,-108.42,3.7885
2025-07-22,2025-07-23,RHIM.NS,514.8,524.0,38,349.6,6.6943
2025-07-22,2025-07-23,NLCINDIA.NS,241.16,244.59,82,281.26,4.8066
2025-07-22,2025-07-23,NAUKRI.NS,1458.8,1475.0,13,210.6,4.2149
2025-07-22,2025-07-23,ANGELONE.NS,280.54,282.58,71,144.84,3.6618
2025-07-22,2025-07-23,HAVELLS.NS,1578.6,1572.7,12,-70.8,3.0687
2025-07-23,2025-07-24,MRPL.NS,155.89,151.39,129,-580.5,7.6514
2025-07-23,2025-07-24,CASTROLIND.NS,228.66,228.0,88,-58.08,3.8231
2025-07-23,2025-07-24,MAXHEALTH.NS,1255.4,1267.4,16,192.0,3.003
2025-07-23,2025-07-24,TMPV.NS,690.1,700.5,29,301.6,2.4799
2025-07-23,2025-07-24,LTM.NS,5298.0,5206.0,3,-276.0,2.3669
2025-07-24,2025-07-25,RAINBOW.NS,1623.9,1556.4,12,-810.0,5.826
2025-07-24,2025-07-25,CANBK.NS,113.51,110.76,176,-484.0,5.2968
2025-07-24,2025-07-25,GRAVITA.NS,1812.9,1886.6,11,810.7,5.0957
2025-07-24,2025-07-25,JBMA.NS,674.05,658.1,29,-462.55,4.4553
2025-07-24,2025-07-25,INDIANB.NS,652.15,637.55,30,-438.0,4.4443
2025-07-25,2025-07-28,PHOENIXLTD.NS,1525.9,1508.8,12,-205.2,5.3726
2025-07-25,2025-07-28,HOMEFIRST.NS,1479.0,1371.7,13,-1394.9,4.4565
2025-07-25,2025-07-28,CIPLA.NS,1532.5,1572.0,12,474.0,2.9975
2025-07-25,2025-07-28,ZYDUSLIFE.NS,976.4,980.1,20,74.0,0.5302
2025-07-28,2025-07-29,MEDANTA.NS,1355.4,1331.4,14,-336.0,2.4412
2025-07-28,2025-07-29,DABUR.NS,522.0,518.3,37,-136.9,2.0827
2025-07-28,2025-07-29,LUPIN.NS,1960.5,1984.6,9,216.9,0.4869
2025-07-29,2025-07-30,APARINDS.NS,9681.5,9669.5,2,-24.0,11.7311
2025-07-29,2025-07-30,NETWEB.NS,1972.8,2023.0,9,451.8,7.9508
2025-07-29,2025-07-30,AFFLE.NS,1985.4,1983.3,9,-18.9,7.9139
2025-07-29,2025-07-30,WELCORP.NS,924.55,941.6,21,358.05,7.1321
2025-07-29,2025-07-30,TATACHEM.NS,1000.0,1001.35,19,25.65,7.0263
2025-07-30,2025-07-31,NIACL.NS,204.35,199.78,96,-438.72,17.7674
2025-07-30,2025-07-31,JUBLPHARMA.NS,1236.3,1194.1,15,-633.0,7.2339
2025-07-30,2025-07-31,DMART.NS,4281.4,4267.4,4,-56.0,7.0618
2025-07-30,2025-07-31,GODFRYPHLP.NS,3130.17,3036.83,6,-560.0,5.0098
2025-07-31,2025-08-01,KAYNES.NS,6172.0,6371.5,3,598.5,9.4714
2025-07-31,2025-08-01,EMAMILTD.NS,600.65,619.3,32,596.8,6.2533
2025-07-31,2025-08-01,CUB.NS,160.71,160.4,120,-36.9,3.4969
2025-07-31,2025-08-01,GODREJCP.NS,1259.0,1266.5,15,112.5,3.4851
2025-07-31,2025-08-01,HINDUNILVR.NS,2521.2,2553.7,7,227.5,3.4381
2025-08-01,2025-08-04,SUZLON.NS,65.95,65.0,297,-282.15,7.0617
2025-08-01,2025-08-04,INDGN.NS,577.3,587.55,33,338.25,6.3168
2025-08-01,2025-08-04,SPLPETRO.NS,830.0,815.45,23,-334.65,5.5711
2025-08-01,2025-08-04,CCL.NS,894.1,927.6,21,703.5,4.8367
2025-08-01,2025-08-04,TBOTEK.NS,1415.4,1397.9,13,-227.5,4.4884
2025-08-04,2025-08-05,SARDAEN.NS,524.25,540.3,37,593.85,19.3376
2025-08-04,2025-08-05,CGCL.NS,190.12,186.75,103,-347.11,8.417
2025-08-04,2025-08-05,UPL.NS,711.7,720.45,27,236.25,6.9984
2025-08-04,2025-08-05,GMDCLTD.NS,408.55,411.3,48,132.0,6.9783
2025-08-04,2025-08-05,ENDURANCE.NS,2638.8,2590.7,7,-336.7,6.5493
2025-08-05,2025-08-06,NEWGEN.NS,941.7,932.15,20,-191.0,12.9001
2025-08-05,2025-08-06,GODFRYPHLP.NS,3291.5,3618.17,5,1633.33,9.9182
2025-08-05,2025-08-06,CHAMBLFERT.NS,567.5,569.5,34,68.0,6.6429
2025-08-05,2025-08-06,NIACL.NS,198.56,190.44,99,-803.88,5.893
2025-08-05,2025-08-06,PFOCUS.NS,160.51,152.68,122,-955.26,4.1596
2025-08-06,2025-08-07,KIRLOSENG.NS,919.5,910.8,21,-182.7,6.2883
2025-08-06,2025-08-07,ITI.NS,299.55,320.3,65,1348.75,3.4358
2025-08-06,2025-08-07,HDFCLIFE.NS,752.55,755.7,26,81.9,1.9025
2025-08-06,2025-08-07,FORCEMOT.NS,18164.0,18095.0,1,-69.0,1.879
2025-08-06,2025-08-07,ACC.NS,1830.4,1817.8,10,-126.0,1.5873
2025-08-07,2025-08-08,CAPLIPOINT.NS,2058.3,2111.0,9,474.3,6.6698
2025-08-07,2025-08-08,KAJARIACER.NS,1264.2,1308.5,15,664.5,6.2264
2025-08-07,2025-08-08,LUPIN.NS,1944.2,1918.0,10,-262.0,4.9897
2025-08-07,2025-08-08,NCC.NS,222.39,222.17,89,-19.58,3.4757
2025-08-08,2025-08-11,MEDANTA.NS,1423.2,1387.4,14,-501.2,7.2494
2025-08-08,2025-08-11,KPIL.NS,1183.6,1237.8,16,867.2,6.3528
2025-08-08,2025-08-11,GICRE.NS,393.25,399.5,50,312.5,4.1446
2025-08-08,2025-08-11,MAHABANK.NS,55.66,55.48,360,-64.8,3.9014
2025-08-08,2025-08-11,LICI.NS,456.48,453.17,43,-141.9,3.1582
2025-08-11,2025-08-12,DOMS.NS,2503.2,2421.6,8,-652.8,9.4199
2025-08-11,2025-08-12,TARIL.NS,526.15,507.3,38,-716.3,7.1152
2025-08-11,2025-08-12,HOMEFIRST.NS,1282.2,1237.0,15,-678.0,6.6456
2025-08-11,2025-08-12,CEMPRO.NS,768.2,758.95,26,-240.5,5.8637
2025-08-11,2025-08-12,PAYTM.NS,1122.0,1120.0,17,-34.0,5.6099
2025-08-12,2025-08-13,SONATSOFTW.NS,373.6,367.45,52,-319.8,13.298
2025-08-12,2025-08-13,ALKEM.NS,5149.0,5388.5,3,718.5,6.2855
2025-08-12,2025-08-13,SJVN.NS,97.99,93.45,200,-908.0,5.3543
2025-08-12,2025-08-13,JSL.NS,713.15,721.75,27,232.2,5.1379
2025-08-12,2025-08-13,HSCL.NS,469.3,473.7,41,180.4,5.1181
2025-08-13,2025-08-14,NSLNISP.NS,43.02,40.08,457,-1343.58,20.0
2025-08-13,2025-08-14,EIHOTEL.NS,418.45,392.1,46,-1212.1,14.8011
2025-08-13,2025-08-14,GODREJIND.NS,1175.3,1181.4,16,97.6,7.2648
2025-08-13,2025-08-14,GLAXO.NS,2772.6,2769.6,7,-21.0,7.104
2025-08-13,2025-08-14,BDL.NS,1591.0,1577.8,12,-158.4,7.0659
2025-08-14,2025-08-18,MUTHOOTFIN.NS,2757.4,2768.3,6,65.4,9.861
2025-08-14,2025-08-18,CHALET.NS,933.0,960.6,20,552.0,4.1643
2025-08-14,2025-08-18,TATACOMM.NS,1694.9,1673.4,11,-236.5,3.3602
2025-08-14,2025-08-18,BALRAMCHIN.NS,565.4,558.25,33,-235.95,3.1187
2025-08-14,2025-08-18,NAUKRI.NS,1365.4,1353.6,14,-165.2,2.9791
2025-08-18,2025-08-19,SPLPETRO.NS,805.15,829.4,23,557.75,10.0533
2025-08-18,2025-08-19,AMBER.NS,7438.5,7368.5,2,-140.0,7.8825
2025-08-18,2025-08-19,ENDURANCE.NS,2788.4,2882.9,6,567.0,7.1555
2025-08-18,2025-08-19,BIKAJI.NS,772.4,772.45,24,1.2,6.951
2025-08-18,2025-08-19,KEC.NS,831.55,828.05,23,-80.5,6.8075
2025-08-19,2025-08-20,ABDL.NS,527.3,522.4,36,-176.4,6.0966
2025-08-19,2025-08-20,IIFL.NS,471.9,471.5,40,-16.0,5.1002
2025-08-19,2025-08-20,ACE.NS,999.0,999.8,19,15.2,4.4651
2025-08-19,2025-08-20,EXIDEIND.NS,392.8,396.3,49,171.5,4.3848
2025-08-19,2025-08-20,SAMMAANCAP.NS,123.48,121.46,156,-315.12,4.1937
2025-08-20,2025-08-21,GODFRYPHLP.NS,3688.0,3713.0,5,125.0,12.8346
2025-08-20,2025-08-21,INTELLECT.NS,987.7,960.7,19,-513.0,8.9575
2025-08-20,2025-08-21,AEGISLOG.NS,737.4,741.15,26,97.5,5.7204
2025-08-20,2025-08-21,RPOWER.NS,47.71,50.09,403,959.14,4.9956
2025-08-20,2025-08-21,EIHOTEL.NS,401.5,402.3,47,37.6,4.2316
2025-08-21,2025-08-22,NAVA.NS,675.25,671.85,28,-95.2,13.0409
2025-08-21,2025-08-22,IDBI.NS,97.58,95.0,198,-510.84,8.2298
2025-08-21,2025-08-22,MANKIND.NS,2600.1,2606.8,7,46.9,3.7302
2025-08-21,2025-08-22,PVRINOX.NS,1122.55,1131.2,17,147.05,3.2752
2025-08-21,2025-08-22,WELCORP.NS,895.15,889.6,21,-116.55,2.5725
2025-08-22,2025-08-25,NETWEB.NS,2322.4,2371.8,8,395.2,12.4213
2025-08-22,2025-08-25,ZENTEC.NS,1492.6,1539.6,12,564.0,4.9944
2025-08-22,2025-08-25,IPCALAB.NS,1418.4,1399.9,13,-240.5,4.3632
2025-08-22,2025-08-25,CESC.NS,166.81,164.24,115,-295.55,1.2688
2025-08-25,2025-08-26,ECLERX.NS,2119.4,2227.45,9,972.45,8.7569
2025-08-25,2025-08-26,NEWGEN.NS,920.75,895.6,21,-528.15,6.2669
2025-08-25,2025-08-26,JUBLFOOD.NS,647.8,640.8,29,-203.0,4.6273
2025-08-25,2025-08-26,PTCIL.NS,14232.0,13964.0,1,-268.0,3.4002
2025-08-25,2025-08-26,TCS.NS,3140.6,3157.2,6,99.6,2.8356
2025-08-26,2025-08-28,ITC.NS,403.35,400.9,48,-117.6,1.0016
2025-08-28,2025-08-29,VTL.NS,450.2,424.35,43,-1111.55,13.0304
2025-08-28,2025-08-29,ENGINERSIN.NS,200.27,198.34,96,-185.28,2.3457
2025-08-29,2025-09-01,SAMMAANCAP.NS,123.96,125.43,154,226.38,5.0776
2025-08-29,2025-09-01,CGPOWER.NS,694.3,717.2,27,618.3,4.5633
2025-08-29,2025-09-01,CREDITACC.NS,1399.9,1403.2,13,42.9,4.2368
2025-08-29,2025-09-01,RBLBANK.NS,261.05,264.9,73,281.05,4.0662
2025-08-29,2025-09-01,GVT&D.NS,2779.2,2796.5,6,103.8,3.5547
2025-09-01,2025-09-02,ABFRL.NS,83.35,83.32,232,-6.96,7.7569
2025-09-01,2025-09-02,GMDCLTD.NS,431.4,440.05,44,380.6,6.8218
2025-09-01,2025-09-02,GABRIEL.NS,1229.4,1265.0,15,534.0,6.6817
2025-09-01,2025-09-02,ECLERX.NS,2248.4,2267.25,8,150.8,6.5264
2025-09-01,2025-09-02,TIINDIA.NS,3140.9,3047.5,6,-560.4,6.0542
2025-09-02,2025-09-03,ITI.NS,301.9,315.25,64,854.4,6.1533
2025-09-02,2025-09-03,TTML.NS,58.75,57.95,331,-264.8,4.9857
2025-09-02,2025-09-03,CANFINHOME.NS,755.15,764.65,25,237.5,4.8965
2025-09-02,2025-09-03,BEML.NS,2038.75,2051.75,9,117.0,4.7258
2025-09-02,2025-09-03,BALRAMCHIN.NS,566.85,559.55,34,-248.2,4.6524
2025-09-03,2025-09-04,TBOTEK.NS,1591.0,1524.6,12,-796.8,15.0814
2025-09-03,2025-09-04,NETWEB.NS,2526.9,2652.1,7,876.4,11.4842
2025-09-03,2025-09-04,NSLNISP.NS,43.0,41.77,455,-559.65,9.61
2025-09-03,2025-09-04,PPLPHARMA.NS,201.16,198.98,97,-211.46,7.7393
2025-09-03,2025-09-04,JINDALSTEL.NS,1028.35,1031.85,19,66.5,5.4556
2025-09-04,2025-09-05,BAJFINANCE.NS,934.75,937.6,20,57.0,4.2899
2025-09-04,2025-09-05,GILLETTE.NS,10548.0,10461.0,1,-87.0,4.1469
2025-09-04,2025-09-05,JUBLFOOD.NS,654.2,656.0,29,52.2,3.048
2025-09-04,2025-09-05,ICICIGI.NS,1871.5,1840.4,10,-311.0,2.7168
2025-09-04,2025-09-05,THERMAX.NS,3341.9,3292.7,5,-246.0,2.5123
2025-09-05,2025-09-08,PFOCUS.NS,158.37,174.2,122,1931.26,9.9944
2025-09-05,2025-09-08,IDEA.NS,7.23,7.29,2678,160.68,9.3797
2025-09-05,2025-09-08,GODFRYPHLP.NS,3691.0,3552.33,5,-693.33,5.9313
2025-09-05,2025-09-08,SCHNEIDER.NS,890.1,874.85,21,-320.25,4.8348
2025-09-05,2025-09-08,BSE.NS,2319.6,2346.2,8,212.8,4.51
2025-09-08,2025-09-09,BHARATFORG.NS,1202.8,1181.7,16,-337.6,5.8151
2025-09-08,2025-09-09,JPPOWER.NS,20.02,19.25,980,-754.6,4.9817
2025-09-08,2025-09-09,EXIDEIND.NS,427.35,426.75,45,-27.0,3.5373
2025-09-08,2025-09-09,AARTIIND.NS,389.45,388.0,50,-72.5,3.4258
2025-09-08,2025-09-09,MINDACORP.NS,520.6,515.25,37,-197.95,3.2936
2025-09-09,2025-09-10,FLUOROCHEM.NS,3638.3,3745.8,5,537.5,8.0095
2025-09-09,2025-09-10,CEMPRO.NS,783.95,795.85,24,285.6,6.486
2025-09-09,2025-09-10,INTELLECT.NS,959.8,1015.65,20,1117.0,6.3608
2025-09-09,2025-09-10,INFY.NS,1504.3,1532.6,12,339.6,4.9829
2025-09-09,2025-09-10,ASAHIINDIA.NS,875.7,859.1,22,-365.2,4.9685
2025-09-10,2025-09-11,OFSS.NS,9264.5,9137.5,2,-254.0,10.1212
2025-09-10,2025-09-11,VTL.NS,442.95,435.35,44,-334.4,8.1157
2025-09-10,2025-09-11,APARINDS.NS,8493.0,8471.5,2,-43.0,6.8369
2025-09-10,2025-09-11,ZENSARTECH.NS,825.3,818.4,23,-158.7,6.1001
2025-09-10,2025-09-11,PERSISTENT.NS,5419.0,5407.5,3,-34.5,5.6129
2025-09-11,2025-09-12,AUROPHARMA.NS,1109.2,1094.4,17,-251.6,5.6079
2025-09-11,2025-09-12,JWL.NS,333.45,336.3,58,165.3,4.4643
2025-09-11,2025-09-12,ABDL.NS,529.15,545.7,36,595.8,4.0917
2025-09-11,2025-09-12,SWANCORP.NS,472.65,466.9,41,-235.75,3.9705
2025-09-11,2025-09-12,CHOICEIN.NS,816.1,817.45,23,31.05,3.7437
2025-09-12,2025-09-15,GRSE.NS,2581.9,2491.6,7,-632.1,9.579
2025-09-12,2025-09-15,BEML.NS,2210.2,2192.2,8,-144.0,9.108
2025-09-12,2025-09-15,COCHINSHIP.NS,1745.7,1807.8,11,683.1,5.7231
2025-09-12,2025-09-15,BLUEJET.NS,716.95,713.85,27,-83.7,4.9938
2025-09-12,2025-09-15,SUPREMEIND.NS,4532.7,4496.0,4,-146.8,4.121
2025-09-15,2025-09-16,GPIL.NS,270.13,262.35,72,-560.16,10.6773
2025-09-15,2025-09-16,SARDAEN.NS,626.15,617.7,31,-261.95,6.1451
2025-09-15,2025-09-16,AIIL.NS,655.38,656.92,29,44.66,4.533
2025-09-15,2025-09-16,ABREL.NS,1866.2,1922.2,10,560.0,3.8451
2025-09-15,2025-09-16,KPRMILL.NS,1047.0,1090.65,18,785.7,3.5711
2025-09-16,2025-09-17,GODFRYPHLP.NS,3644.0,3571.0,5,-365.0,6.8726
2025-09-16,2025-09-17,USHAMART.NS,407.1,402.15,48,-237.6,5.289
2025-09-16,2025-09-17,KIRLOSENG.NS,931.2,950.2,21,399.0,4.7057
2025-09-16,2025-09-17,CANFINHOME.NS,777.1,780.25,25,78.75,3.2966
2025-09-16,2025-09-17,CEATLTD.NS,3445.9,3430.1,5,-79.0,3.0164
2025-09-17,2025-09-18,DCMSHRIRAM.NS,1379.7,1313.9,14,-921.2,12.5918
2025-09-17,2025-09-18,ELGIEQUIP.NS,494.45,505.85,39,444.6,5.8326
2025-09-17,2025-09-18,KALYANKJIL.NS,522.8,515.0,37,-288.6,2.8021
2025-09-17,2025-09-18,CREDITACC.NS,1360.2,1388.7,14,399.0,2.7652
2025-09-17,2025-09-18,COROMANDEL.NS,2327.4,2304.7,8,-181.6,2.7277
2025-09-18,2025-09-19,BIOCON.NS,368.4,369.2,52,41.6,3.965
2025-09-18,2025-09-19,POLYMED.NS,2065.4,1996.2,9,-622.8,3.4459
2025-09-18,2025-09-19,NATCOPHARM.NS,884.3,884.25,22,-1.1,3.1554
2025-09-18,2025-09-19,ETERNAL.NS,337.85,336.55,57,-74.1,2.9246
2025-09-18,2025-09-19,BANDHANBNK.NS,166.91,167.08,116,19.72,1.6009
2025-09-19,2025-09-22,ADANIPOWER.NS,141.88,170.25,136,3858.32,12.3624
2025-09-19,2025-09-22,NETWEB.NS,3279.4,3535.4,5,1280.0,7.9567
2025-09-19,2025-09-22,IPCALAB.NS,1441.0,1399.3,13,-542.1,7.4731
2025-09-19,2025-09-22,SUMICHEM.NS,601.8,582.2,32,-627.2,6.5982
2025-09-19,2025-09-22,CARTRADE.NS,2540.6,2389.2,7,-1059.8,6.0528
2025-09-22,2025-09-23,AWL.NS,271.1,260.1,73,-803.0,5.5069
2025-09-22,2025-09-23,ZEEL.NS,119.91,118.14,166,-293.82,2.9712
2025-09-22,2025-09-23,SBFC.NS,109.33,111.66,182,424.06,1.7591
2025-09-22,2025-09-23,OIL.NS,409.25,404.55,48,-225.6,1.287
2025-09-22,2025-09-23,ICICIPRULI.NS,609.5,600.85,32,-276.8,1.1534
2025-09-23,2025-09-24,NLCINDIA.NS,276.09,280.35,71,302.46,4.4806
2025-09-23,2025-09-24,ASAHIINDIA.NS,916.25,913.5,21,-57.75,3.5135
2025-09-23,2025-09-24,INDUSINDBK.NS,755.25,740.75,26,-377.0,2.8531
2025-09-23,2025-09-24,CEMPRO.NS,822.25,798.55,24,-568.8,2.6017
2025-09-23,2025-09-24,MFSL.NS,1584.5,1584.9,12,4.8,1.7858
2025-09-24,2025-09-25,SYRMA.NS,858.4,835.3,22,-508.2,4.9517
2025-09-24,2025-09-25,SCI.NS,232.48,232.89,84,34.44,4.0924
2025-09-24,2025-09-25,CCL.NS,919.3,898.2,21,-443.1,2.1615
2025-09-24,2025-09-25,ANURAS.NS,1110.4,1104.8,17,-95.2,1.5734
2025-09-24,2025-09-25,STARHEALTH.NS,456.3,455.9,42,-16.8,1.2088
2025-09-25,2025-09-26,NEWGEN.NS,909.45,888.6,21,-437.85,3.8778
2025-09-25,2025-09-26,HINDZINC.NS,466.75,449.1,41,-723.65,3.0581
2025-09-25,2025-09-26,POLYMED.NS,2031.8,1959.5,9,-650.7,2.4558
2025-09-25,2025-09-26,RBLBANK.NS,275.45,272.35,70,-217.0,1.8864
2025-09-25,2025-09-26,GODREJIND.NS,1212.5,1195.0,15,-262.5,1.8052
2025-09-29,2025-09-30,WOCKPHARMA.NS,1564.4,1516.0,12,-580.8,17.052
2025-09-29,2025-09-30,SAMMAANCAP.NS,154.27,160.86,122,803.98,11.9359
2025-09-29,2025-09-30,REDINGTON.NS,291.24,283.43,65,-507.65,9.9724
2025-09-29,2025-09-30,GODFRYPHLP.NS,3512.0,3384.0,5,-640.0,6.9753
2025-09-29,2025-09-30,CHOLAHLDNG.NS,1937.3,1885.0,9,-470.7,5.3109
2025-09-30,2025-10-01,NATIONALUM.NS,213.87,214.5,87,54.81,4.8845
2025-09-30,2025-10-01,KEC.NS,872.95,853.7,21,-404.25,4.8778
2025-09-30,2025-10-01,J&KBANK.NS,105.03,104.15,177,-155.76,4.5491
2025-09-30,2025-10-01,FIVESTAR.NS,536.6,536.0,34,-20.4,4.0326
2025-09-30,2025-10-01,BANKINDIA.NS,123.41,124.63,151,184.22,3.9067
2025-10-01,2025-10-03,SUNTV.NS,602.9,577.8,30,-753.0,15.1781
2025-10-01,2025-10-03,AIAENG.NS,3247.8,3224.3,5,-117.5,6.3702
2025-10-01,2025-10-03,TMPV.NS,718.35,716.1,25,-56.25,5.6086
2025-10-01,2025-10-03,ESCORTS.NS,3637.7,3569.5,5,-341.0,5.5446
2025-10-01,2025-10-03,NSLNISP.NS,47.32,47.2,392,-47.04,5.4837
2025-10-03,2025-10-06,DATAPATTNS.NS,2835.3,2841.7,6,38.4,7.7692
2025-10-03,2025-10-06,EIHOTEL.NS,393.25,382.2,46,-508.3,7.5482
2025-10-03,2025-10-06,MMTC.NS,69.63,70.05,263,110.46,6.4516
2025-10-03,2025-10-06,LLOYDSME.NS,1312.3,1311.6,13,-9.1,6.1817
2025-10-03,2025-10-06,GESHIP.NS,1054.15,1061.55,17,125.8,5.9873
2025-10-06,2025-10-07,MAXHEALTH.NS,1139.7,1130.7,16,-144.0,6.5937
2025-10-06,2025-10-07,BSE.NS,2217.9,2231.2,8,106.4,5.9473
2025-10-06,2025-10-07,DELHIVERY.NS,462.6,468.95,39,247.65,5.7855
2025-10-06,2025-10-07,KIMS.NS,722.2,706.45,25,-393.75,4.6136
2025-10-06,2025-10-07,CHOLAFIN.NS,1634.1,1631.6,11,-27.5,4.0232
2025-10-07,2025-10-08,RHIM.NS,487.8,458.3,37,-1091.5,10.851
2025-10-07,2025-10-08,BLS.NS,351.4,347.15,51,-216.75,6.083
2025-10-07,2025-10-08,BHARTIHEXA.NS,1766.3,1740.4,10,-259.0,5.8869
2025-10-07,2025-10-08,IRCON.NS,182.6,179.09,99,-347.49,5.8428
2025-10-07,2025-10-08,DOMS.NS,2610.1,2598.5,6,-69.6,4.992
2025-10-08,2025-10-09,SONATSOFTW.NS,370.7,374.9,48,201.6,5.1333
2025-10-08,2025-10-09,INDIAMART.NS,2437.6,2412.2,7,-177.8,3.878
2025-10-08,2025-10-09,PCBL.NS,388.15,388.1,45,-2.25,2.5224
2025-10-08,2025-10-09,CIEINDIA.NS,418.15,415.6,42,-107.1,1.7892
2025-10-08,2025-10-09,APOLLOTYRE.NS,486.9,484.85,36,-73.8,1.7555
2025-10-09,2025-10-10,USHAMART.NS,481.6,469.65,36,-430.2,7.9579
2025-10-09,2025-10-10,PGEL.NS,553.15,585.95,32,1049.6,7.4704
2025-10-09,2025-10-10,GMDCLTD.NS,630.3,606.55,28,-665.0,7.3216
2025-10-09,2025-10-10,SONACOMS.NS,429.45,432.8,41,137.35,5.9716
2025-10-09,2025-10-10,GRAVITA.NS,1619.7,1642.4,10,227.0,4.598
2025-10-10,2025-10-13,RPOWER.NS,48.58,46.22,367,-866.12,9.2913
2025-10-10,2025-10-13,REDINGTON.NS,290.1,279.4,61,-652.7,8.0045
2025-10-10,2025-10-13,J&KBANK.NS,107.51,106.23,166,-212.48,4.4091
2025-10-10,2025-10-13,ASAHIINDIA.NS,899.95,899.15,19,-15.2,3.9804
2025-10-10,2025-10-13,BANDHANBNK.NS,169.32,168.48,105,-88.2,3.6865
2025-10-13,2025-10-14,TATAINVEST.NS,992.2,1035.0,17,727.6,6.7456
2025-10-13,2025-10-14,KFINTECH.NS,1143.8,1111.2,15,-489.0,6.648
2025-10-13,2025-10-14,UTIAMC.NS,1371.7,1367.6,12,-49.2,4.5902
2025-10-13,2025-10-14,LALPATHLAB.NS,1611.65,1588.1,10,-235.5,4.0849
2025-10-13,2025-10-14,SCI.NS,230.16,231.52,76,103.36,3.615
2025-10-14,2025-10-15,FORCEMOT.NS,16616.0,16609.0,1,-7.0,2.9875
2025-10-14,2025-10-15,IREDA.NS,154.52,154.89,113,41.81,2.9653
2025-10-14,2025-10-15,LTFOODS.NS,407.4,412.8,42,226.8,1.7737
2025-10-14,2025-10-15,BBTC.NS,1911.2,1908.0,9,-28.8,1.1324
2025-10-14,2025-10-15,KIMS.NS,715.7,727.45,24,282.0,0.2662
2025-10-15,2025-10-16,ICICIGI.NS,2020.3,2010.1,8,-81.6,8.9228
2025-10-15,2025-10-16,MAHABANK.NS,59.3,57.63,297,-495.99,7.603
2025-10-15,2025-10-16,MSUMI.NS,46.41,46.26,379,-56.85,5.3575
2025-10-15,2025-10-16,SOBHA.NS,1506.9,1546.5,11,435.6,4.704
2025-10-15,2025-10-16,NEWGEN.NS,887.0,877.55,19,-179.55,4.3959
2025-10-16,2025-10-17,BLS.NS,324.5,326.8,54,124.2,16.4961
2025-10-16,2025-10-17,CRAFTSMAN.NS,6800.5,6739.5,2,-122.0,5.8608
2025-10-16,2025-10-17,OBEROIRLTY.NS,1687.1,1700.5,10,134.0,5.3516
2025-10-16,2025-10-17,CYIENT.NS,1180.6,1170.7,14,-138.6,4.9422
2025-10-16,2025-10-17,WHIRLPOOL.NS,1237.8,1384.4,14,2052.4,4.6323
2025-10-17,2025-10-20,SBFC.NS,112.83,111.15,159,-267.12,4.5594
2025-10-17,2025-10-20,RADICO.NS,3108.5,3254.7,5,731.0,3.6893
2025-10-17,2025-10-20,GPIL.NS,249.6,252.34,71,194.54,2.7795
2025-10-17,2025-10-20,RAINBOW.NS,1348.8,1340.7,13,-105.3,2.4146
2025-10-17,2025-10-20,EMAMILTD.NS,551.5,541.45,32,-321.6,2.3286
2025-10-20,2025-10-21,MRPL.NS,151.53,150.46,118,-126.26,7.5673
2025-10-20,2025-10-21,CHENNPETRO.NS,775.85,779.3,23,79.35,7.2208
2025-10-20,2025-10-21,IDFCFIRSTB.NS,76.93,76.77,233,-37.28,7.0256
2025-10-20,2025-10-21,KARURVYSYA.NS,241.31,244.84,74,261.22,6.1216
2025-10-20,2025-10-21,BANKINDIA.NS,129.77,130.26,138,67.62,5.4098
2025-10-21,2025-10-23,JUBLPHARMA.NS,1143.7,1127.1,15,-249.0,4.3236
2025-10-21,2025-10-23,SPLPETRO.NS,802.95,802.6,22,-7.7,4.1913
2025-10-21,2025-10-23,ZYDUSWELL.NS,488.7,491.0,36,82.8,4.1338
2025-10-21,2025-10-23,SARDAEN.NS,545.45,535.05,33,-343.2,3.6485
2025-10-21,2025-10-23,BSOFT.NS,351.05,378.1,51,1379.55,3.5698
2025-10-23,2025-10-24,SCI.NS,250.0,274.34,72,1752.48,7.9261
2025-10-23,2025-10-24,NAUKRI.NS,1379.8,1377.8,13,-26.0,4.7684
2025-10-23,2025-10-24,WELSPUNLIV.NS,127.92,128.2,142,39.76,4.3989
2025-10-23,2025-10-24,INFY.NS,1528.5,1525.4,11,-34.1,3.8101
2025-10-23,2025-10-24,IGL.NS,214.76,211.16,84,-302.4,3.5387
2025-10-24,2025-10-27,GRAVITA.NS,1679.8,1681.3,11,16.5,5.1979
2025-10-24,2025-10-27,PFOCUS.NS,178.49,180.1,103,165.83,3.7672
2025-10-24,2025-10-27,ELGIEQUIP.NS,487.65,490.3,37,98.05,3.6561
2025-10-24,2025-10-27,INTELLECT.NS,997.95,1044.75,18,842.4,3.5755
2025-10-24,2025-10-27,APTUS.NS,319.6,313.7,57,-336.3,3.1134
2025-10-27,2025-10-28,FSL.NS,352.65,343.7,52,-465.4,8.0588
2025-10-27,2025-10-28,SWANCORP.NS,449.9,472.35,41,920.45,4.0231
2025-10-27,2025-10-28,BPCL.NS,343.0,340.65,54,-126.9,3.7978
2025-10-27,2025-10-28,POLICYBZR.NS,1749.4,1775.0,10,256.0,3.7789
2025-10-27,2025-10-28,COROMANDEL.NS,2244.8,2241.0,8,-30.4,3.777
2025-10-28,2025-10-29,CHENNPETRO.NS,843.2,809.7,22,-737.0,9.5278
2025-10-28,2025-10-29,NETWEB.NS,4206.8,3924.2,4,-1130.4,7.9497
2025-10-28,2025-10-29,SYRMA.NS,802.25,816.95,23,338.1,6.2653
2025-10-28,2025-10-29,GRAPHITE.NS,590.3,630.55,31,1247.75,4.9329
2025-10-28,2025-10-29,OLECTRA.NS,1495.3,1526.0,12,368.4,4.7276
2025-10-29,2025-10-30,BLUEDART.NS,6572.0,6694.0,2,244.0,18.6817
2025-10-29,2025-10-30,ADANIGREEN.NS,1112.6,1140.1,16,440.0,10.7947
2025-10-29,2025-10-30,VBL.NS,495.45,485.25,37,-377.4,9.0939
2025-10-29,2025-10-30,SAIL.NS,140.55,137.05,133,-465.5,6.3484
2025-10-29,2025-10-30,RPOWER.NS,46.3,46.55,405,101.25,5.9982
2025-10-30,2025-10-31,NEULANDLAB.NS,16158.0,16473.0,1,315.0,4.8812
2025-10-30,2025-10-31,CREDITACC.NS,1472.0,1423.6,12,-580.8,4.8657
2025-10-30,2025-10-31,SAPPHIRE.NS,301.4,286.05,62,-951.7,3.414
2025-10-30,2025-10-31,OIL.NS,434.75,433.35,43,-60.2,3.3888
2025-10-30,2025-10-31,BEML.NS,2217.85,2199.9,8,-143.6,2.8568
2025-10-31,2025-11-03,NAVINFLUOR.NS,5687.4,5905.5,3,654.3,14.2783
2025-10-31,2025-11-03,IDBI.NS,103.8,101.51,178,-407.62,6.0266
2025-10-31,2025-11-03,LATENTVIEW.NS,448.35,474.9,41,1088.55,5.9428
2025-10-31,2025-11-03,BEL.NS,426.1,422.3,43,-163.4,3.9522
2025-10-31,2025-11-03,AUROPHARMA.NS,1138.9,1158.6,16,315.2,3.3016
2025-11-03,2025-11-04,WOCKPHARMA.NS,1413.8,1365.3,13,-630.5,10.3238
2025-11-03,2025-11-04,IDEA.NS,9.54,9.41,1969,-255.97,9.2784
2025-11-03,2025-11-04,GALLANTT.NS,558.0,559.3,33,42.9,6.4885
2025-11-03,2025-11-04,JUBLPHARMA.NS,1169.8,1181.2,16,182.4,6.2489
2025-11-03,2025-11-04,CEMPRO.NS,858.5,862.7,21,88.2,5.955
2025-11-04,2025-11-06,CUB.NS,193.99,191.16,96,-271.44,9.5789
2025-11-04,2025-11-06,JYOTICNC.NS,940.2,895.5,19,-849.3,7.2431
2025-11-04,2025-11-06,TBOTEK.NS,1589.0,1578.6,11,-114.4,6.174
2025-11-04,2025-11-06,SCHNEIDER.NS,889.95,876.0,20,-279.0,3.1647
2025-11-04,2025-11-06,BALKRISIND.NS,2364.3,2340.8,7,-164.5,2.9344
2025-11-06,2025-11-07,REDINGTON.NS,289.95,292.0,63,129.15,15.8641
2025-11-06,2025-11-07,BAJAJHLDNG.NS,13139.0,12580.0,1,-559.0,8.6676
2025-11-06,2025-11-07,ASIANPAINT.NS,2602.9,2613.8,7,76.3,4.6729
2025-11-06,2025-11-07,PAYTM.NS,1320.6,1346.5,13,336.7,4.1483
2025-11-06,2025-11-07,BRITANNIA.NS,6013.5,6157.5,3,432.0,2.0535
2025-11-07,2025-11-10,LTF.NS,303.6,300.9,60,-162.0,10.3198
2025-11-07,2025-11-10,SWANCORP.NS,468.9,473.8,39,191.1,7.6323
2025-11-07,2025-11-10,PARADEEP.NS,173.95,167.35,105,-693.0,6.1901
2025-11-07,2025-11-10,KFINTECH.NS,1111.0,1081.6,16,-470.4,4.6041
2025-11-07,2025-11-10,RADICO.NS,3310.9,3259.6,5,-256.5,3.9235
2025-11-10,2025-11-11,GALLANTT.NS,656.3,670.4,27,380.7,18.7121
2025-11-10,2025-11-11,HBLENGINE.NS,1098.8,994.2,16,-1673.6,12.2141
2025-11-10,2025-11-11,NATIONALUM.NS,257.36,265.66,70,581.0,9.6409
2025-11-10,2025-11-11,TORNTPHARM.NS,3817.5,3825.8,4,33.2,6.6341
2025-11-10,2025-11-11,BALRAMCHIN.NS,461.2,454.2,39,-273.0,6.6235
2025-11-11,2025-11-12,POLYMED.NS,2063.4,2025.3,8,-304.8,10.7985
2025-11-11,2025-11-12,LATENTVIEW.NS,485.45,482.8,36,-95.4,6.5752
2025-11-11,2025-11-12,HINDCOPPER.NS,359.7,339.7,49,-980.0,6.4359
2025-11-11,2025-11-12,KEC.NS,768.05,797.7,23,681.95,6.3413
2025-11-11,2025-11-12,HFCL.NS,78.3,76.86,229,-329.76,5.4972
2025-11-12,2025-11-13,KIRLOSENG.NS,1058.65,1084.9,16,420.0,11.9791
2025-11-12,2025-11-13,BLS.NS,336.7,322.3,52,-748.8,9.141
2025-11-12,2025-11-13,PFOCUS.NS,177.1,167.69,100,-941.0,8.844
2025-11-12,2025-11-13,TEJASNET.NS,549.15,525.6,32,-753.6,8.4205
2025-11-12,2025-11-13,FLUOROCHEM.NS,3699.5,3616.1,4,-333.6,6.0576
2025-11-13,2025-11-14,PGEL.NS,559.45,578.1,30,559.5,5.9564
2025-11-13,2025-11-14,FIVESTAR.NS,642.35,643.9,26,40.3,4.4472
2025-11-13,2025-11-14,RKFORGE.NS,556.1,552.7,31,-105.4,3.2779
2025-11-13,2025-11-14,ELECON.NS,540.35,535.65,31,-145.7,2.777
2025-11-13,2025-11-14,TATACOMM.NS,1888.7,1874.0,9,-132.3,2.6467
2025-11-14,2025-11-17,TARIL.NS,318.2,333.35,54,818.1,9.9896
2025-11-14,2025-11-17,HBLENGINE.NS,1041.3,1038.4,16,-46.4,7.9291
2025-11-14,2025-11-17,JUBLFOOD.NS,615.3,603.2,28,-338.8,7.2886
2025-11-14,2025-11-17,ENGINERSIN.NS,200.25,204.99,86,407.64,5.1291
2025-11-14,2025-11-17,GPIL.NS,276.7,276.1,62,-37.2,5.1092
2025-11-17,2025-11-18,NH.NS,2008.2,1951.7,8,-452.0,14.5252
2025-11-17,2025-11-18,HUDCO.NS,239.14,243.93,73,349.67,5.1211
2025-11-17,2025-11-18,SIEMENS.NS,3232.6,3249.5,5,84.5,4.8116
2025-11-17,2025-11-18,POLICYBZR.NS,1815.7,1800.3,9,-138.6,4.4346
2025-11-17,2025-11-18,SAMMAANCAP.NS,183.66,182.76,95,-85.5,4.2693
2025-11-18,2025-11-19,BBTC.NS,2022.7,1974.1,8,-388.8,9.7623
2025-11-18,2025-11-19,SAPPHIRE.NS,262.15,263.15,66,66.0,4.3383
2025-11-18,2025-11-19,GRAPHITE.NS,596.4,568.55,29,-807.65,3.9568
2025-11-18,2025-11-19,KPRMILL.NS,1121.6,1109.7,15,-178.5,3.2496
2025-11-18,2025-11-19,M&MFIN.NS,322.9,329.85,53,368.35,2.7689
2025-11-19,2025-11-20,JPPOWER.NS,20.27,21.64,850,1164.5,14.9093
2025-11-19,2025-11-20,GABRIEL.NS,1116.8,1053.9,15,-943.5,13.7039
2025-11-19,2025-11-20,LTTS.NS,4440.0,4331.3,3,-326.1,8.9704
2025-11-19,2025-11-20,LINDEINDIA.NS,6076.5,6125.5,2,98.0,6.6895
2025-11-19,2025-11-20,LATENTVIEW.NS,494.25,493.05,34,-40.8,5.182
2025-11-20,2025-11-21,IEX.NS,143.13,141.12,120,-241.2,4.3906
2025-11-20,2025-11-21,RADICO.NS,3368.0,3273.1,5,-474.5,4.2886
2025-11-20,2025-11-21,CUMMINSIND.NS,4375.7,4333.8,3,-125.7,2.6846
2025-11-20,2025-11-21,GLAND.NS,1817.3,1809.7,9,-68.4,2.6839
2025-11-20,2025-11-21,CHALET.NS,899.9,896.8,19,-58.9,1.5746
2025-11-21,2025-11-24,DCMSHRIRAM.NS,1268.5,1201.3,13,-873.6,8.031
2025-11-21,2025-11-24,SPLPETRO.NS,656.9,670.6,25,342.5,3.2862
2025-11-21,2025-11-24,RAMCOCEM.NS,1010.5,1011.0,16,8.0,1.3744
2025-11-21,2025-11-24,INDIGO.NS,5843.5,5805.5,2,-76.0,1.0025
2025-11-21,2025-11-24,TECHM.NS,1461.5,1494.7,11,365.2,0.3777
2025-11-24,2025-11-25,ACUTAAS.NS,1872.2,1784.1,9,-792.9,10.0129
2025-11-24,2025-11-25,ITI.NS,325.15,311.05,52,-733.2,9.386
2025-11-24,2025-11-25,GRAVITA.NS,1831.9,1816.1,9,-142.2,7.4933
2025-11-24,2025-11-25,ACC.NS,1913.7,1869.1,8,-356.8,4.5681
2025-11-25,2025-11-26,HEG.NS,525.4,547.65,31,689.75,5.7356
2025-11-25,2025-11-26,CRAFTSMAN.NS,7021.0,7101.0,2,160.0,5.4204
2025-11-25,2025-11-26,EMCURE.NS,1421.5,1397.2,11,-267.3,4.3762
2025-11-25,2025-11-26,ABCAPITAL.NS,345.45,349.8,48,208.8,4.0982
2025-11-25,2025-11-26,IIFL.NS,557.4,570.75,29,387.15,3.8376
2025-11-26,2025-11-27,NATCOPHARM.NS,927.4,882.75,18,-803.7,11.199
2025-11-26,2025-11-27,GMDCLTD.NS,528.1,553.15,31,776.55,8.2061
2025-11-26,2025-11-27,RPOWER.NS,39.48,40.21,426,310.98,6.129
2025-11-26,2025-11-27,JKCEMENT.NS,5925.0,5841.0,2,-168.0,6.0877
2025-11-26,2025-11-27,PGEL.NS,604.2,585.5,27,-504.9,5.935
2025-11-27,2025-11-28,SAREGAMA.NS,399.75,397.5,41,-92.25,5.0868
2025-11-27,2025-11-28,TEJASNET.NS,503.8,494.2,33,-316.8,4.6422
2025-11-27,2025-11-28,TTML.NS,52.94,51.84,316,-347.6,4.1716
2025-11-27,2025-11-28,GILLETTE.NS,8763.0,8684.5,1,-78.5,3.9748
2025-11-27,2025-11-28,MOTHERSON.NS,116.13,116.31,144,25.92,3.8637
2025-11-28,2025-12-01,WELSPUNLIV.NS,148.82,142.0,111,-757.02,12.2831
2025-11-28,2025-12-01,IPCALAB.NS,1453.1,1420.6,11,-357.5,4.0903
2025-11-28,2025-12-01,ZEEL.NS,101.47,100.12,163,-220.05,3.4458
2025-12-01,2025-12-02,WOCKPHARMA.NS,1472.2,1494.8,11,248.6,19.2065
2025-12-01,2025-12-02,IEX.NS,146.7,148.54,111,204.24,5.3198
2025-12-01,2025-12-02,KFINTECH.NS,1096.2,1083.4,14,-179.2,3.7773
2025-12-01,2025-12-02,CYIENT.NS,1163.3,1178.8,14,217.0,3.5333
2025-12-01,2025-12-02,CANFINHOME.NS,909.3,903.7,17,-95.2,2.798
2025-12-02,2025-12-03,BALKRISIND.NS,2445.6,2408.6,6,-222.0,6.3258
2025-12-02,2025-12-03,JSWDULUX.NS,3482.8,3529.6,4,187.2,5.5554
2025-12-02,2025-12-03,BSOFT.NS,404.95,422.75,40,712.0,5.059
2025-12-02,2025-12-03,SCHNEIDER.NS,751.7,773.8,21,464.1,4.8908
2025-12-02,2025-12-03,MINDACORP.NS,600.9,590.25,27,-287.55,4.2053
2025-12-03,2025-12-04,DOMS.NS,2609.0,2631.5,6,135.0,4.2183
2025-12-03,2025-12-04,IDEA.NS,10.55,10.68,1570,204.1,4.1461
2025-12-03,2025-12-04,TRITURBINE.NS,545.3,538.25,30,-211.5,3.9756
2025-12-03,2025-12-04,BBTC.NS,1882.5,1857.0,8,-204.0,3.9079
2025-12-03,2025-12-04,SAPPHIRE.NS,256.14,254.31,64,-117.12,3.8686
2025-12-04,2025-12-05,INDIACEM.NS,412.15,416.2,40,162.0,9.7019
2025-12-04,2025-12-05,VIJAYA.NS,1080.0,1017.35,15,-939.75,7.8006
2025-12-04,2025-12-05,KIRLOSENG.NS,1165.1,1130.8,14,-480.2,7.3627
2025-12-04,2025-12-05,CAPLIPOINT.NS,1976.1,1963.4,8,-101.6,4.6552
2025-12-04,2025-12-05,PETRONET.NS,280.95,274.8,58,-356.7,4.5395
2025-12-05,2025-12-08,M&MFIN.NS,367.55,351.4,44,-710.6,5.9222
2025-12-05,2025-12-08,SUNDARMFIN.NS,4848.3,4719.2,3,-387.3,3.8691
2025-12-05,2025-12-08,SBICARD.NS,885.15,870.1,18,-270.9,3.4175
2025-12-05,2025-12-08,INDUSTOWER.NS,415.7,403.0,38,-482.6,3.408
2025-12-05,2025-12-08,CHOLAFIN.NS,1730.4,1724.4,9,-54.0,3.2643
2025-12-08,2025-12-09,LATENTVIEW.NS,497.35,502.1,31,147.25,10.3016
2025-12-09,2025-12-10,TTML.NS,53.77,51.49,294,-670.32,17.7875
2025-12-09,2025-12-10,ERIS.NS,1701.3,1609.2,9,-828.9,10.9134
2025-12-09,2025-12-10,SPLPETRO.NS,674.15,658.45,23,-361.1,8.1669
2025-12-09,2025-12-10,GVT&D.NS,2912.5,2906.8,5,-28.5,5.6402
2025-12-09,2025-12-10,FLUOROCHEM.NS,3485.4,3537.1,4,206.8,5.0484
2025-12-10,2025-12-11,BALRAMCHIN.NS,447.75,445.6,34,-73.1,7.5417
2025-12-10,2025-12-11,WELSPUNLIV.NS,140.81,137.57,110,-356.4,6.8037
2025-12-10,2025-12-11,HINDZINC.NS,512.65,522.65,30,300.0,4.3138
2025-12-10,2025-12-11,NAVINFLUOR.NS,5950.0,6043.0,2,186.0,4.2579
2025-12-10,2025-12-11,EIDPARRY.NS,1042.4,1029.6,14,-179.2,3.259
2025-12-11,2025-12-12,NATCOPHARM.NS,917.55,905.65,16,-190.4,5.7695
2025-12-11,2025-12-12,IRCON.NS,157.76,157.16,98,-58.8,5.4123
2025-12-11,2025-12-12,KFINTECH.NS,1074.0,1051.7,14,-312.2,4.6886
2025-12-11,2025-12-12,RAILTEL.NS,332.25,329.2,46,-140.3,4.2026
2025-12-11,2025-12-12,RBLBANK.NS,311.2,307.6,49,-176.4,3.0464
2025-12-12,2025-12-15,TARIL.NS,280.2,306.3,54,1409.4,17.165
2025-12-12,2025-12-15,GMRAIRPORT.NS,104.34,104.88,146,78.84,6.2958
2025-12-12,2025-12-15,CHOICEIN.NS,747.7,772.2,20,490.0,6.0643
2025-12-12,2025-12-15,CCL.NS,1025.3,989.1,14,-506.8,5.9742
2025-12-12,2025-12-15,JSWENERGY.NS,482.2,486.45,31,131.75,5.3298
2025-12-15,2025-12-16,ACE.NS,995.9,975.3,15,-309.0,6.656
2025-12-15,2025-12-16,AARTIIND.NS,376.3,372.5,41,-155.8,5.4209
2025-12-15,2025-12-16,NBCC.NS,115.39,111.68,135,-500.85,5.3117
2025-12-15,2025-12-16,NUVOCO.NS,360.25,358.5,43,-75.25,4.3447
2025-12-15,2025-12-16,KAJARIACER.NS,1098.3,1088.2,14,-141.4,4.302
2025-12-16,2025-12-17,TTML.NS,51.36,50.63,299,-218.27,5.4837
2025-12-16,2025-12-17,LTFOODS.NS,401.35,396.45,38,-186.2,4.5727
2025-12-16,2025-12-17,SUPREMEIND.NS,3405.8,3345.2,4,-242.4,4.0892
2025-12-16,2025-12-17,PARADEEP.NS,160.53,155.07,95,-518.7,3.7418
2025-12-16,2025-12-17,FIVESTAR.NS,591.55,589.95,26,-41.6,2.8514
2025-12-17,2025-12-18,IGL.NS,192.74,196.03,78,256.62,5.0812
2025-12-17,2025-12-18,RPOWER.NS,35.69,37.78,424,886.16,3.1205
2025-12-17,2025-12-18,KARURVYSYA.NS,250.13,247.86,60,-136.2,1.9898
2025-12-17,2025-12-18,APLAPOLLO.NS,1764.5,1795.7,8,249.6,1.8235
2025-12-17,2025-12-18,AUBANK.NS,990.3,987.65,15,-39.75,0.9892
2025-12-18,2025-12-19,GABRIEL.NS,1087.4,1060.8,14,-372.4,13.4718
2025-12-18,2025-12-19,HBLENGINE.NS,818.85,845.45,18,478.8,7.3479
2025-12-18,2025-12-19,HDFCAMC.NS,2722.9,2672.2,5,-253.5,7.1502
2025-12-18,2025-12-19,MOTILALOFS.NS,867.7,860.5,17,-122.4,4.0595
2025-12-18,2025-12-19,M&MFIN.NS,365.15,376.6,42,480.9,3.8243
2025-12-19,2025-12-22,ITI.NS,313.8,312.6,49,-58.8,6.644
2025-12-19,2025-12-22,IDEA.NS,11.96,11.85,1290,-141.9,5.8407
2025-12-19,2025-12-22,KPITTECH.NS,1224.6,1229.3,12,56.4,5.4962
2025-12-19,2025-12-22,JBMA.NS,572.1,572.45,26,9.1,5.1848
2025-12-19,2025-12-22,JUBLINGREA.NS,709.9,712.2,21,48.3,5.0536
2025-12-22,2025-12-23,JWL.NS,310.45,335.9,49,1247.05,19.2891
2025-12-22,2025-12-23,RKFORGE.NS,508.55,524.15,30,468.0,6.4023
2025-12-22,2025-12-23,SOLARINDS.NS,12620.0,12545.0,1,-75.0,5.9525
2025-12-22,2025-12-23,GVT&D.NS,3097.8,3129.9,4,128.4,5.8353
2025-12-22,2025-12-23,CARTRADE.NS,2902.4,2792.9,5,-547.5,5.815
2025-12-23,2025-12-24,GPIL.NS,258.95,252.5,60,-387.0,7.3145
2025-12-23,2025-12-24,CHOLAFIN.NS,1678.5,1697.8,9,173.7,5.9057
2025-12-23,2025-12-24,NLCINDIA.NS,251.89,249.77,62,-131.44,4.484
2025-12-23,2025-12-24,JKCEMENT.NS,5614.5,5692.0,2,155.0,3.6842
2025-12-23,2025-12-24,ESCORTS.NS,3747.0,3728.5,4,-74.0,3.3513
2025-12-24,2025-12-26,RPOWER.NS,38.16,36.54,408,-660.96,5.1819
2025-12-24,2025-12-26,NUVAMA.NS,1523.0,1493.5,10,-295.0,4.5729
2025-12-24,2025-12-26,GILLETTE.NS,8288.5,8467.0,1,178.5,3.3608
2025-12-24,2025-12-26,HEG.NS,550.55,559.8,28,259.0,2.1429
2025-12-24,2025-12-26,BERGEPAINT.NS,555.15,542.05,28,-366.8,2.0403
2025-12-26,2025-12-29,ASTERDM.NS,617.95,611.0,24,-166.8,3.4745
2025-12-26,2025-12-29,TORNTPOWER.NS,1299.2,1284.3,11,-163.9,1.4366
2025-12-26,2025-12-29,EMCURE.NS,1428.0,1404.0,10,-240.0,1.1976
2025-12-26,2025-12-29,NTPC.NS,324.1,325.5,47,65.8,0.4806
2025-12-26,2025-12-29,UBL.NS,1623.9,1620.1,9,-34.2,0.216
2025-12-29,2025-12-30,MSUMI.NS,46.82,48.82,327,654.0,3.7447
2025-12-29,2025-12-30,EMAMILTD.NS,532.2,528.15,28,-113.4,3.4
2025-12-29,2025-12-30,ABSLAMC.NS,792.85,828.75,19,682.1,2.9074
2025-12-29,2025-12-30,TATASTEEL.NS,172.3,175.8,88,308.0,1.8803
2025-12-29,2025-12-30,MAHABANK.NS,57.77,60.51,265,726.1,1.3687
2025-12-30,2025-12-31,ASAHIINDIA.NS,1037.6,1015.0,15,-339.0,7.646
2025-12-30,2025-12-31,IOB.NS,35.8,36.13,440,145.2,5.792
2025-12-30,2025-12-31,NAVINFLUOR.NS,6136.5,5920.0,2,-433.0,4.3445
2025-12-30,2025-12-31,GICRE.NS,384.4,380.8,41,-147.6,4.0466
2025-12-30,2025-12-31,INDIANB.NS,809.0,837.25,19,536.75,3.1296
2025-12-31,2026-01-01,CIEINDIA.NS,424.5,434.05,37,353.35,9.0419
2025-12-31,2026-01-01,MRPL.NS,152.03,153.48,103,149.35,7.2446
2025-12-31,2026-01-01,HFCL.NS,67.79,68.92,231,261.03,6.7559
2025-12-31,2026-01-01,DEEPAKFERT.NS,1287.1,1243.5,12,-523.2,6.4599
2025-12-31,2026-01-01,PCBL.NS,301.5,296.25,52,-273.0,5.6412
2026-01-01,2026-01-02,FINCABLES.NS,786.35,784.45,19,-36.1,4.8886
2026-01-01,2026-01-02,ATGL.NS,594.1,587.6,26,-169.0,4.835
2026-01-01,2026-01-02,JSWENERGY.NS,502.0,510.65,31,268.15,4.0522
2026-01-01,2026-01-02,GRANULES.NS,619.2,615.35,25,-96.25,3.4586
2026-01-01,2026-01-02,ASTRAL.NS,1434.9,1453.4,10,185.0,3.3417
2026-01-02,2026-01-05,SJVN.NS,83.04,87.65,189,871.29,11.1052
2026-01-02,2026-01-05,COALINDIA.NS,427.9,427.45,36,-16.2,6.8548
2026-01-02,2026-01-05,IREDA.NS,146.64,144.57,107,-221.49,5.2239
2026-01-02,2026-01-05,PPLPHARMA.NS,178.48,178.86,88,33.44,5.0624
2026-01-02,2026-01-05,CESC.NS,175.37,173.46,89,-169.99,4.9491
2026-01-05,2026-01-06,NETWEB.NS,3274.6,3348.1,4,294.0,8.2835
2026-01-05,2026-01-06,CYIENT.NS,1154.2,1141.3,13,-167.7,4.3675
2026-01-05,2026-01-06,DATAPATTNS.NS,2731.3,2678.6,5,-263.5,4.1805
2026-01-05,2026-01-06,JKCEMENT.NS,5761.0,5749.5,2,-23.0,3.6058
2026-01-05,2026-01-06,AMBER.NS,6712.0,6707.5,2,-9.0,3.5403
2026-01-06,2026-01-07,IEX.NS,148.67,154.78,106,647.66,10.634
2026-01-06,2026-01-07,DIVISLAB.NS,6642.5,6642.5,2,0.0,4.3844
2026-01-06,2026-01-07,IPCALAB.NS,1469.6,1514.2,10,446.0,4.0057
2026-01-06,2026-01-07,LUPIN.NS,2149.7,2214.3,7,452.2,3.1674
2026-01-06,2026-01-07,APOLLOTYRE.NS,519.5,517.55,30,-58.5,2.7086
2026-01-07,2026-01-08,ELECON.NS,517.85,503.35,31,-449.5,8.043
2026-01-07,2026-01-08,SONATSOFTW.NS,372.8,362.2,43,-455.8,6.0296
2026-01-07,2026-01-08,KPITTECH.NS,1208.5,1180.3,13,-366.6,6.0181
2026-01-07,2026-01-08,BSOFT.NS,443.4,431.65,36,-423.0,5.2457
2026-01-07,2026-01-08,DMART.NS,3841.6,3789.8,4,-207.2,4.8558
2026-01-08,2026-01-09,TRIDENT.NS,27.11,26.19,580,-533.6,3.3156
2026-01-08,2026-01-09,IDFCFIRSTB.NS,86.07,86.0,182,-12.74,1.9787
2026-01-08,2026-01-09,ZENSARTECH.NS,718.45,709.4,21,-190.05,1.944
2026-01-12,2026-01-13,IFCI.NS,56.43,57.67,276,342.24,15.1398
2026-01-12,2026-01-13,HINDZINC.NS,628.25,629.85,24,38.4,3.5947
2026-01-12,2026-01-13,PFC.NS,371.8,369.55,41,-92.25,3.5943
2026-01-12,2026-01-13,HOMEFIRST.NS,1062.2,1091.7,14,413.0,3.5182
2026-01-12,2026-01-13,LINDEINDIA.NS,6105.0,6083.0,2,-44.0,3.3432
2026-01-13,2026-01-14,PVRINOX.NS,1042.7,1020.0,15,-340.5,6.1921
2026-01-13,2026-01-14,MOTILALOFS.NS,837.25,861.55,18,437.4,5.3874
2026-01-13,2026-01-14,MANAPPURAM.NS,308.05,309.0,51,48.45,4.7077
2026-01-13,2026-01-14,GODFRYPHLP.NS,2215.5,2227.1,7,81.2,3.9848
2026-01-13,2026-01-14,NAVINFLUOR.NS,5988.0,6032.0,2,88.0,3.4554
2026-01-14,2026-01-15,MMTC.NS,71.58,71.58,220,0.0,12.6357
2026-01-14,2026-01-15,JWL.NS,331.15,331.15,47,0.0,12.5595
2026-01-14,2026-01-15,MRPL.NS,158.35,158.35,99,0.0,9.0715
2026-01-14,2026-01-15,UNIONBANK.NS,179.27,179.27,88,0.0,7.8705
2026-01-14,2026-01-15,HINDCOPPER.NS,572.8,572.8,27,0.0,6.1822
2026-01-16,2026-01-19,FEDERALBNK.NS,270.25,279.7,58,548.1,9.4794
2026-01-16,2026-01-19,INDIAMART.NS,2289.0,2194.4,6,-567.6,8.2525
2026-01-16,2026-01-19,ZENTEC.NS,1328.4,1331.0,11,28.6,8.1671
2026-01-16,2026-01-19,OFSS.NS,7959.5,7990.5,1,31.0,5.6898
2026-01-16,2026-01-19,INFY.NS,1689.8,1681.2,9,-77.4,5.6257
2026-01-19,2026-01-20,JINDALSAW.NS,179.29,186.8,87,653.37,15.9402
2026-01-19,2026-01-20,WELCORP.NS,787.75,758.6,20,-583.0,6.9078
2026-01-19,2026-01-20,JSWINFRA.NS,272.75,267.9,57,-276.45,5.8401
2026-01-19,2026-01-20,CGPOWER.NS,590.0,573.75,26,-422.5,5.0383
2026-01-19,2026-01-20,INDIGO.NS,4941.5,4790.0,3,-454.5,4.2511
2026-01-20,2026-01-21,DEEPAKNTR.NS,1603.4,1590.8,9,-113.4,4.4152
2026-01-20,2026-01-21,BIKAJI.NS,693.4,661.5,22,-701.8,-0.4737
2026-01-21,2026-01-22,MRPL.NS,152.16,154.29,101,215.13,9.1457
2026-01-21,2026-01-22,CREDITACC.NS,1355.2,1449.8,11,1040.6,9.0616
2026-01-21,2026-01-22,INDIAMART.NS,2264.6,2211.4,6,-319.2,5.7335
2026-01-21,2026-01-22,KPRMILL.NS,859.05,859.8,17,12.75,5.6837
2026-01-21,2026-01-22,CUB.NS,209.81,212.4,73,188.89,3.2288
2026-01-22,2026-01-23,MINDACORP.NS,564.55,542.9,27,-584.55,7.7283
2026-01-22,2026-01-23,SCHNEIDER.NS,622.8,606.7,25,-402.5,7.5276
2026-01-22,2026-01-23,WELSPUNLIV.NS,125.56,120.78,124,-592.72,7.0783
2026-01-22,2026-01-23,TRIDENT.NS,26.12,25.36,597,-453.72,6.5253
2026-01-22,2026-01-23,GRANULES.NS,571.3,565.0,27,-170.1,6.2785
2026-01-23,2026-01-27,HOMEFIRST.NS,1112.8,1251.7,13,1805.7,6.1225
2026-01-23,2026-01-27,BANDHANBNK.NS,149.33,149.02,101,-31.31,4.8224
2026-01-23,2026-01-27,HINDZINC.NS,698.7,727.2,21,598.5,4.5567
2026-01-23,2026-01-27,GVT&D.NS,2712.7,2730.9,5,91.0,2.3506
2026-01-23,2026-01-27,BALRAMCHIN.NS,413.0,404.95,36,-289.8,2.291
2026-01-27,2026-01-28,JSL.NS,810.05,809.0,19,-19.95,8.5931
2026-01-27,2026-01-28,GRSE.NS,2387.6,2518.7,6,786.6,6.8373
2026-01-27,2026-01-28,KPRMILL.NS,900.4,926.8,17,448.8,6.0667
2026-01-27,2026-01-28,MCX.NS,2418.0,2593.0,6,1050.0,5.9597
2026-01-27,2026-01-28,KIMS.NS,615.0,609.65,25,-133.75,5.652
2026-01-28,2026-01-29,TEJASNET.NS,339.05,325.8,47,-622.75,14.4859
2026-01-28,2026-01-29,DATAPATTNS.NS,2610.6,2562.5,6,-288.6,13.6328
2026-01-28,2026-01-29,HINDCOPPER.NS,633.4,760.05,25,3166.25,12.6746
2026-01-28,2026-01-29,OLECTRA.NS,1088.4,1061.8,14,-372.4,10.2066
2026-01-28,2026-01-29,BEML.NS,1819.1,1778.8,8,-322.4,10.0684
2026-01-29,2026-01-30,NLCINDIA.NS,264.4,259.1,61,-323.3,5.2967
2026-01-29,2026-01-30,CHOICEIN.NS,781.15,765.55,20,-312.0,5.0215
2026-01-29,2026-01-30,HBLENGINE.NS,768.75,783.6,21,311.85,4.6559
2026-01-29,2026-01-30,GRAVITA.NS,1623.9,1604.4,10,-195.0,4.4443
2026-01-29,2026-01-30,ADANIGREEN.NS,858.8,852.3,19,-123.5,4.3626
2026-01-30,2026-02-02,IDEA.NS,11.17,10.81,1452,-522.72,11.1443
2026-01-30,2026-02-02,SPLPETRO.NS,570.0,583.6,28,380.8,8.2005
2026-01-30,2026-02-02,RHIM.NS,445.1,425.3,36,-712.8,8.034
2026-01-30,2026-02-02,SIGNATURE.NS,901.2,891.3,17,-168.3,7.6831
2026-01-30,2026-02-02,CARTRADE.NS,2649.3,2464.7,6,-1107.6,6.9258
2026-02-02,2026-02-03,LATENTVIEW.NS,457.2,471.05,34,470.9,12.3066
2026-02-02,2026-02-03,MEDANTA.NS,1140.2,1113.2,13,-351.0,8.1989
2026-02-02,2026-02-03,ESCORTS.NS,3501.3,3600.8,4,398.0,3.5642
2026-02-02,2026-02-03,WELCORP.NS,755.0,809.25,20,1085.0,3.531
2026-02-02,2026-02-03,EIHOTEL.NS,325.05,332.35,48,350.4,3.3381
2026-02-03,2026-02-04,WELSPUNLIV.NS,146.61,144.66,110,-214.5,19.7305
2026-02-03,2026-02-04,KPRMILL.NS,988.95,996.45,16,120.0,15.1281
2026-02-03,2026-02-04,ELGIEQUIP.NS,492.35,492.55,32,6.4,13.5494
2026-02-03,2026-02-04,BALKRISIND.NS,2571.9,2663.5,6,549.6,12.124
2026-02-03,2026-02-04,POLYMED.NS,1586.9,1517.2,10,-697.0,9.3961
2026-02-04,2026-02-05,BLS.NS,289.35,300.1,55,591.25,12.4344
2026-02-04,2026-02-05,SAPPHIRE.NS,202.78,217.47,79,1160.51,7.627
2026-02-04,2026-02-05,DEVYANI.NS,123.26,132.19,130,1160.9,6.222
2026-02-04,2026-02-05,ARE&M.NS,885.7,875.4,18,-185.4,5.907
2026-02-04,2026-02-05,NLCINDIA.NS,264.35,259.75,61,-280.6,5.1093
2026-02-05,2026-02-06,POLICYBZR.NS,1552.8,1504.9,10,-479.0,7.8408
2026-02-05,2026-02-06,ABREL.NS,1303.5,1351.9,12,580.8,6.9495
2026-02-05,2026-02-06,EMAMILTD.NS,503.3,504.35,33,34.65,2.8717
2026-02-05,2026-02-06,CANBK.NS,148.29,147.31,112,-109.76,0.5356
2026-02-05,2026-02-06,GLENMARK.NS,1969.3,1934.8,8,-276.0,0.5104
2026-02-06,2026-02-09,ITC.NS,325.8,322.8,50,-150.0,5.029
2026-02-06,2026-02-09,ASTERDM.NS,563.05,572.05,29,261.0,4.6659
2026-02-06,2026-02-09,KOTAKBANK.NS,422.35,428.8,39,251.55,3.3272
2026-02-06,2026-02-09,HINDUNILVR.NS,2424.2,2435.0,6,64.8,2.9647
2026-02-09,2026-02-10,PCBL.NS,300.85,293.85,55,-385.0,10.8511
2026-02-09,2026-02-10,BEML.NS,1761.2,1768.2,9,63.0,8.8908
2026-02-09,2026-02-10,JUBLINGREA.NS,663.35,660.4,25,-73.75,8.1167
2026-02-09,2026-02-10,BLUEJET.NS,440.25,442.5,37,83.25,6.9996
2026-02-09,2026-02-10,JMFINANCIL.NS,130.68,140.43,127,1238.25,6.9044
2026-02-10,2026-02-11,TATACOMM.NS,1676.8,1703.3,10,265.0,6.5582
2026-02-10,2026-02-11,RAILTEL.NS,346.85,339.4,48,-357.6,4.41
2026-02-10,2026-02-11,TIINDIA.NS,2438.6,2450.2,6,69.6,3.1862
2026-02-10,2026-02-11,NH.NS,1794.0,1864.6,9,635.4,2.7727
2026-02-10,2026-02-11,KFINTECH.NS,1022.4,1022.5,16,1.6,2.6918
2026-02-11,2026-02-12,LAURUSLABS.NS,1013.65,1018.6,16,79.2,4.8947
2026-02-11,2026-02-12,DIVISLAB.NS,6386.5,6185.0,2,-403.0,3.4167
2026-02-11,2026-02-12,FEDERALBNK.NS,290.5,287.1,58,-197.2,2.9229
2026-02-11,2026-02-12,STARHEALTH.NS,480.4,480.6,35,7.0,2.4853
2026-02-12,2026-02-13,IPCALAB.NS,1472.9,1485.4,11,137.5,2.8059
2026-02-12,2026-02-13,ZYDUSLIFE.NS,920.95,904.7,18,-292.5,2.5214
2026-02-12,2026-02-13,NAM-INDIA.NS,965.45,912.4,17,-901.85,1.5996
2026-02-12,2026-02-13,BEL.NS,443.9,435.55,37,-308.95,1.4513
2026-02-13,2026-02-16,LINDEINDIA.NS,6900.0,6768.0,2,-264.0,7.1345
2026-02-13,2026-02-16,VTL.NS,510.55,508.3,32,-72.0,5.54
2026-02-13,2026-02-16,ABFRL.NS,73.8,72.48,224,-295.68,5.3684
2026-02-13,2026-02-16,HAL.NS,4212.4,4226.1,3,41.1,1.2864
2026-02-16,2026-02-17,NATCOPHARM.NS,881.45,884.7,18,58.5,6.9916
2026-02-16,2026-02-17,GMRAIRPORT.NS,100.52,99.8,163,-117.36,6.9021
2026-02-16,2026-02-17,RHIM.NS,462.25,473.0,35,376.25,5.8628
2026-02-16,2026-02-17,POWERGRID.NS,300.5,300.75,54,13.5,4.6309
2026-02-16,2026-02-17,HSCL.NS,470.9,466.5,34,-149.6,4.5631
2026-02-17,2026-02-18,NEWGEN.NS,527.5,531.55,31,125.55,13.9186
2026-02-17,2026-02-18,INDGN.NS,497.0,496.65,33,-11.55,4.1601
2026-02-17,2026-02-18,PAYTM.NS,1169.3,1199.6,14,424.2,4.1136
2026-02-17,2026-02-18,M&MFIN.NS,384.4,384.5,42,4.2,4.0184
2026-02-17,2026-02-18,DELHIVERY.NS,434.85,432.2,37,-98.05,4.0062
2026-02-18,2026-02-19,GODFRYPHLP.NS,2477.7,2523.7,6,276.0,19.939
2026-02-18,2026-02-19,TARIL.NS,299.81,304.22,55,242.55,9.4077
2026-02-18,2026-02-19,NETWEB.NS,3374.4,3527.9,4,614.0,8.8938
2026-02-18,2026-02-19,TECHNOE.NS,1151.7,1136.85,14,-207.9,6.9707
2026-02-18,2026-02-19,HEG.NS,553.6,545.8,29,-226.2,5.7599
2026-02-19,2026-02-20,TATAINVEST.NS,692.3,707.1,24,355.2,7.5
2026-02-19,2026-02-20,OIL.NS,476.7,475.55,35,-40.25,5.1274
2026-02-19,2026-02-20,GODREJIND.NS,1026.1,1034.35,16,132.0,4.162
2026-02-19,2026-02-20,ONGC.NS,274.65,278.65,60,240.0,3.7982
2026-02-19,2026-02-20,ANURAS.NS,1337.8,1285.0,12,-633.6,3.6894
2026-02-20,2026-02-23,HINDALCO.NS,935.7,916.2,17,-331.5,3.3181
2026-02-20,2026-02-23,KPIL.NS,1135.6,1187.0,14,719.6,2.6392
2026-02-20,2026-02-23,NAVINFLUOR.NS,6526.0,6649.5,2,247.0,2.1603
2026-02-20,2026-02-23,TATACOMM.NS,1686.7,1681.6,9,-45.9,1.8231
2026-02-20,2026-02-23,TATACHEM.NS,716.1,714.45,23,-37.95,1.5601
2026-02-23,2026-02-24,BLUEJET.NS,391.4,409.4,43,774.0,9.9902
2026-02-23,2026-02-24,NEULANDLAB.NS,13651.0,13366.0,1,-285.0,8.0155
2026-02-23,2026-02-24,TEGA.NS,1727.0,1782.2,9,496.8,5.6657
2026-02-23,2026-02-24,JSL.NS,795.2,793.65,21,-32.55,4.4529
2026-02-23,2026-02-24,FINCABLES.NS,825.2,812.35,20,-257.0,4.2051
2026-02-24,2026-02-25,CHENNPETRO.NS,916.6,916.85,18,4.5,3.6702
2026-02-24,2026-02-25,RRKABEL.NS,1502.0,1508.2,11,68.2,3.5362
2026-02-24,2026-02-25,CHOLAFIN.NS,1735.1,1754.5,9,174.6,2.6808
2026-02-24,2026-02-25,ERIS.NS,1384.6,1380.2,12,-52.8,2.3582
2026-02-24,2026-02-25,ESCORTS.NS,3565.4,3602.8,4,149.6,2.3393
2026-02-25,2026-02-26,CONCORDBIO.NS,1230.9,1251.6,13,269.1,14.3853
2026-02-25,2026-02-26,LLOYDSME.NS,1251.8,1264.4,13,163.8,7.5337
2026-02-25,2026-02-26,JINDALSAW.NS,188.21,188.03,90,-16.2,7.1262
2026-02-25,2026-02-26,MANKIND.NS,2155.7,2279.7,7,868.0,4.9156
2026-02-25,2026-02-26,NATIONALUM.NS,359.8,361.3,47,70.5,4.898
2026-02-26,2026-02-27,TEJASNET.NS,371.05,435.85,46,2980.8,16.7558
2026-02-26,2026-02-27,AADHARHFC.NS,475.2,458.95,36,-585.0,3.9256
2026-02-26,2026-02-27,OFSS.NS,6856.5,6932.0,2,151.0,3.6978
2026-02-26,2026-02-27,FORTIS.NS,963.65,942.65,17,-357.0,3.5348
2026-02-26,2026-02-27,WELCORP.NS,824.9,825.25,21,7.35,3.4682
2026-02-27,2026-03-02,REDINGTON.NS,280.45,262.85,63,-1108.8,14.68
2026-02-27,2026-03-02,LTTS.NS,3512.4,3443.2,5,-346.0,5.8781
2026-02-27,2026-03-02,JPPOWER.NS,15.25,14.47,1165,-908.7,4.811
2026-02-27,2026-03-02,SIGNATURE.NS,989.8,960.7,17,-494.7,4.1675
2026-02-27,2026-03-02,BSOFT.NS,390.1,384.6,45,-247.5,1.6547
2026-03-02,2026-03-04,POLYMED.NS,1314.0,1398.4,13,1097.2,4.6095
2026-03-02,2026-03-04,DRREDDY.NS,1294.4,1291.2,13,-41.6,0.6297
2026-03-02,2026-03-04,CEATLTD.NS,3459.6,3281.7,4,-711.6,-2.0332
2026-03-04,2026-03-05,UBL.NS,1629.8,1650.1,10,203.0,2.5096
2026-03-04,2026-03-05,EMCURE.NS,1466.9,1453.4,11,-148.5,1.4945
2026-03-04,2026-03-05,PFOCUS.NS,278.8,278.85,61,3.05,1.2529
2026-03-05,2026-03-06,LTFOODS.NS,430.15,393.5,40,-1466.0,17.0317
2026-03-05,2026-03-06,MAZDOCK.NS,2352.5,2471.9,7,835.8,8.6404
2026-03-05,2026-03-06,NAVINFLUOR.NS,6504.5,6572.0,2,135.0,7.0523
2026-03-05,2026-03-06,SJVN.NS,72.67,70.99,237,-398.16,6.4918
2026-03-05,2026-03-06,JSWINFRA.NS,261.45,268.8,65,477.75,5.9789
2026-03-06,2026-03-09,JWL.NS,298.6,287.4,57,-638.4,17.19
2026-03-06,2026-03-09,IRCON.NS,146.95,138.89,116,-934.96,9.9431
2026-03-06,2026-03-09,RADICO.NS,2766.9,2751.6,6,-91.8,7.8125
2026-03-06,2026-03-09,BDL.NS,1356.7,1335.5,12,-254.4,5.9425
2026-03-06,2026-03-09,MRPL.NS,206.55,190.03,83,-1371.16,5.2538
2026-03-09,2026-03-10,EMCURE.NS,1521.1,1567.8,10,467.0,7.4375
2026-03-09,2026-03-10,ICICIPRULI.NS,601.55,601.65,27,2.7,-2.0357
2026-03-10,2026-03-11,AIIL.NS,486.35,453.15,34,-1128.8,19.9975
2026-03-10,2026-03-11,FACT.NS,794.5,884.9,20,1808.0,19.997
2026-03-10,2026-03-11,ABSLAMC.NS,975.75,1010.0,17,582.25,11.8787
2026-03-10,2026-03-11,REDINGTON.NS,259.3,247.3,63,-756.0,11.5989
2026-03-10,2026-03-11,DIXON.NS,10908.0,10618.0,1,-290.0,11.2607
2026-03-11,2026-03-12,ATGL.NS,566.9,607.6,29,1180.3,19.9915
2026-03-11,2026-03-12,JINDALSAW.NS,198.04,198.8,84,63.84,19.4091
2026-03-11,2026-03-12,ASTRAL.NS,1746.3,1696.0,9,-452.7,5.1545
2026-03-11,2026-03-12,CHALET.NS,774.95,774.55,21,-8.4,4.3212
2026-03-11,2026-03-12,NUVOCO.NS,297.65,294.3,55,-184.25,3.8193
2026-03-12,2026-03-13,KPRMILL.NS,909.4,839.2,18,-1263.6,12.147
2026-03-12,2026-03-13,NLCINDIA.NS,265.25,259.5,63,-362.25,6.7619
2026-03-12,2026-03-13,LINDEINDIA.NS,7189.5,6944.5,2,-490.0,6.1024
2026-03-12,2026-03-13,SRF.NS,2626.3,2499.7,6,-759.6,5.529
2026-03-12,2026-03-13,GALLANTT.NS,551.65,541.05,30,-318.0,5.5083
2026-03-13,2026-03-16,LTTS.NS,3430.1,3324.9,4,-420.8,9.6054
2026-03-13,2026-03-16,IFCI.NS,57.21,55.73,281,-415.88,6.0426
2026-03-13,2026-03-16,MUTHOOTFIN.NS,3333.2,3361.0,4,111.2,2.7497
2026-03-13,2026-03-16,ATUL.NS,6464.0,6256.0,2,-416.0,2.5625
2026-03-13,2026-03-16,JUBLPHARMA.NS,844.2,839.95,19,-80.75,1.9996
2026-03-16,2026-03-17,MRPL.NS,206.77,200.36,76,-487.16,16.0716
2026-03-16,2026-03-17,ITI.NS,277.15,275.25,57,-108.3,14.383
2026-03-16,2026-03-17,CHENNPETRO.NS,988.55,1065.05,16,1224.0,7.6617
2026-03-16,2026-03-17,POONAWALLA.NS,423.4,406.0,37,-643.8,3.6856
2026-03-16,2026-03-17,HDFCBANK.NS,840.6,845.35,18,85.5,2.8886
2026-03-17,2026-03-18,LLOYDSME.NS,1236.3,1247.0,12,128.4,7.7667
2026-03-17,2026-03-18,ACUTAAS.NS,2302.6,2257.8,6,-268.8,6.3557
2026-03-17,2026-03-18,SAIL.NS,153.53,154.42,103,91.67,6.1096
2026-03-17,2026-03-18,JYOTICNC.NS,748.45,764.1,21,328.65,6.0578
2026-03-17,2026-03-18,ETERNAL.NS,234.63,242.54,67,529.97,5.6702
2026-03-18,2026-03-19,JBMA.NS,584.75,548.95,27,-966.6,18.8033
2026-03-18,2026-03-19,MMTC.NS,62.67,60.44,256,-570.88,17.8894
2026-03-18,2026-03-19,OLECTRA.NS,1055.95,1000.8,15,-827.25,16.8668
2026-03-18,2026-03-19,TRIDENT.NS,24.44,23.68,656,-498.56,10.7888
2026-03-18,2026-03-19,ANGELONE.NS,236.21,232.42,67,-253.93,8.8626
2026-03-19,2026-03-20,ATGL.NS,556.15,551.9,27,-114.75,7.8542
2026-03-19,2026-03-20,FLUOROCHEM.NS,3159.9,3183.9,4,96.0,0.5441
2026-03-20,2026-03-23,AWL.NS,192.1,175.36,80,-1339.2,8.9744
2026-03-20,2026-03-23,PFOCUS.NS,276.65,283.2,55,360.25,8.0031
2026-03-20,2026-03-23,IOB.NS,33.72,32.11,457,-735.77,6.5403
2026-03-20,2026-03-23,MAPMYINDIA.NS,915.7,861.0,16,-875.2,6.0452
2026-03-20,2026-03-23,BAYERCROP.NS,4717.5,4488.8,3,-686.1,5.5842
2026-03-24,2026-03-25,BLS.NS,259.4,264.35,56,277.2,16.9786
2026-03-24,2026-03-25,LINDEINDIA.NS,7393.5,7356.5,1,-37.0,9.2905
2026-03-24,2026-03-25,SPLPETRO.NS,692.1,671.5,21,-432.6,8.7523
2026-03-24,2026-03-25,SAMMAANCAP.NS,138.51,146.88,106,887.22,6.5461
2026-03-24,2026-03-25,CHOICEIN.NS,620.35,652.95,23,749.8,6.2334
2026-03-25,2026-03-27,PCBL.NS,269.75,255.55,55,-781.0,15.6981
2026-03-25,2026-03-27,DEEPAKFERT.NS,999.05,950.55,15,-727.5,8.4686
2026-03-25,2026-03-27,GODFRYPHLP.NS,2054.5,1901.2,7,-1073.1,8.274
2026-03-25,2026-03-27,CUB.NS,189.71,190.27,79,44.44,7.387
2026-03-25,2026-03-27,BALKRISIND.NS,2207.8,2150.5,6,-343.8,7.2998
2026-03-27,2026-03-30,HEG.NS,572.3,542.4,25,-747.5,13.7547
2026-03-27,2026-03-30,GRAPHITE.NS,640.2,616.7,22,-517.0,7.4612
2026-03-27,2026-03-30,ONGC.NS,281.95,284.65,51,137.7,4.3486
2026-03-27,2026-03-30,WELSPUNLIV.NS,116.46,108.32,124,-1009.36,2.6894
2026-03-27,2026-03-30,HINDCOPPER.NS,493.45,453.5,29,-1158.55,2.6844
2026-03-30,2026-04-01,IRB.NS,22.14,21.61,624,-330.72,8.1847
2026-03-30,2026-04-01,AIAENG.NS,3636.6,3681.0,3,133.2,5.1527
2026-03-30,2026-04-01,NATIONALUM.NS,386.1,399.45,35,467.25,4.0701
2026-03-30,2026-04-01,HINDALCO.NS,884.45,904.6,15,302.25,2.048
2026-04-01,2026-04-02,GRSE.NS,2359.3,2255.3,5,-520.0,19.5914
2026-04-01,2026-04-02,MAZDOCK.NS,2318.2,2264.6,6,-321.6,12.2506
2026-04-01,2026-04-02,TTML.NS,35.19,36.36,395,462.15,12.213
2026-04-01,2026-04-02,COCHINSHIP.NS,1338.6,1314.5,10,-241.0,12.1951
2026-04-01,2026-04-02,GODREJIND.NS,831.85,841.9,16,160.8,11.0614
2026-04-02,2026-04-06,LATENTVIEW.NS,312.1,300.6,44,-506.0,19.487
2026-04-02,2026-04-06,TATACHEM.NS,651.9,634.25,21,-370.65,7.4413
2026-04-02,2026-04-06,BSOFT.NS,370.85,364.75,37,-225.7,6.0632
2026-04-02,2026-04-06,BLS.NS,268.4,268.33,51,-3.57,5.0859
2026-04-02,2026-04-06,SONATSOFTW.NS,231.79,232.31,59,30.68,5.0059
2026-04-06,2026-04-07,ZYDUSWELL.NS,509.35,496.6,26,-331.5,14.9645
2026-04-06,2026-04-07,GRAVITA.NS,1381.3,1394.5,9,118.8,6.6559
2026-04-06,2026-04-07,LTF.NS,255.45,254.56,53,-47.17,6.2825
2026-04-06,2026-04-07,IEX.NS,126.16,126.97,108,87.48,5.644
2026-04-07,2026-04-08,COROMANDEL.NS,2010.9,2116.0,6,630.6,6.2731
2026-04-07,2026-04-08,FIVESTAR.NS,374.2,407.2,36,1188.0,4.8326
2026-04-07,2026-04-08,SHYAMMETL.NS,821.85,838.4,16,264.8,3.4554
2026-04-07,2026-04-08,JWL.NS,266.35,272.63,51,320.28,3.1485
2026-04-07,2026-04-08,JINDALSTEL.NS,1168.2,1213.1,11,493.9,3.0159
2026-04-08,2026-04-09,ASHOKLEY.NS,172.48,170.38,82,-172.2,12.7836
2026-04-08,2026-04-09,HINDPETRO.NS,364.25,358.0,38,-237.5,9.9125
2026-04-08,2026-04-09,PGEL.NS,482.35,479.8,29,-73.95,9.4633
2026-04-08,2026-04-09,MOTHERSON.NS,118.11,116.9,119,-143.99,8.9174
2026-04-08,2026-04-09,JSWINFRA.NS,254.92,256.7,55,97.9,8.796
2026-04-09,2026-04-10,GVT&D.NS,3911.3,4067.0,3,467.1,4.9985
2026-04-09,2026-04-10,EMCURE.NS,1604.9,1600.5,8,-35.2,2.5233
2026-04-09,2026-04-10,ALKEM.NS,5370.5,5440.0,2,139.0,2.3732
2026-04-09,2026-04-10,CRISIL.NS,3922.3,4095.4,3,519.3,1.8171
2026-04-09,2026-04-10,VOLTAS.NS,1283.9,1315.6,10,317.0,1.5101
2026-04-10,2026-04-13,AEGISLOG.NS,632.45,617.95,22,-319.0,4.4336
2026-04-10,2026-04-13,ASTRAL.NS,1630.0,1625.1,8,-39.2,4.2399
2026-04-10,2026-04-13,SAREGAMA.NS,329.5,330.8,43,55.9,3.8941
2026-04-10,2026-04-13,IRB.NS,21.66,21.38,662,-185.36,3.686
2026-04-10,2026-04-13,SYNGENE.NS,404.65,402.85,35,-63.0,2.9382
2026-04-13,2026-04-15,SUNTV.NS,617.6,620.55,23,67.85,3.2603
2026-04-13,2026-04-15,AJANTPHARM.NS,2897.3,2883.2,4,-56.4,3.2537
2026-04-15,2026-04-16,INTELLECT.NS,689.9,698.95,20,181.0,5.8048
2026-04-15,2026-04-16,INDIGO.NS,4638.0,4608.7,3,-87.9,4.7615
2026-04-15,2026-04-16,AIIL.NS,445.35,448.25,31,89.9,3.8717
2026-04-15,2026-04-16,JUBLFOOD.NS,454.85,459.65,31,148.8,3.8707
2026-04-15,2026-04-16,KFINTECH.NS,932.45,955.9,15,351.75,3.5423
2026-04-16,2026-04-17,FSL.NS,244.22,239.28,58,-286.52,10.8277
2026-04-16,2026-04-17,POLICYBZR.NS,1550.5,1600.6,9,450.9,4.7211
2026-04-16,2026-04-17,ECLERX.NS,1551.3,1631.1,9,718.2,4.177
2026-04-16,2026-04-17,LATENTVIEW.NS,308.65,310.95,46,105.8,2.0162
2026-04-16,2026-04-17,PFOCUS.NS,347.7,345.05,41,-108.65,1.8453
2026-04-17,2026-04-20,CHENNPETRO.NS,1041.85,1007.55,13,-445.9,6.2245
2026-04-17,2026-04-20,PIDILITIND.NS,1393.4,1390.5,10,-29.0,4.6882
2026-04-17,2026-04-20,MRPL.NS,183.13,180.0,79,-247.27,4.6876
2026-04-17,2026-04-20,CONCORDBIO.NS,1081.7,1066.4,13,-198.9,4.2703
2026-04-17,2026-04-20,GESHIP.NS,1424.3,1423.6,10,-7.0,3.1055
2026-04-20,2026-04-21,BALRAMCHIN.NS,515.7,508.85,27,-184.95,6.1111
2026-04-20,2026-04-21,ELECON.NS,435.55,471.55,32,1152.0,5.5239
2026-04-20,2026-04-21,JYOTICNC.NS,743.45,759.05,19,296.4,5.111
2026-04-20,2026-04-21,JKCEMENT.NS,5731.0,5920.5,2,379.0,3.3917
2026-04-20,2026-04-21,UBL.NS,1522.3,1498.4,9,-215.1,1.9215
2026-04-21,2026-04-22,PVRINOX.NS,973.0,990.3,15,259.5,3.5878
2026-04-21,2026-04-22,AWL.NS,188.49,199.6,77,855.47,2.0962
2026-04-21,2026-04-22,POONAWALLA.NS,422.5,424.1,34,54.4,1.0282
2026-04-22,2026-04-23,VTL.NS,566.05,569.4,26,87.1,1.0172
2026-04-22,2026-04-23,KEC.NS,588.95,580.2,25,-218.75,0.9167
2026-04-22,2026-04-23,PATANJALI.NS,472.1,469.25,31,-88.35,0.8545
2026-04-22,2026-04-23,CCL.NS,1121.6,1091.5,13,-391.3,0.7636
2026-04-23,2026-04-24,JIOFIN.NS,248.66,245.73,59,-172.87,4.2556
2026-04-23,2026-04-24,IPCALAB.NS,1526.1,1555.9,9,268.2,2.0939
2026-04-23,2026-04-24,COALINDIA.NS,450.65,456.0,32,171.2,1.4635
2026-04-24,2026-04-27,TARIL.NS,323.45,342.65,45,864.0,1.1097
2026-04-27,2026-04-28,COHANCE.NS,432.1,493.3,34,2080.8,19.9944
2026-04-27,2026-04-28,BLUEJET.NS,443.65,443.45,33,-6.6,9.9913
2026-04-27,2026-04-28,SHYAMMETL.NS,886.15,877.75,16,-134.4,7.9749
2026-04-27,2026-04-28,M&MFIN.NS,317.7,312.65,47,-237.35,7.9144
2026-04-27,2026-04-28,SUNPHARMA.NS,1733.5,1747.3,8,110.4,6.9798
2026-04-28,2026-04-29,OIL.NS,497.2,492.85,30,-130.5,4.4099
2026-04-28,2026-04-29,CROMPTON.NS,269.63,276.01,56,357.28,4.233
2026-04-28,2026-04-29,NHPC.NS,85.38,84.09,179,-230.91,2.5832
2026-04-28,2026-04-29,GPIL.NS,305.0,303.2,50,-90.0,2.5382
2026-04-28,2026-04-29,MCX.NS,2898.0,2968.3,5,351.5,2.4028
2026-04-29,2026-04-30,SAPPHIRE.NS,207.42,205.61,74,-133.94,19.0017
2026-04-29,2026-04-30,DEVYANI.NS,127.59,124.73,120,-343.2,13.747
2026-04-29,2026-04-30,EMCURE.NS,1729.9,1680.1,8,-398.4,7.5675
2026-04-29,2026-04-30,GODFRYPHLP.NS,2275.3,2251.0,6,-145.8,7.5233
2026-04-29,2026-04-30,CHENNPETRO.NS,1139.5,1128.35,13,-144.95,6.2669
2026-04-30,2026-05-01,SYNGENE.NS,467.65,467.65,32,0.0,8.2147
2026-04-30,2026-05-01,DCMSHRIRAM.NS,1227.5,1227.5,12,0.0,5.3829
2026-04-30,2026-05-01,BAJAJ-AUTO.NS,9994.0,9994.0,1,0.0,4.7205
2026-04-30,2026-05-01,NETWEB.NS,4064.8,4064.8,3,0.0,0.8385
2026-05-04,2026-05-05,LALPATHLAB.NS,1573.4,1536.7,9,-330.3,15.0819
2026-05-04,2026-05-05,CHOLAHLDNG.NS,1672.6,1714.2,9,374.4,7.4867
2026-05-04,2026-05-05,SUMICHEM.NS,449.0,476.95,33,922.35,7.1216
2026-05-04,2026-05-05,SYRMA.NS,1018.55,1058.35,14,557.2,6.2151
2026-05-05,2026-05-06,CAMS.NS,797.4,815.85,19,350.55,9.1058
2026-05-05,2026-05-06,WOCKPHARMA.NS,1537.0,1716.9,10,1799.0,7.8596
2026-05-05,2026-05-06,GABRIEL.NS,1081.8,1085.0,14,44.8,5.1619
2026-05-05,2026-05-06,ABCAPITAL.NS,360.85,369.3,42,354.9,4.3371
2026-05-05,2026-05-06,AUROPHARMA.NS,1428.1,1484.0,10,559.0,3.7863
2026-05-06,2026-05-07,FSL.NS,243.41,235.18,66,-543.18,11.3342
2026-05-06,2026-05-07,CARTRADE.NS,1807.3,1921.8,8,916.0,9.8262
2026-05-06,2026-05-07,COFORGE.NS,1280.4,1285.3,12,58.8,9.5483
2026-05-06,2026-05-07,ECLERX.NS,1581.5,1593.7,10,122.0,9.1593
2026-05-06,2026-05-07,TEJASNET.NS,463.2,533.4,34,2386.8,8.8346
2026-05-07,2026-05-08,PPLPHARMA.NS,183.73,179.85,90,-349.2,11.2234
2026-05-07,2026-05-08,PAYTM.NS,1197.4,1187.1,13,-133.9,7.8156
2026-05-07,2026-05-08,ENDURANCE.NS,2536.2,2528.9,6,-43.8,7.7309
2026-05-07,2026-05-08,BHARATFORG.NS,1992.9,1989.7,8,-25.6,6.3561
2026-05-07,2026-05-08,ABDL.NS,572.0,591.3,29,559.7,4.9927
2026-05-08,2026-05-11,MRPL.NS,167.94,160.33,99,-753.39,8.1043
2026-05-08,2026-05-11,TITAN.NS,4509.0,4205.6,3,-910.2,4.6779
2026-05-08,2026-05-11,ACE.NS,947.25,921.65,17,-435.2,4.6049
2026-05-08,2026-05-11,TRITURBINE.NS,597.9,582.05,27,-427.95,4.1456
2026-05-08,2026-05-11,JBMA.NS,649.9,681.65,25,793.75,4.1173
2026-05-11,2026-05-12,SYNGENE.NS,482.5,478.75,33,-123.75,5.3263
2026-05-11,2026-05-12,VTL.NS,605.65,613.75,26,210.6,4.2965
2026-05-11,2026-05-12,BANKINDIA.NS,143.86,140.14,113,-420.36,2.9262
2026-05-11,2026-05-12,UTIAMC.NS,987.5,970.0,16,-280.0,1.2146
2026-05-12,2026-05-13,OIL.NS,490.95,507.1,33,532.95,7.6645
2026-05-12,2026-05-13,ONGC.NS,294.5,297.15,55,145.75,4.8043
2026-05-12,2026-05-13,PARADEEP.NS,127.63,126.2,127,-181.61,4.1113
2026-05-13,2026-05-14,SAIL.NS,201.31,199.08,81,-180.63,14.3222
2026-05-13,2026-05-14,DIXON.NS,11124.0,11103.0,1,-21.0,9.7258
2026-05-13,2026-05-14,NSLNISP.NS,44.27,45.18,368,334.88,5.6563
2026-05-13,2026-05-14,HINDPETRO.NS,390.1,377.55,41,-514.55,5.4609
2026-05-13,2026-05-14,NIACL.NS,168.08,164.84,97,-314.28,5.2869
2026-05-14,2026-05-15,SAREGAMA.NS,384.55,415.75,42,1310.4,14.7739
2026-05-14,2026-05-15,NLCINDIA.NS,370.9,352.8,43,-778.3,13.8778
2026-05-14,2026-05-15,ADANIENT.NS,2712.9,2716.0,5,15.5,8.6029
2026-05-14,2026-05-15,GODREJIND.NS,1153.15,1135.05,14,-253.4,7.4547
2026-05-14,2026-05-15,TATACOMM.NS,1656.1,1680.0,9,215.1,6.242
2026-05-15,2026-05-18,JPPOWER.NS,19.54,19.05,833,-408.17,9.4065
2026-05-15,2026-05-18,KIRLOSENG.NS,1740.2,1700.0,9,-361.8,8.9941
2026-05-15,2026-05-18,CHAMBLFERT.NS,449.9,457.3,36,266.4,5.9585
2026-05-15,2026-05-18,PFIZER.NS,4954.7,4859.3,3,-286.2,5.8448
2026-05-15,2026-05-18,LATENTVIEW.NS,307.25,308.7,52,75.4,5.8388
2026-05-18,2026-05-19,GLAND.NS,2156.6,2251.1,7,661.5,15.4311
2026-05-18,2026-05-19,GESHIP.NS,1696.5,1715.9,9,174.6,10.6004
2026-05-18,2026-05-19,COFORGE.NS,1348.1,1412.0,11,702.9,5.1478
2026-05-18,2026-05-19,PERSISTENT.NS,4944.1,5066.3,3,366.6,5.1466
2026-05-18,2026-05-19,OFSS.NS,9408.5,9646.0,1,237.5,4.3649
2026-05-19,2026-05-20,ANGELONE.NS,328.0,325.0,50,-150.0,7.9125
2026-05-19,2026-05-20,TEJASNET.NS,462.7,466.4,35,129.5,5.9537
2026-05-19,2026-05-20,IDBI.NS,73.56,73.3,225,-58.5,5.8417
2026-05-19,2026-05-20,ECLERX.NS,1553.8,1518.1,10,-357.0,5.3852
2026-05-19,2026-05-20,MMTC.NS,65.03,63.93,254,-279.4,5.1075
2026-05-20,2026-05-21,ERIS.NS,1458.2,1385.9,11,-795.3,9.1304
2026-05-20,2026-05-21,PCBL.NS,292.65,290.15,56,-140.0,6.9823
2026-05-20,2026-05-21,GVT&D.NS,4679.4,4794.6,3,345.6,6.7065
2026-05-20,2026-05-21,APTUS.NS,269.1,265.1,61,-244.0,5.716
2026-05-20,2026-05-21,PFOCUS.NS,255.85,252.4,64,-220.8,4.9211
2026-05-21,2026-05-22,SAMMAANCAP.NS,154.26,161.46,105,756.0,8.787
2026-05-21,2026-05-22,TECHNOE.NS,1294.3,1334.5,12,482.4,7.6162
2026-05-21,2026-05-22,AMBER.NS,7537.0,7359.0,2,-356.0,6.9154
2026-05-21,2026-05-22,ABFRL.NS,66.76,67.35,242,142.78,6.7648
2026-05-21,2026-05-22,POLYMED.NS,1550.6,1598.2,10,476.0,6.2491
2026-05-22,2026-05-25,KAYNES.NS,3321.4,3400.4,4,316.0,4.6143
2026-05-22,2026-05-25,HFCL.NS,148.21,162.84,111,1623.93,4.5573
2026-05-22,2026-05-25,ASTRAL.NS,1541.7,1552.3,10,106.0,4.1689
2026-05-22,2026-05-25,NAUKRI.NS,960.95,938.5,17,-381.65,3.7463
2026-05-22,2026-05-25,JSWINFRA.NS,274.6,277.65,60,183.0,3.447
2026-05-25,2026-05-26,TITAGARH.NS,832.1,816.55,20,-311.0,9.8772
2026-05-25,2026-05-26,ARE&M.NS,883.4,889.3,19,112.1,7.6464
2026-05-25,2026-05-26,JWL.NS,296.3,289.75,56,-366.8,6.9868
2026-05-25,2026-05-26,EICHERMOT.NS,7414.0,7376.0,2,-76.0,6.1949
2026-05-25,2026-05-26,JKTYRE.NS,386.45,394.15,43,331.1,5.1279
2026-05-26,2026-05-27,CEMPRO.NS,943.3,992.95,17,844.05,7.1993
2026-05-26,2026-05-27,EXIDEIND.NS,366.25,394.15,45,1255.5,5.7762
2026-05-26,2026-05-27,GMDCLTD.NS,693.15,699.1,24,142.8,5.7356
2026-05-26,2026-05-27,IFCI.NS,64.4,68.38,261,1038.78,4.2915
2026-05-26,2026-05-27,ITI.NS,300.3,301.4,56,61.6,3.2846
2026-05-27,2026-05-28,ZEEL.NS,91.46,91.46,191,0.0,10.4856
2026-05-27,2026-05-28,NETWEB.NS,4072.0,4072.0,4,0.0,5.7196
2026-05-27,2026-05-28,SAREGAMA.NS,417.3,417.3,41,0.0,5.3655
2026-05-27,2026-05-28,WELCORP.NS,1372.9,1372.9,12,0.0,4.0864
2026-05-27,2026-05-28,CHENNPETRO.NS,1053.1,1053.1,16,0.0,3.2653
2026-05-29,2026-06-01,TEGA.NS,1766.0,1811.4,9,408.6,10.3957
2026-05-29,2026-06-01,JSWDULUX.NS,3151.8,3158.7,5,34.5,8.4733
2026-05-29,2026-06-01,SIGNATURE.NS,852.7,820.15,20,-651.0,6.4013
2026-05-29,2026-06-01,CLEAN.NS,797.5,787.6,21,-207.9,5.4127
2026-05-29,2026-06-01,ZYDUSWELL.NS,507.05,494.4,34,-430.1,5.3173
2026-06-01,2026-06-02,WELSPUNLIV.NS,145.13,143.65,119,-176.12,5.1895
2026-06-01,2026-06-02,INFY.NS,1202.5,1270.8,14,956.2,3.5834
2026-06-01,2026-06-02,LTM.NS,4196.1,4341.7,4,582.4,3.3115
2026-06-01,2026-06-02,SUNTV.NS,516.65,517.9,33,41.25,2.8876
2026-06-02,2026-06-03,NEWGEN.NS,518.1,518.2,33,3.3,17.3499
2026-06-02,2026-06-03,CONCORDBIO.NS,1166.2,1201.5,15,529.5,9.8841
2026-06-02,2026-06-03,JMFINANCIL.NS,129.16,122.67,136,-882.64,8.7663
2026-06-02,2026-06-03,TCS.NS,2446.9,2241.7,7,-1436.4,6.5074
2026-06-02,2026-06-03,ZENSARTECH.NS,519.95,509.75,33,-336.6,4.945
2026-06-03,2026-06-04,RHIM.NS,377.45,401.15,45,1066.5,9.5169
2026-06-03,2026-06-04,CARTRADE.NS,1961.7,1913.3,8,-387.2,9.2869
2026-06-03,2026-06-04,MRPL.NS,154.16,156.59,111,269.73,4.8565
2026-06-03,2026-06-04,IIFL.NS,498.8,530.3,34,1071.0,4.0359
2026-06-03,2026-06-04,GVT&D.NS,4964.5,5086.5,3,366.0,3.8381
2026-06-04,2026-06-05,ZENTEC.NS,1809.8,1815.3,9,49.5,7.2093
2026-06-04,2026-06-05,BLUEJET.NS,475.6,465.15,37,-386.65,6.3744
2026-06-04,2026-06-05,VIJAYA.NS,1359.4,1372.4,12,156.0,6.2529
2026-06-04,2026-06-05,DATAPATTNS.NS,4192.4,4212.6,4,80.8,5.0621
2026-06-05,2026-06-08,ADANIGREEN.NS,1525.7,1490.5,11,-387.2,7.1945
2026-06-05,2026-06-08,JYOTICNC.NS,634.3,609.95,27,-657.45,6.0702
2026-06-05,2026-06-08,SCHNEIDER.NS,1172.2,1142.9,15,-439.5,5.6226
2026-06-05,2026-06-08,RITES.NS,210.49,203.65,83,-567.72,5.1294
2026-06-05,2026-06-08,ELECON.NS,531.35,521.1,33,-338.25,4.9684
2026-06-08,2026-06-09,CCL.NS,1173.0,1149.1,14,-334.6,8.7017
2026-06-08,2026-06-09,CAPLIPOINT.NS,2111.0,2255.2,8,1153.6,3.8316
2026-06-08,2026-06-09,BALRAMCHIN.NS,550.4,536.95,31,-416.95,3.4976
2026-06-08,2026-06-09,PFOCUS.NS,247.52,235.68,69,-816.96,3.0518
2026-06-08,2026-06-09,POWERGRID.NS,290.3,285.7,59,-271.4,1.6279
2026-06-09,2026-06-10,LTTS.NS,3417.7,3328.0,4,-358.8,7.9774
2026-06-09,2026-06-10,GABRIEL.NS,1054.3,1014.6,16,-635.2,7.472
2026-06-09,2026-06-10,PIIND.NS,2866.4,2807.7,5,-293.5,6.9233
2026-06-09,2026-06-10,BANKBARODA.NS,273.75,269.3,62,-275.9,5.5931
2026-06-09,2026-06-10,MAHABANK.NS,83.97,84.18,202,42.42,5.4767
2026-06-10,2026-06-11,CHAMBLFERT.NS,477.65,465.3,34,-419.9,5.0357
2026-06-10,2026-06-11,COROMANDEL.NS,1880.7,1865.6,8,-120.8,4.0728
2026-06-10,2026-06-11,CRISIL.NS,4003.3,3898.0,4,-421.2,3.7339
2026-06-10,2026-06-11,APARINDS.NS,14085.0,14551.0,1,466.0,3.4977
2026-06-10,2026-06-11,BERGEPAINT.NS,516.7,513.95,32,-88.0,2.9488
2026-06-11,2026-06-12,DOMS.NS,2255.4,2291.0,7,249.2,6.4571
2026-06-11,2026-06-12,TEJASNET.NS,573.5,598.85,28,709.8,4.1213
2026-06-11,2026-06-12,TBOTEK.NS,1255.6,1352.8,13,1263.6,2.2309
2026-06-11,2026-06-12,AAVAS.NS,1328.2,1405.7,12,930.0,2.2007
2026-06-11,2026-06-12,NAVINFLUOR.NS,7157.0,7303.0,2,292.0,1.5682
2026-06-12,2026-06-15,IFCI.NS,84.57,89.6,204,1026.12,19.9915
2026-06-12,2026-06-15,AIIL.NS,530.15,558.7,32,913.6,15.2625
2026-06-12,2026-06-15,TTML.NS,46.44,45.66,372,-290.16,10.1779
2026-06-12,2026-06-15,ASHOKLEY.NS,152.45,157.7,113,593.25,10.0087
2026-06-12,2026-06-15,NETWEB.NS,4587.4,4612.3,3,74.7,9.4479
2026-06-15,2026-06-16,AARTIIND.NS,498.15,496.7,35,-50.75,13.0617
2026-06-15,2026-06-16,KALYANKJIL.NS,383.0,378.55,46,-204.7,11.095
2026-06-15,2026-06-16,SCHNEIDER.NS,1216.2,1181.4,14,-487.2,9.9937
2026-06-15,2026-06-16,BALKRISIND.NS,2192.5,2230.6,8,304.8,8.9116
2026-06-15,2026-06-16,HDFCAMC.NS,2622.9,2658.6,6,214.2,6.8
2026-06-16,2026-06-17,SONATSOFTW.NS,311.25,305.6,56,-316.4,19.5506
2026-06-16,2026-06-17,KPIL.NS,1365.7,1369.3,12,43.2,4.7396
2026-06-16,2026-06-17,SAPPHIRE.NS,181.67,182.24,97,55.29,4.7391
2026-06-16,2026-06-17,COFORGE.NS,1464.8,1465.7,12,10.8,4.4421
2026-06-16,2026-06-17,GLAXO.NS,2202.8,2199.8,8,-24.0,3.7833
2026-06-17,2026-06-18,OLECTRA.NS,1354.9,1446.6,13,1192.1,6.6514
2026-06-17,2026-06-18,GVT&D.NS,5152.5,5250.0,3,292.5,5.7465
2026-06-17,2026-06-18,WOCKPHARMA.NS,2022.8,1989.2,8,-268.8,5.3981
2026-06-17,2026-06-18,PFOCUS.NS,245.85,240.77,71,-360.68,4.9968
2026-06-17,2026-06-18,HAL.NS,4460.5,4411.5,3,-147.0,4.8099
2026-06-18,2026-06-19,KPRMILL.NS,1186.4,1159.75,15,-399.75,13.7215
2026-06-18,2026-06-19,ABSLAMC.NS,1167.1,1180.6,15,202.5,6.3029
2026-06-18,2026-06-19,GRANULES.NS,782.1,786.9,22,105.6,5.4896
2026-06-18,2026-06-19,ADANIPOWER.NS,230.57,231.76,77,91.63,4.6143
2026-06-18,2026-06-19,TORNTPOWER.NS,1448.6,1438.4,12,-122.4,2.9347
2026-06-19,2026-06-22,BERGEPAINT.NS,550.7,550.05,32,-20.8,9.0387
2026-06-19,2026-06-22,CEMPRO.NS,1252.0,1273.2,14,296.8,4.9983
2026-06-19,2026-06-22,VIJAYA.NS,1364.2,1325.3,13,-505.7,4.4884
2026-06-19,2026-06-22,BHARTIHEXA.NS,1494.5,1505.1,11,116.6,3.9435
2026-06-22,2026-06-23,TRITURBINE.NS,737.3,717.65,24,-471.6,9.6683
2026-06-22,2026-06-23,IDBI.NS,87.65,85.96,202,-341.38,5.6279
2026-06-22,2026-06-23,CIPLA.NS,1415.7,1433.1,12,208.8,4.727
2026-06-22,2026-06-23,ZYDUSWELL.NS,536.55,530.2,33,-209.55,4.7233
2026-06-22,2026-06-23,TATACOMM.NS,2061.7,2023.2,8,-308.0,3.6655
2026-06-23,2026-06-24,COHANCE.NS,457.8,462.35,38,172.9,12.9673
2026-06-23,2026-06-24,PPLPHARMA.NS,168.89,172.44,103,365.65,6.5485
2026-06-23,2026-06-24,GLAND.NS,2298.2,2326.2,7,196.0,5.099
2026-06-23,2026-06-24,NAUKRI.NS,1011.6,1009.8,17,-30.6,2.7474
2026-06-23,2026-06-24,ZYDUSLIFE.NS,1112.2,1099.3,15,-193.5,2.4597
2026-06-24,2026-06-25,CREDITACC.NS,1460.3,1462.3,12,24.0,6.529
2026-06-24,2026-06-25,EXIDEIND.NS,399.5,389.8,44,-426.8,5.3951
2026-06-24,2026-06-25,HINDPETRO.NS,412.9,409.25,42,-153.3,4.0706
2026-06-24,2026-06-25,PERSISTENT.NS,4928.5,4841.5,3,-261.0,1.9022
2026-06-24,2026-06-25,SRF.NS,2765.8,2732.9,6,-197.4,1.0633
2026-06-25,2026-06-26,HFCL.NS,215.0,215.0,81,0.0,4.9958
2026-06-25,2026-06-26,ASAHIINDIA.NS,898.9,898.9,19,0.0,4.8219
2026-06-25,2026-06-26,M&M.NS,3182.2,3182.2,5,0.0,3.8408
2026-06-25,2026-06-26,MARUTI.NS,13745.0,13745.0,1,0.0,3.7515
2026-06-25,2026-06-26,ASHOKLEY.NS,160.68,160.68,108,0.0,3.7247
2026-06-29,2026-06-30,SCHNEIDER.NS,1453.6,1360.2,11,-1027.4,8.8594
2026-06-29,2026-06-30,FINCABLES.NS,1179.2,1169.4,14,-137.2,5.6158
2026-06-29,2026-06-30,LLOYDSME.NS,1805.7,1810.4,9,42.3,4.8972
2026-06-29,2026-06-30,CHENNPETRO.NS,1153.8,1156.3,15,37.5,4.6816
2026-06-29,2026-06-30,NATIONALUM.NS,347.4,339.6,50,-390.0,4.5913
2026-06-30,2026-07-01,COCHINSHIP.NS,1507.9,1504.4,11,-38.5,5.6248
2026-06-30,2026-07-01,TARIL.NS,351.35,358.95,48,364.8,5.5739
2026-06-30,2026-07-01,BALRAMCHIN.NS,554.95,545.75,30,-276.0,5.2836
2026-06-30,2026-07-01,MARUTI.NS,14115.0,14395.0,1,280.0,5.2416
2026-07-01,2026-07-02,RITES.NS,233.19,224.93,73,-602.98,14.0238
2026-07-01,2026-07-02,RPOWER.NS,27.17,26.5,632,-423.44,9.38
2026-07-01,2026-07-02,DELHIVERY.NS,507.7,509.3,33,52.8,7.5522
2026-07-01,2026-07-02,HOMEFIRST.NS,1201.6,1201.1,14,-7.0,5.459
2026-07-01,2026-07-02,JMFINANCIL.NS,128.97,129.26,133,38.57,5.4452
2026-07-02,2026-07-03,ZENSARTECH.NS,467.35,516.1,36,1755.0,9.6937
2026-07-02,2026-07-03,MAPMYINDIA.NS,914.35,938.35,18,432.0,8.0984
2026-07-02,2026-07-03,EXIDEIND.NS,419.35,416.6,40,-110.0,7.4292
2026-07-02,2026-07-03,TATATECH.NS,712.4,715.4,23,69.0,6.2966
2026-07-02,2026-07-03,PERSISTENT.NS,4580.6,4682.7,3,306.3,5.7826
2026-07-03,2026-07-06,ECLERX.NS,1488.8,1498.3,11,104.5,7.0078
2026-07-03,2026-07-06,HCLTECH.NS,1139.0,1134.2,15,-72.0,5.6488
2026-07-03,2026-07-06,KAYNES.NS,3333.8,3359.2,5,127.0,5.5501
2026-07-03,2026-07-06,M&MFIN.NS,334.05,331.8,52,-117.0,5.0472
2026-07-03,2026-07-06,HUDCO.NS,215.56,214.59,81,-78.57,4.2209
2026-07-06,2026-07-07,SWANCORP.NS,333.6,330.25,52,-174.2,7.3014
2026-07-06,2026-07-07,WELCORP.NS,1543.6,1541.0,11,-28.6,7.2466
2026-07-06,2026-07-07,ZENTEC.NS,1852.8,1863.4,9,95.4,6.0743
2026-07-06,2026-07-07,HFCL.NS,224.95,226.04,77,83.93,4.8816
2026-07-06,2026-07-07,BRIGADE.NS,537.35,516.4,32,-670.4,4.5733
2026-07-07,2026-07-08,RITES.NS,235.43,223.13,73,-897.9,8.9197
2026-07-07,2026-07-08,TATACHEM.NS,718.6,710.4,24,-196.8,3.2249
2026-07-07,2026-07-08,TECHM.NS,1447.5,1428.8,11,-205.7,2.915
2026-07-07,2026-07-08,SAPPHIRE.NS,188.88,183.58,91,-482.3,2.374
2026-07-07,2026-07-08,BHARTIHEXA.NS,1500.3,1519.9,11,215.6,2.2769
2026-07-08,2026-07-09,KALYANKJIL.NS,374.15,443.0,45,3098.25,5.4686
2026-07-09,2026-07-10,CHOICEIN.NS,830.45,835.0,21,95.55,7.9769
2026-07-09,2026-07-10,KAYNES.NS,3429.1,3336.1,5,-465.0,6.8023
2026-07-09,2026-07-10,KIRLOSENG.NS,2424.8,2491.9,7,469.7,6.491
2026-07-09,2026-07-10,SAREGAMA.NS,476.1,479.2,37,114.7,6.4624
2026-07-09,2026-07-10,BRIGADE.NS,534.0,574.6,33,1339.8,6.2158
2026-07-10,2026-07-13,ZENSARTECH.NS,508.25,540.2,35,1118.25,13.6008
2026-07-10,2026-07-13,INDIANB.NS,870.7,842.55,20,-563.0,9.7775
2026-07-10,2026-07-13,NEWGEN.NS,517.2,590.5,34,2492.2,9.2984
2026-07-10,2026-07-13,MRPL.NS,162.49,164.74,110,247.5,8.5583
2026-07-10,2026-07-13,FSL.NS,259.71,265.06,69,369.15,6.9029
2026-07-13,2026-07-14,RRKABEL.NS,2374.8,2345.3,7,-206.5,6.699
2026-07-13,2026-07-14,TATATECH.NS,760.8,756.55,24,-102.0,5.8799
2026-07-13,2026-07-14,GALLANTT.NS,700.95,686.05,26,-387.4,4.9955
2026-07-13,2026-07-14,VOLTAS.NS,1349.5,1358.9,13,122.2,4.8807
2026-07-13,2026-07-14,WELSPUNLIV.NS,174.14,164.54,107,-1027.2,4.7963
2026-07-14,2026-07-15,NUVOCO.NS,341.4,377.25,53,1900.05,7.8503
2026-07-14,2026-07-15,CONCOR.NS,493.15,492.9,37,-9.25,6.2938
2026-07-14,2026-07-15,ADANIPOWER.NS,226.17,218.97,81,-583.2,4.9708
2026-07-14,2026-07-15,ADANIGREEN.NS,1604.5,1555.4,11,-540.1,3.7504
2026-07-14,2026-07-15,IDBI.NS,86.54,86.23,212,-65.72,2.938
2026-07-15,2026-07-16,AEGISLOG.NS,1321.1,1297.5,14,-330.4,8.0654
2026-07-15,2026-07-16,JUBLPHARMA.NS,1028.4,1020.7,18,-138.6,5.5365
2026-07-15,2026-07-16,TRITURBINE.NS,639.25,625.7,28,-379.4,5.2004
2026-07-15,2026-07-16,HFCL.NS,223.08,224.38,83,107.9,4.8407
2026-07-16,2026-07-17,MRPL.NS,173.33,174.49,106,122.96,10.0718
2026-07-16,2026-07-17,CHENNPETRO.NS,1240.8,1200.6,14,-562.8,7.2243
2026-07-16,2026-07-17,IEX.NS,124.74,122.8,147,-285.18,4.9205
2026-07-16,2026-07-17,JINDALSAW.NS,268.05,269.45,68,95.2,4.8914
2026-07-16,2026-07-17,UPL.NS,625.85,616.6,29,-268.25,4.7798
2026-07-17,2026-07-20,AIIL.NS,571.0,551.95,31,-590.55,9.8816
2026-07-17,2026-07-20,BHARATFORG.NS,2190.5,2209.0,8,148.0,4.0766
2026-07-17,2026-07-20,ZFCVINDIA.NS,2410.3,2338.6,7,-501.9,3.4197
2026-07-17,2026-07-20,JIOFIN.NS,242.98,238.92,74,-300.44,3.1105
2026-07-17,2026-07-20,PPLPHARMA.NS,179.42,178.87,101,-55.55,2.6489
2026-07-20,2026-07-21,TORNTPHARM.NS,5005.4,5040.7,3,105.9,5.0892
2026-07-20,2026-07-21,JSWENERGY.NS,567.7,566.2,31,-46.5,4.8965
2026-07-20,2026-07-21,EMCURE.NS,1861.2,1924.5,9,569.7,4.3742
2026-07-20,2026-07-21,MANAPPURAM.NS,337.1,351.75,53,776.45,3.5797
2026-07-20,2026-07-21,COLPAL.NS,2113.1,2092.9,8,-161.6,3.4616
2026-07-21,2026-07-22,M&MFIN.NS,349.85,378.15,51,1443.3,8.4638
2026-07-21,2026-07-22,DATAPATTNS.NS,4243.9,4782.8,4,2155.6,6.3448
2026-07-21,2026-07-22,TVSMOTOR.NS,3792.0,3907.6,4,462.4,5.6209
2026-07-21,2026-07-22,JPPOWER.NS,17.75,17.37,1024,-389.12,5.0918
2026-07-21,2026-07-22,ACE.NS,1035.5,1007.6,17,-474.3,4.4272
2026-07-22,2026-07-23,GESHIP.NS,1435.2,1441.9,13,87.1,1.8667
2026-07-22,2026-07-23,PETRONET.NS,279.65,269.45,67,-683.4,1.0844
2026-07-22,2026-07-23,UNITDSPR.NS,1404.2,1418.0,13,179.4,0.9635
2026-07-22,2026-07-23,MEDANTA.NS,1353.4,1378.2,13,322.4,0.8044
2026-07-22,2026-07-23,HINDUNILVR.NS,2154.6,2161.8,8,57.6,0.5648
2026-07-23,2026-07-24,NUVAMA.NS,1947.2,1980.1,9,296.1,3.4424
2026-07-23,2026-07-24,SBILIFE.NS,1853.5,1858.6,10,51.0,2.5904
2026-07-23,2026-07-24,TATACONSUM.NS,1107.7,1088.0,16,-315.2,1.169
2026-07-23,2026-07-24,DMART.NS,4035.0,4018.8,4,-64.8,0.8624
2026-07-24,2026-07-27,ACE.NS,1039.4,1061.8,18,403.2,6.1696
2026-07-24,2026-07-27,KPITTECH.NS,583.2,585.2,32,64.0,5.8631
2026-07-24,2026-07-27,ATUL.NS,6407.5,6789.5,2,764.0,4.5269
2026-07-24,2026-07-27,TATAELXSI.NS,3538.0,3554.4,5,82.0,4.4397
2026-07-24,2026-07-27,LALPATHLAB.NS,1759.2,1827.2,10,680.0,4.2736
2026-07-27,2026-07-28,CARTRADE.NS,2978.5,2962.7,6,-94.8,12.1254
2026-07-27,2026-07-28,KFINTECH.NS,949.25,973.75,20,490.0,10.6674
2026-07-27,2026-07-28,REDINGTON.NS,278.15,278.05,69,-6.9,7.3731
2026-07-27,2026-07-28,CONCOR.NS,510.5,522.4,37,440.3,6.8998
2026-07-27,2026-07-28,TBOTEK.NS,1519.2,1508.6,12,-127.2,6.3121
