date,next_date,symbol,entry_price,exit_price,shares,pnl,sort_val
2024-07-29,2024-07-30,GODIGIT.NS,352.05,359.95,56,442.4,100.0
2024-07-29,2024-07-30,MEDANTA.NS,1228.6,1246.2,16,281.6,68.75
2024-07-29,2024-07-30,BANDHANBNK.NS,218.87,219.77,91,81.9,63.0952
2024-07-29,2024-07-30,RELIANCE.NS,1520.1,1513.15,13,-90.35,62.5
2024-07-29,2024-07-30,CRAFTSMAN.NS,5352.25,5499.65,3,442.2,61.9048
2024-07-30,2024-07-31,ADANIENSOL.NS,1124.9,1138.05,17,223.55,61.3208
2024-07-30,2024-07-31,COHANCE.NS,943.95,997.2,21,1118.25,56.25
2024-07-30,2024-07-31,CRISIL.NS,4384.75,4382.6,4,-8.6,54.3478
2024-07-30,2024-07-31,YESBANK.NS,25.71,26.51,786,628.8,53.2609
2024-07-30,2024-07-31,CEATLTD.NS,2723.25,2688.85,7,-240.8,52.6316
2024-07-31,2024-08-01,PERSISTENT.NS,4832.3,4796.45,4,-143.4,56.8182
2024-07-31,2024-08-01,GODREJPROP.NS,3219.55,3127.2,6,-554.1,54.5455
2024-07-31,2024-08-01,GRAPHITE.NS,532.2,529.1,38,-117.8,54.3689
2024-07-31,2024-08-01,KEC.NS,925.35,906.85,22,-407.0,54.2056
2024-07-31,2024-08-01,BLUEDART.NS,8175.55,8219.15,2,87.2,53.5714
2024-08-01,2024-08-02,ATGL.NS,915.55,908.9,22,-146.3,57.3529
2024-08-01,2024-08-02,GILLETTE.NS,7941.95,7981.9,2,79.9,53.75
2024-08-01,2024-08-02,THERMAX.NS,5180.2,4984.3,3,-587.7,45.6522
2024-08-01,2024-08-02,TATACONSUM.NS,1208.35,1193.65,16,-235.2,45.283
2024-08-01,2024-08-02,CGCL.NS,225.55,214.03,90,-1036.8,45.1613
2024-08-02,2024-08-05,NAUKRI.NS,1444.1,1394.75,13,-641.55,56.7568
2024-08-05,2024-08-06,DEVYANI.NS,181.27,179.95,109,-143.88,58.3333
2024-08-06,2024-08-07,EMCURE.NS,1294.8,1305.05,15,153.75,100.0
2024-08-06,2024-08-07,GRAVITA.NS,1711.4,1765.85,11,598.95,59.7938
2024-08-06,2024-08-07,MANKIND.NS,2031.2,2058.1,9,242.1,57.1429
2024-08-06,2024-08-07,GPIL.NS,223.6,229.04,88,478.72,55.8559
2024-08-06,2024-08-07,BLS.NS,385.1,384.35,51,-38.25,55.6604
2024-08-07,2024-08-08,TEJASNET.NS,1290.45,1234.85,15,-834.0,64.4444
2024-08-07,2024-08-08,SHYAMMETL.NS,737.0,720.2,27,-453.6,63.1579
2024-08-07,2024-08-08,DOMS.NS,2395.75,2388.35,8,-59.2,62.5
2024-08-07,2024-08-08,PIIND.NS,4422.2,4457.25,4,140.2,62.1053
2024-08-07,2024-08-08,AIIL.NS,215.75,246.62,93,2870.91,60.0
2024-08-08,2024-08-09,FLUOROCHEM.NS,3391.1,3417.8,6,160.2,61.1111
2024-08-08,2024-08-09,POONAWALLA.NS,368.8,365.8,55,-165.0,59.4059
2024-08-08,2024-08-09,CEMPRO.NS,534.65,558.1,38,891.1,58.6957
2024-08-08,2024-08-09,SUZLON.NS,72.92,76.54,280,1013.6,57.8431
2024-08-08,2024-08-09,NAM-INDIA.NS,643.05,659.75,31,517.7,57.6923
2024-08-09,2024-08-12,LODHA.NS,1244.35,1298.0,16,858.4,74.4681
2024-08-09,2024-08-12,HDFCBANK.NS,825.1,830.05,25,123.75,65.2542
2024-08-09,2024-08-12,AFFLE.NS,1595.2,1561.5,13,-438.1,63.7681
2024-08-09,2024-08-12,DIXON.NS,11740.45,11664.25,1,-76.2,59.7701
2024-08-09,2024-08-12,OFSS.NS,10564.1,10734.55,1,170.45,59.2233
2024-08-12,2024-08-13,CHOICEIN.NS,400.05,394.2,52,-304.2,70.3704
2024-08-12,2024-08-13,GODIGIT.NS,352.75,348.15,59,-271.4,66.6667
2024-08-12,2024-08-13,MAPMYINDIA.NS,2317.9,2195.9,9,-1098.0,60.0
2024-08-12,2024-08-13,ATGL.NS,834.25,851.35,25,427.5,57.971
2024-08-12,2024-08-13,HDFCAMC.NS,2104.05,2071.02,9,-297.23,55.9524
2024-08-13,2024-08-14,KAYNES.NS,4702.0,4868.8,4,667.2,70.8333
2024-08-13,2024-08-14,JSL.NS,694.25,695.9,29,47.85,58.0952
2024-08-13,2024-08-14,SIEMENS.NS,4090.86,4132.51,5,208.24,54.6296
2024-08-13,2024-08-14,SPLPETRO.NS,849.8,829.05,24,-498.0,52.1739
2024-08-13,2024-08-14,OLECTRA.NS,1653.4,1642.7,12,-128.4,51.9231
2024-08-14,2024-08-16,CYIENT.NS,1734.9,1785.25,11,553.85,62.5
2024-08-14,2024-08-16,ANURAS.NS,787.3,804.55,26,448.5,61.7647
2024-08-14,2024-08-16,KALYANKJIL.NS,568.6,572.95,36,156.6,61.3636
2024-08-14,2024-08-16,UTIAMC.NS,1040.6,1040.85,19,4.75,58.1395
2024-08-14,2024-08-16,TCS.NS,4295.25,4416.05,4,483.2,57.7982
2024-08-16,2024-08-19,MEDANTA.NS,1125.75,1106.25,18,-351.0,64.7059
2024-08-16,2024-08-19,KPITTECH.NS,1815.4,1834.45,11,209.55,64.2857
2024-08-16,2024-08-19,IEX.NS,194.82,196.32,108,162.0,64.1026
2024-08-16,2024-08-19,FSL.NS,307.7,337.35,68,2016.2,62.6168
2024-08-16,2024-08-19,SUPREMEIND.NS,5259.85,5267.6,4,31.0,60.6383
2024-08-19,2024-08-20,INDGN.NS,564.05,584.1,38,761.9,100.0
2024-08-19,2024-08-20,EMCURE.NS,1325.0,1332.1,16,113.6,100.0
2024-08-19,2024-08-20,ANGELONE.NS,234.12,269.69,91,3236.87,65.4545
2024-08-19,2024-08-20,AFFLE.NS,1575.6,1605.35,13,386.75,64.2857
2024-08-19,2024-08-20,RELIANCE.NS,1488.4,1495.95,14,105.7,62.8099
2024-08-20,2024-08-21,SHYAMMETL.NS,762.35,763.25,29,26.1,64.1026
2024-08-20,2024-08-21,DMART.NS,5079.2,5099.45,4,81.0,62.9213
2024-08-20,2024-08-21,TATAPOWER.NS,422.3,424.5,53,116.6,61.0
2024-08-20,2024-08-21,LATENTVIEW.NS,501.05,499.1,44,-85.8,58.9744
2024-08-20,2024-08-21,SBILIFE.NS,1761.3,1800.6,12,471.6,55.814
2024-08-21,2024-08-22,ANANDRATHI.NS,938.15,939.53,24,33.0,76.0
2024-08-21,2024-08-22,BANDHANBNK.NS,203.77,205.43,110,182.6,63.5294
2024-08-21,2024-08-22,DEVYANI.NS,175.12,181.39,128,802.56,59.4595
2024-08-21,2024-08-22,FORCEMOT.NS,8542.5,8657.9,2,230.8,58.1818
2024-08-21,2024-08-22,CONCOR.NS,989.2,988.85,22,-7.7,55.6701
2024-08-22,2024-08-23,JYOTICNC.NS,1222.25,1264.1,18,753.3,80.0
2024-08-22,2024-08-23,TBOTEK.NS,1669.25,1726.85,13,748.8,66.6667
2024-08-22,2024-08-23,DOMS.NS,2428.35,2612.1,9,1653.75,66.6667
2024-08-22,2024-08-23,KALYANKJIL.NS,596.4,588.9,38,-285.0,60.0
2024-08-22,2024-08-23,COHANCE.NS,1058.25,1071.15,21,270.9,57.1429
2024-08-23,2024-08-26,NLCINDIA.NS,275.45,273.25,85,-187.0,56.0
2024-08-23,2024-08-26,APARINDS.NS,8950.25,8992.15,2,83.8,50.8197
2024-08-23,2024-08-26,KPIL.NS,1298.25,1307.1,18,159.3,50.495
2024-08-23,2024-08-26,SCI.NS,276.4,274.55,84,-155.4,49.0196
2024-08-23,2024-08-26,PFOCUS.NS,150.41,157.84,155,1151.65,48.8889
2024-08-26,2024-08-27,KEC.NS,854.05,864.1,27,271.35,54.6296
2024-08-26,2024-08-27,HONASA.NS,508.85,511.4,46,117.3,54.5455
2024-08-26,2024-08-27,INOXWIND.NS,225.91,228.07,104,224.64,53.6082
2024-08-26,2024-08-27,PTCIL.NS,14028.0,14729.4,1,701.4,52.6316
2024-08-26,2024-08-27,HINDZINC.NS,528.1,532.35,44,187.0,51.8868
2024-08-27,2024-08-28,ANANDRATHI.NS,933.91,932.25,25,-41.56,73.0769
2024-08-27,2024-08-28,IEX.NS,195.56,203.51,122,969.9,64.557
2024-08-27,2024-08-28,PIIND.NS,4458.55,4509.1,5,252.75,62.5
2024-08-27,2024-08-28,MANKIND.NS,2427.1,2428.55,9,13.05,60.0
2024-08-27,2024-08-28,AARTIIND.NS,640.2,640.75,37,20.35,56.6038
2024-08-28,2024-08-29,LODHA.NS,1251.75,1254.45,19,51.3,75.0
2024-08-28,2024-08-29,ABB.NS,7938.4,7876.5,3,-185.7,53.7549
2024-08-28,2024-08-29,INDIANB.NS,567.95,561.5,42,-270.9,52.4272
2024-08-28,2024-08-29,VTL.NS,510.75,503.0,47,-364.25,47.9167
2024-08-28,2024-08-29,ENGINERSIN.NS,225.55,224.1,107,-155.15,46.789
2024-08-29,2024-08-30,MEDANTA.NS,1123.5,1134.7,21,235.2,66.6667
2024-08-29,2024-08-30,HUDCO.NS,293.65,280.65,81,-1053.0,56.5217
2024-08-29,2024-08-30,IGL.NS,271.67,276.4,88,415.8,55.3571
2024-08-29,2024-08-30,AJANTPHARM.NS,3151.05,3243.55,7,647.5,52.3622
2024-08-29,2024-08-30,SONATSOFTW.NS,656.9,665.75,36,318.6,50.0
2024-08-30,2024-09-02,INDGN.NS,583.3,584.3,41,41.0,100.0
2024-08-30,2024-09-02,TBOTEK.NS,1771.7,1828.3,13,735.8,75.0
2024-08-30,2024-09-02,GRAVITA.NS,2277.15,2220.75,10,-564.0,59.1837
2024-08-30,2024-09-02,PRESTIGE.NS,1813.15,1785.6,13,-358.15,53.3333
2024-08-30,2024-09-02,PFIZER.NS,6065.05,6318.3,3,759.75,52.4752
2024-09-02,2024-09-03,BANDHANBNK.NS,201.61,201.37,120,-28.8,62.7907
2024-09-02,2024-09-03,JIOFIN.NS,344.9,350.2,70,371.0,61.5385
2024-09-02,2024-09-03,DOMS.NS,2658.15,2610.5,9,-428.85,60.0
2024-09-02,2024-09-03,UTIAMC.NS,1192.2,1182.1,20,-202.0,56.8182
2024-09-02,2024-09-03,ADANIPOWER.NS,134.04,131.82,180,-399.6,53.9683
2024-09-03,2024-09-04,MPHASIS.NS,3125.35,3088.7,7,-256.55,59.8214
2024-09-03,2024-09-04,MGL.NS,1832.05,1838.3,13,81.25,58.2524
2024-09-03,2024-09-04,PGEL.NS,541.7,567.45,44,1133.0,56.0748
2024-09-03,2024-09-04,CUMMINSIND.NS,3831.25,3870.05,6,232.8,55.6604
2024-09-03,2024-09-04,DEEPAKNTR.NS,2933.95,2988.7,8,438.0,55.2083
2024-09-04,2024-09-05,HDFCBANK.NS,820.9,822.72,29,52.92,65.5462
2024-09-04,2024-09-05,SHYAMMETL.NS,827.2,830.2,29,87.0,65.0
2024-09-04,2024-09-05,DMART.NS,5100.9,5308.15,4,829.0,63.3333
2024-09-04,2024-09-05,APOLLOTYRE.NS,508.7,512.0,48,158.4,55.5172
2024-09-04,2024-09-05,CEATLTD.NS,2898.0,2891.3,8,-53.6,52.0408
2024-09-05,2024-09-06,FLUOROCHEM.NS,3524.3,3808.9,6,1707.6,61.8182
2024-09-05,2024-09-06,DEVYANI.NS,182.97,183.48,134,68.34,60.5263
2024-09-05,2024-09-06,CRAFTSMAN.NS,6362.45,6251.0,3,-334.35,59.0909
2024-09-05,2024-09-06,NAM-INDIA.NS,707.65,687.2,34,-695.3,56.962
2024-09-05,2024-09-06,PVRINOX.NS,1580.15,1567.1,15,-195.75,53.9216
2024-09-06,2024-09-09,BLUEJET.NS,509.45,522.8,48,640.8,54.5455
2024-09-06,2024-09-09,KPRMILL.NS,865.8,854.35,28,-320.6,46.0784
2024-09-06,2024-09-09,GODFRYPHLP.NS,2401.95,2281.4,10,-1205.5,43.8095
2024-09-06,2024-09-09,MARICO.NS,665.25,676.0,37,397.75,41.6667
2024-09-06,2024-09-09,TATATECH.NS,1112.65,1077.55,22,-772.2,33.3333
2024-09-09,2024-09-10,CLEAN.NS,1536.25,1578.95,15,640.5,60.5263
2024-09-09,2024-09-10,SUPREMEIND.NS,5386.9,5374.35,4,-50.2,60.0
2024-09-09,2024-09-10,BLUESTARCO.NS,1789.3,1799.95,13,138.45,51.6484
2024-09-09,2024-09-10,RITES.NS,336.38,339.45,72,221.4,50.0
2024-09-09,2024-09-10,NAVA.NS,492.65,499.17,49,319.72,49.1071
2024-09-10,2024-09-11,CHOICEIN.NS,459.65,454.15,53,-291.5,67.8571
2024-09-10,2024-09-11,FSL.NS,328.75,319.35,75,-705.0,62.037
2024-09-10,2024-09-11,GVT&D.NS,1703.0,1722.05,14,266.7,61.3636
2024-09-10,2024-09-11,TATAPOWER.NS,445.35,435.65,55,-533.5,60.396
2024-09-10,2024-09-11,POONAWALLA.NS,392.2,394.0,63,113.4,59.8039
2024-09-11,2024-09-12,KPITTECH.NS,1789.35,1838.05,13,633.1,64.7887
2024-09-11,2024-09-12,CYIENT.NS,2079.9,2118.4,11,423.5,62.8866
2024-09-11,2024-09-12,DIXON.NS,12724.3,12852.6,1,128.3,60.2273
2024-09-11,2024-09-12,BAJAJ-AUTO.NS,11420.75,11723.5,2,605.5,60.0746
2024-09-11,2024-09-12,JINDALSTEL.NS,966.9,1004.65,25,943.75,59.1304
2024-09-12,2024-09-13,KAYNES.NS,5165.85,5333.25,4,669.6,72.0
2024-09-12,2024-09-13,SHYAMMETL.NS,844.35,871.2,29,778.65,65.8537
2024-09-12,2024-09-13,CREDITACC.NS,1253.65,1260.95,20,146.0,61.6438
2024-09-12,2024-09-13,MAPMYINDIA.NS,2083.55,2095.95,12,148.8,61.2903
2024-09-12,2024-09-13,SIGNATURE.NS,1478.15,1481.75,16,57.6,60.0
2024-09-13,2024-09-16,LODHA.NS,1230.2,1276.0,20,916.0,75.5102
2024-09-13,2024-09-16,BANDHANBNK.NS,207.1,205.28,122,-222.04,62.069
2024-09-13,2024-09-16,CRAFTSMAN.NS,6332.0,6409.9,4,311.6,60.0
2024-09-13,2024-09-16,MPHASIS.NS,3146.15,3125.75,8,-163.2,59.292
2024-09-13,2024-09-16,LICHSGFIN.NS,723.3,680.75,35,-1489.25,57.6923
2024-09-16,2024-09-17,ANGELONE.NS,258.12,255.78,98,-229.32,64.2857
2024-09-16,2024-09-17,ADANIPOWER.NS,133.19,133.27,190,15.2,54.2105
2024-09-16,2024-09-17,ABB.NS,7765.2,7873.65,3,325.35,53.937
2024-09-16,2024-09-17,UNIONBANK.NS,123.21,124.13,205,188.6,52.8846
2024-09-16,2024-09-17,EXIDEIND.NS,489.95,482.3,51,-390.15,51.5152
2024-09-17,2024-09-18,JYOTICNC.NS,1200.05,1177.2,21,-479.85,72.7273
2024-09-17,2024-09-18,MGL.NS,1909.95,1883.3,13,-346.45,57.6923
2024-09-17,2024-09-18,IGL.NS,274.05,267.75,92,-579.6,54.8673
2024-09-17,2024-09-18,RBLBANK.NS,216.28,211.41,116,-564.92,54.4643
2024-09-17,2024-09-18,SIEMENS.NS,3970.41,3956.55,6,-83.12,54.1284
2024-09-18,2024-09-19,KEC.NS,1017.0,986.15,24,-740.4,54.1284
2024-09-18,2024-09-19,SBIN.NS,792.75,789.95,31,-86.8,52.3364
2024-09-18,2024-09-19,DEEPAKFERT.NS,1018.95,980.9,24,-913.2,52.2523
2024-09-18,2024-09-19,SPLPETRO.NS,885.0,885.75,28,21.0,52.1277
2024-09-18,2024-09-19,OLECTRA.NS,1689.75,1661.3,14,-398.3,51.8868
2024-09-19,2024-09-20,RAINBOW.NS,1386.25,1379.4,17,-116.45,60.0
2024-09-19,2024-09-20,CCL.NS,756.05,757.45,32,44.8,52.1277
2024-09-19,2024-09-20,ICICIGI.NS,2200.0,2234.05,11,374.55,47.7273
2024-09-19,2024-09-20,UBL.NS,2130.5,2089.75,11,-448.25,47.619
2024-09-19,2024-09-20,ASAHIINDIA.NS,708.45,777.55,34,2349.4,44.5255
2024-09-20,2024-09-23,RELIANCE.NS,1485.93,1493.38,16,119.2,63.1148
2024-09-20,2024-09-23,MANKIND.NS,2535.75,2650.25,9,1030.5,62.5
2024-09-20,2024-09-23,ADANIENT.NS,3008.5,3043.95,8,283.6,60.0
2024-09-20,2024-09-23,CEMPRO.NS,562.45,565.95,44,154.0,59.1398
2024-09-20,2024-09-23,COHANCE.NS,1215.3,1249.2,20,678.0,58.0
2024-09-23,2024-09-24,INDGN.NS,689.95,681.75,36,-295.2,83.3333
2024-09-23,2024-09-24,ADANIENSOL.NS,1025.95,1051.15,24,604.8,61.6822
2024-09-23,2024-09-24,WELCORP.NS,690.85,719.65,36,1036.8,59.633
2024-09-23,2024-09-24,ATGL.NS,835.35,812.95,30,-672.0,57.1429
2024-09-23,2024-09-24,TATASTEEL.NS,153.99,160.53,164,1072.56,56.9106
2024-09-24,2024-09-25,DMART.NS,5391.45,5265.5,4,-503.8,62.6374
2024-09-24,2024-09-25,FSL.NS,333.5,342.45,77,689.15,62.3853
2024-09-24,2024-09-25,OFSS.NS,11630.0,11187.9,2,-884.2,59.0476
2024-09-24,2024-09-25,AARTIIND.NS,588.6,586.95,43,-70.95,56.391
2024-09-24,2024-09-25,HINDPETRO.NS,417.15,417.4,61,15.25,56.0345
2024-09-25,2024-09-26,GVT&D.NS,1630.2,1624.55,15,-84.75,60.6742
2024-09-25,2024-09-26,POLYCAB.NS,6685.95,6747.4,3,184.35,59.1549
2024-09-25,2024-09-26,CRAFTSMAN.NS,6604.55,6587.9,3,-49.95,58.6957
2024-09-25,2024-09-26,SYRMA.NS,458.55,451.1,55,-409.75,57.1429
2024-09-25,2024-09-26,INTELLECT.NS,1012.4,1025.1,25,317.5,54.6296
2024-09-26,2024-09-27,AFFLE.NS,1590.1,1597.85,16,124.0,64.7887
2024-09-26,2024-09-27,IOC.NS,171.36,180.01,149,1288.85,57.5221
2024-09-26,2024-09-27,TMPV.NS,993.15,993.0,25,-3.75,52.1008
2024-09-26,2024-09-27,AMBUJACEM.NS,625.15,634.0,40,354.0,51.0274
2024-09-26,2024-09-27,COLPAL.NS,3698.4,3764.05,6,393.9,49.4949
2024-09-27,2024-09-30,TBOTEK.NS,1847.15,1794.3,14,-739.9,60.0
2024-09-27,2024-09-30,NAUKRI.NS,1634.15,1620.14,15,-210.15,56.1404
2024-09-27,2024-09-30,EIDPARRY.NS,843.7,857.75,30,421.5,56.0
2024-09-27,2024-09-30,ARE&M.NS,1392.15,1425.95,18,608.4,55.7143
2024-09-27,2024-09-30,DEEPAKNTR.NS,2896.5,2907.1,8,84.8,55.6701
2024-09-30,2024-10-01,CLEAN.NS,1576.5,1626.9,16,806.4,61.5385
2024-09-30,2024-10-01,IGL.NS,279.27,279.2,93,-6.97,54.386
2024-09-30,2024-10-01,TRIDENT.NS,36.66,36.97,709,219.79,52.6786
2024-09-30,2024-10-01,TEGA.NS,1874.25,1974.45,13,1302.6,51.6129
2024-09-30,2024-10-01,BAYERCROP.NS,6411.8,6600.0,4,752.8,51.2658
2024-10-01,2024-10-03,INDGN.NS,732.7,703.85,36,-1038.6,71.4286
2024-10-01,2024-10-03,EMCURE.NS,1495.5,1467.6,17,-474.3,66.6667
2024-10-01,2024-10-03,ANGELONE.NS,260.01,274.21,102,1448.91,64.9123
2024-10-01,2024-10-03,ADANIENSOL.NS,1040.1,1015.85,25,-606.25,61.1111
2024-10-01,2024-10-03,ANURAS.NS,766.45,753.4,34,-443.7,60.0
2024-10-03,2024-10-04,CEMPRO.NS,643.55,645.05,41,61.5,59.5745
2024-10-03,2024-10-04,JINDALSTEL.NS,1051.05,1021.1,25,-748.75,58.6207
2024-10-03,2024-10-04,AMBER.NS,5163.85,4918.9,5,-1224.75,53.4091
2024-10-03,2024-10-04,SARDAEN.NS,491.95,480.2,53,-622.75,53.125
2024-10-03,2024-10-04,BSE.NS,1317.87,1369.38,20,1030.33,50.5376
2024-10-04,2024-10-07,APTUS.NS,359.5,369.75,72,738.0,47.3684
2024-10-04,2024-10-07,TORNTPHARM.NS,3473.55,3405.1,7,-479.15,46.0784
2024-10-04,2024-10-07,HOMEFIRST.NS,1247.85,1240.0,20,-157.0,38.0
2024-10-07,2024-10-08,KPITTECH.NS,1705.95,1714.0,15,120.75,65.2778
2024-10-07,2024-10-08,SUPREMEIND.NS,5432.8,5437.35,4,18.2,60.4167
2024-10-07,2024-10-08,CGPOWER.NS,759.15,780.4,34,722.5,57.1429
2024-10-07,2024-10-08,INFY.NS,1934.3,1948.55,13,185.25,54.4643
2024-10-07,2024-10-08,NBCC.NS,115.83,115.29,225,-121.5,45.614
2024-10-08,2024-10-09,KAYNES.NS,5253.1,5391.6,5,692.5,73.0769
2024-10-08,2024-10-09,JYOTICNC.NS,1130.35,1119.25,23,-255.3,66.6667
2024-10-08,2024-10-09,DIXON.NS,14519.0,14805.2,1,286.2,60.6742
2024-10-08,2024-10-09,ADANIENSOL.NS,1007.3,983.3,26,-624.0,60.5505
2024-10-08,2024-10-09,ADANIENT.NS,3160.7,3153.75,8,-55.6,59.4059
2024-10-09,2024-10-10,ANANDRATHI.NS,1031.72,1013.64,25,-452.19,70.3704
2024-10-09,2024-10-10,CHOICEIN.NS,472.25,473.7,55,79.75,68.9655
2024-10-09,2024-10-10,MEDANTA.NS,1001.5,1038.05,26,950.3,68.4211
2024-10-09,2024-10-10,SHYAMMETL.NS,930.75,929.1,28,-46.2,64.2857
2024-10-09,2024-10-10,AFFLE.NS,1609.1,1608.05,16,-16.8,63.8889
2024-10-10,2024-10-11,TATAPOWER.NS,465.65,461.15,56,-252.0,59.8039
2024-10-10,2024-10-11,GRAVITA.NS,2442.6,2467.1,10,245.0,59.596
2024-10-10,2024-10-11,RBLBANK.NS,200.7,204.41,131,486.01,54.8673
2024-10-10,2024-10-11,HDFCLIFE.NS,723.65,723.85,36,7.2,53.3333
2024-10-10,2024-10-11,INDUSTOWER.NS,378.9,378.5,69,-27.6,52.7778
2024-10-11,2024-10-14,ANGELONE.NS,270.31,272.3,98,195.51,65.5172
2024-10-11,2024-10-14,CLEAN.NS,1568.55,1587.45,16,302.4,62.5
2024-10-11,2024-10-14,BANDHANBNK.NS,210.26,200.06,126,-1285.2,61.3636
2024-10-11,2024-10-14,PERSISTENT.NS,5469.55,5616.7,4,588.6,56.044
2024-10-11,2024-10-14,NAM-INDIA.NS,700.25,697.1,37,-116.55,54.878
2024-10-14,2024-10-15,INDGN.NS,694.1,695.9,38,68.4,75.0
2024-10-14,2024-10-15,HDFCBANK.NS,844.05,842.05,31,-62.0,65.0
2024-10-14,2024-10-15,TEJASNET.NS,1202.7,1189.95,21,-267.75,63.7363
2024-10-14,2024-10-15,FSL.NS,318.0,336.5,83,1535.5,62.7273
2024-10-14,2024-10-15,WELCORP.NS,711.95,715.5,37,131.35,60.0
2024-10-15,2024-10-16,LODHA.NS,1222.3,1223.1,21,16.8,76.0
2024-10-15,2024-10-16,RAINBOW.NS,1468.95,1451.35,18,-316.8,58.0645
2024-10-15,2024-10-16,IOC.NS,167.93,168.39,159,73.14,57.8947
2024-10-15,2024-10-16,DEEPAKNTR.NS,2932.6,2999.5,9,602.1,56.1224
2024-10-15,2024-10-16,BIKAJI.NS,882.35,909.6,30,817.5,54.1667
2024-10-16,2024-10-17,COHANCE.NS,1234.25,1249.95,21,329.7,58.8235
2024-10-16,2024-10-17,APOLLOTYRE.NS,518.8,504.25,51,-742.05,55.4795
2024-10-16,2024-10-17,CUMMINSIND.NS,3798.4,3692.0,7,-744.8,55.0459
2024-10-16,2024-10-17,GAIL.NS,231.86,222.02,116,-1141.44,54.386
2024-10-16,2024-10-17,UTIAMC.NS,1329.0,1304.5,20,-490.0,54.3478
2024-10-17,2024-10-18,MPHASIS.NS,3080.2,3095.75,8,124.4,59.6491
2024-10-17,2024-10-18,LATENTVIEW.NS,484.7,486.45,54,94.5,58.5366
2024-10-17,2024-10-18,INFY.NS,1968.1,1879.6,13,-1150.5,53.9823
2024-10-17,2024-10-18,CONCORDBIO.NS,2018.9,2018.05,13,-11.05,46.1538
2024-10-17,2024-10-18,IOB.NS,55.97,55.53,471,-207.24,41.9048
2024-10-18,2024-10-21,TEJASNET.NS,1187.7,1318.6,22,2879.8,64.1304
2024-10-18,2024-10-21,HDFCLIFE.NS,742.45,745.85,35,119.0,53.8462
2024-10-18,2024-10-21,NATIONALUM.NS,232.12,230.0,112,-237.44,51.7857
2024-10-18,2024-10-21,ZEEL.NS,132.46,126.21,197,-1231.25,50.4587
2024-10-18,2024-10-21,AXISBANK.NS,1196.85,1190.3,21,-137.55,50.4202
2024-10-21,2024-10-22,BAJAJ-AUTO.NS,10500.5,10368.35,2,-264.3,59.8513
2024-10-21,2024-10-22,CRISIL.NS,4896.6,4879.3,5,-86.5,52.0833
2024-10-21,2024-10-22,BBTC.NS,2800.6,2635.9,9,-1482.3,48.2517
2024-10-21,2024-10-22,TATACHEM.NS,1189.0,1143.3,22,-1005.4,48.0392
2024-10-21,2024-10-22,OBEROIRLTY.NS,1995.55,1950.45,13,-586.3,44.6429
2024-10-22,2024-10-23,CUB.NS,126.38,125.36,203,-207.06,41.8182
2024-10-23,2024-10-24,FSL.NS,350.9,332.95,73,-1310.35,62.1622
2024-10-23,2024-10-24,BLS.NS,380.95,391.9,67,733.65,56.8807
2024-10-23,2024-10-24,PERSISTENT.NS,5718.75,5691.2,4,-110.2,55.4348
2024-10-23,2024-10-24,DEEPAKFERT.NS,1118.75,1125.5,23,155.25,52.6786
2024-10-23,2024-10-24,HINDZINC.NS,523.7,539.5,49,774.2,52.2936
2024-10-24,2024-10-25,ATGL.NS,754.95,724.15,34,-1047.2,56.338
2024-10-24,2024-10-25,BANKBARODA.NS,244.77,239.52,105,-551.25,53.9249
2024-10-24,2024-10-25,ULTRACEMCO.NS,11043.6,10995.2,2,-96.8,53.8462
2024-10-24,2024-10-25,RPOWER.NS,42.36,43.2,608,510.72,53.8462
2024-10-24,2024-10-25,ICICIPRULI.NS,768.0,742.85,33,-829.95,53.125
2024-10-25,2024-10-28,CYIENT.NS,1798.1,1769.1,14,-406.0,62.2449
2024-10-25,2024-10-28,RAINBOW.NS,1420.75,1497.65,17,1307.3,59.375
2024-10-25,2024-10-28,RAMCOCEM.NS,853.05,856.95,29,113.1,53.1915
2024-10-25,2024-10-28,J&KBANK.NS,97.63,97.12,259,-132.09,51.087
2024-10-25,2024-10-28,MAXHEALTH.NS,938.0,968.0,27,810.0,49.0909
2024-10-28,2024-10-29,MEDANTA.NS,1072.7,1072.8,23,2.3,70.0
2024-10-28,2024-10-29,INDGN.NS,690.55,652.6,37,-1404.15,66.6667
2024-10-28,2024-10-29,ANURAS.NS,717.85,723.05,35,182.0,61.1111
2024-10-28,2024-10-29,BANDHANBNK.NS,184.81,179.13,139,-789.52,60.6742
2024-10-28,2024-10-29,POONAWALLA.NS,319.65,339.55,80,1592.0,59.6154
2024-10-29,2024-10-30,LODHA.NS,1187.6,1179.2,21,-176.4,74.5098
2024-10-29,2024-10-30,CHOICEIN.NS,482.85,495.8,53,686.35,70.0
2024-10-29,2024-10-30,SHYAMMETL.NS,835.1,837.7,30,78.0,65.1163
2024-10-29,2024-10-30,IREDA.NS,205.37,210.21,124,600.16,63.6364
2024-10-29,2024-10-30,DIXON.NS,14939.15,14175.6,1,-763.55,60.0
2024-10-30,2024-10-31,JYOTICNC.NS,1043.0,1048.35,24,128.4,69.2308
2024-10-30,2024-10-31,ANGELONE.NS,302.85,305.16,84,194.04,66.1017
2024-10-30,2024-10-31,AFFLE.NS,1509.25,1537.25,17,476.0,64.3836
2024-10-30,2024-10-31,PIIND.NS,4495.55,4488.5,5,-35.25,61.8557
2024-10-30,2024-10-31,MANKIND.NS,2627.8,2667.35,9,355.95,61.1111
2024-10-31,2024-11-01,ANANDRATHI.NS,1031.49,1038.53,25,175.94,71.4286
2024-10-31,2024-11-01,TEJASNET.NS,1341.85,1369.6,19,527.25,64.5161
2024-10-31,2024-11-01,CLEAN.NS,1526.6,1533.25,16,106.4,63.4146
2024-10-31,2024-11-01,GVT&D.NS,1785.9,1803.3,14,243.6,61.1111
2024-10-31,2024-11-01,ADANIENSOL.NS,976.2,978.75,26,66.3,60.9091
2024-11-01,2024-11-04,KPITTECH.NS,1424.25,1403.6,18,-371.7,64.3836
2024-11-01,2024-11-04,GRAVITA.NS,2249.6,2125.25,11,-1367.85,59.0
2024-11-01,2024-11-04,DEVYANI.NS,170.97,168.14,153,-432.99,58.9744
2024-11-01,2024-11-04,CRAFTSMAN.NS,5203.0,4997.6,5,-1027.0,57.4468
2024-11-01,2024-11-04,LATENTVIEW.NS,461.7,455.1,56,-369.6,57.1429
2024-11-04,2024-11-05,NAUKRI.NS,1544.55,1528.18,16,-261.92,55.1724
2024-11-04,2024-11-05,SUNDARMFIN.NS,4972.05,4919.85,5,-261.0,55.0562
2024-11-04,2024-11-05,POLICYBZR.NS,1714.5,1641.95,14,-1015.7,53.125
2024-11-04,2024-11-05,NEULANDLAB.NS,14728.8,15858.2,1,1129.4,45.8333
2024-11-04,2024-11-05,BAJAJHLDNG.NS,10658.25,10600.35,2,-115.8,43.6
2024-11-05,2024-11-06,INDGN.NS,662.7,685.7,38,874.0,70.0
2024-11-05,2024-11-06,HDFCBANK.NS,878.92,877.62,28,-36.4,64.4628
2024-11-05,2024-11-06,POLYCAB.NS,6632.55,6883.95,3,754.2,60.274
2024-11-05,2024-11-06,GLENMARK.NS,1725.15,1768.95,14,613.2,57.6923
2024-11-05,2024-11-06,TATASTEEL.NS,152.29,153.62,166,220.78,57.2581
2024-11-06,2024-11-07,KAYNES.NS,5872.95,5781.6,4,-365.4,70.3704
2024-11-06,2024-11-07,RELIANCE.NS,1325.35,1305.65,19,-374.3,62.6016
2024-11-06,2024-11-07,MAPMYINDIA.NS,1991.25,2070.0,12,945.0,62.5
2024-11-06,2024-11-07,KALYANKJIL.NS,700.0,706.05,36,217.8,60.4167
2024-11-06,2024-11-07,SUPREMEIND.NS,4683.95,4676.75,5,-36.0,59.7938
2024-11-07,2024-11-08,TBOTEK.NS,1680.15,1704.15,15,360.0,57.1429
2024-11-07,2024-11-08,APOLLOTYRE.NS,497.5,491.05,52,-335.4,55.102
2024-11-07,2024-11-08,KEC.NS,1050.7,1020.65,24,-721.2,54.4643
2024-11-07,2024-11-08,SARDAEN.NS,468.8,462.4,55,-352.0,53.0612
2024-11-07,2024-11-08,POLICYBZR.NS,1739.0,1678.7,14,-844.2,51.5152
2024-11-08,2024-11-11,BRITANNIA.NS,5747.15,5434.65,4,-1250.0,45.4545
2024-11-11,2024-11-12,POWERGRID.NS,329.8,322.7,76,-539.6,50.0
2024-11-11,2024-11-12,UNITDSPR.NS,1475.85,1446.8,17,-493.85,49.5495
2024-11-11,2024-11-12,SCI.NS,227.32,222.6,111,-523.92,48.1132
2024-11-11,2024-11-12,THERMAX.NS,5214.95,5111.7,4,-413.0,45.8333
2024-11-12,2024-11-13,LODHA.NS,1240.95,1202.1,20,-777.0,73.0769
2024-11-12,2024-11-13,GVT&D.NS,1866.0,1777.4,13,-1151.8,60.4396
2024-11-12,2024-11-13,RAMCOCEM.NS,910.0,883.9,27,-704.7,52.6316
2024-11-12,2024-11-13,UNOMINDA.NS,1002.6,964.3,24,-919.2,51.8519
2024-11-12,2024-11-13,SCHAEFFLER.NS,3556.7,3397.4,6,-955.8,48.3871
2024-11-14,2024-11-18,MEDANTA.NS,1071.95,1080.9,22,196.9,71.4286
2024-11-14,2024-11-18,RAINBOW.NS,1649.75,1596.05,14,-751.8,57.5758
2024-11-14,2024-11-18,JIOFIN.NS,318.35,318.8,75,33.75,56.25
2024-11-14,2024-11-18,DEEPAKNTR.NS,2638.5,2569.3,9,-622.8,55.0
2024-11-14,2024-11-18,ZYDUSWELL.NS,392.12,383.62,61,-518.5,51.1111
2024-11-18,2024-11-19,ANANDRATHI.NS,996.29,1007.65,23,261.34,72.4138
2024-11-18,2024-11-19,SUZLON.NS,59.26,62.22,399,1181.04,58.0952
2024-11-18,2024-11-19,HEROMOTOCO.NS,4733.0,4775.8,4,171.2,54.1284
2024-11-18,2024-11-19,BRIGADE.NS,851.25,861.94,27,288.56,52.0
2024-11-18,2024-11-19,GODREJIND.NS,1023.8,1027.5,23,85.1,51.9608
2024-11-19,2024-11-21,JYOTICNC.NS,1167.9,1213.1,20,904.0,71.4286
2024-11-19,2024-11-21,KAYNES.NS,5775.85,5810.15,4,137.2,71.4286
2024-11-19,2024-11-21,HDFCBANK.NS,871.12,870.6,27,-14.18,63.9344
2024-11-19,2024-11-21,KALYANKJIL.NS,701.35,711.75,34,353.6,61.2245
2024-11-19,2024-11-21,EIDPARRY.NS,822.25,825.65,29,98.6,57.2816
2024-11-21,2024-11-22,DOMS.NS,2840.6,2896.2,8,444.8,61.5385
2024-11-21,2024-11-22,NLCINDIA.NS,253.0,261.35,96,801.6,56.3107
2024-11-21,2024-11-22,ULTRACEMCO.NS,10954.85,11375.3,2,840.9,54.2373
2024-11-21,2024-11-22,KOTAKBANK.NS,347.42,352.29,70,340.9,53.0435
2024-11-21,2024-11-22,DALBHARAT.NS,1771.6,1808.25,13,476.45,52.8571
2024-11-22,2024-11-25,CHOICEIN.NS,537.8,520.7,46,-786.6,67.7419
2024-11-22,2024-11-25,RELIANCE.NS,1265.4,1287.0,19,410.4,62.9032
2024-11-22,2024-11-25,POLYCAB.NS,6620.5,6766.15,3,436.95,60.8108
2024-11-22,2024-11-25,DEVYANI.NS,167.83,168.52,148,102.12,60.0
2024-11-22,2024-11-25,MPHASIS.NS,2883.55,2982.4,8,790.8,60.0
2024-11-25,2024-11-26,KPITTECH.NS,1366.2,1391.35,18,452.7,64.8649
2024-11-25,2024-11-26,IEX.NS,166.46,166.13,150,-49.5,63.75
2024-11-25,2024-11-26,INDGN.NS,667.1,666.5,37,-22.2,63.6364
2024-11-25,2024-11-26,CYIENT.NS,1846.6,1868.7,13,287.3,62.6263
2024-11-25,2024-11-26,CREDITACC.NS,929.45,973.15,27,1179.9,61.3333
2024-11-26,2024-11-27,ANGELONE.NS,290.92,291.11,87,16.09,66.6667
2024-11-26,2024-11-27,SHYAMMETL.NS,838.1,844.7,30,198.0,65.9091
2024-11-26,2024-11-27,TEJASNET.NS,1332.7,1345.25,19,238.45,64.8936
2024-11-26,2024-11-27,MAPMYINDIA.NS,1738.4,1747.6,14,128.8,63.6364
2024-11-26,2024-11-27,AARTIIND.NS,451.35,452.75,56,78.4,56.7164
2024-11-27,2024-11-28,IREDA.NS,197.19,208.41,129,1447.38,66.6667
2024-11-27,2024-11-28,AFFLE.NS,1605.0,1600.1,15,-73.5,63.5135
2024-11-27,2024-11-28,FSL.NS,361.95,360.85,70,-77.0,61.6071
2024-11-27,2024-11-28,ADANIENT.NS,2397.8,2437.1,10,393.0,60.1942
2024-11-27,2024-11-28,SYRMA.NS,564.0,580.4,45,738.0,60.0
2024-11-28,2024-11-29,ADANIENSOL.NS,726.85,840.5,35,3977.75,61.2613
2024-11-28,2024-11-29,CEMPRO.NS,510.5,522.6,51,617.1,60.4167
2024-11-28,2024-11-29,POONAWALLA.NS,372.7,354.45,70,-1277.5,59.0476
2024-11-28,2024-11-29,SIGNATURE.NS,1332.4,1347.35,19,284.05,58.3333
2024-11-28,2024-11-29,JSL.NS,696.0,683.2,37,-473.6,56.8807
2024-11-29,2024-12-02,JINDALSTEL.NS,906.45,918.55,29,350.9,58.4746
2024-11-29,2024-12-02,AUROPHARMA.NS,1262.6,1254.75,21,-164.85,56.3307
2024-11-29,2024-12-02,PATANJALI.NS,603.43,621.05,44,775.13,56.0748
2024-11-29,2024-12-02,JUBLPHARMA.NS,1234.25,1202.25,21,-672.0,55.1402
2024-11-29,2024-12-02,ALKEM.NS,5642.45,5692.75,4,201.2,53.7634
2024-12-02,2024-12-03,FLUOROCHEM.NS,4054.4,4054.1,6,-1.8,61.4035
2024-12-02,2024-12-03,GLENMARK.NS,1547.55,1559.4,17,201.45,58.0952
2024-12-02,2024-12-03,NATCOPHARM.NS,1415.1,1429.65,18,261.9,57.4074
2024-12-02,2024-12-03,GPIL.NS,192.55,197.95,139,750.6,56.1404
2024-12-02,2024-12-03,IGL.NS,171.77,180.62,156,1380.6,55.1724
2024-12-03,2024-12-04,MEDANTA.NS,1138.6,1162.45,24,572.4,72.7273
2024-12-03,2024-12-04,KPITTECH.NS,1430.7,1457.15,19,502.55,65.3333
2024-12-03,2024-12-04,DMART.NS,3829.85,3850.1,7,141.75,63.0435
2024-12-03,2024-12-04,GVT&D.NS,1850.95,1875.6,14,345.1,60.8696
2024-12-03,2024-12-04,RAINBOW.NS,1650.45,1677.25,16,428.8,60.0
2024-12-04,2024-12-05,TCS.NS,4354.4,4464.05,6,657.9,58.9286
2024-12-04,2024-12-05,NUVAMA.NS,1348.39,1369.22,20,416.6,58.8235
2024-12-04,2024-12-05,SUZLON.NS,67.72,68.26,409,220.86,58.4906
2024-12-04,2024-12-05,NH.NS,1316.5,1310.6,21,-123.9,52.5773
2024-12-04,2024-12-05,UNOMINDA.NS,1090.4,1094.1,25,92.5,52.2936
2024-12-05,2024-12-06,CREDITACC.NS,938.0,933.3,29,-136.3,60.5263
2024-12-05,2024-12-06,AUBANK.NS,597.75,587.4,46,-476.1,53.8462
2024-12-05,2024-12-06,INFY.NS,1934.85,1922.4,14,-174.3,52.5862
2024-12-05,2024-12-06,M&M.NS,3071.6,3073.0,9,12.6,52.2523
2024-12-05,2024-12-06,KPIL.NS,1249.15,1271.25,22,486.2,50.9615
2024-12-06,2024-12-09,MAPMYINDIA.NS,1644.05,1908.45,16,4230.4,64.7059
2024-12-06,2024-12-09,GRAVITA.NS,2224.25,2257.75,12,402.0,59.4059
2024-12-06,2024-12-09,DELHIVERY.NS,353.0,371.1,79,1429.9,58.0645
2024-12-06,2024-12-09,CGPOWER.NS,782.5,793.5,35,385.0,57.8947
2024-12-06,2024-12-09,NAM-INDIA.NS,719.1,734.55,38,587.1,55.2941
2024-12-09,2024-12-10,MANKIND.NS,2639.35,2666.4,11,297.55,63.1579
2024-12-09,2024-12-10,UTIAMC.NS,1366.15,1370.45,21,90.3,56.25
2024-12-09,2024-12-10,SUNDARMFIN.NS,4369.5,4413.9,6,266.4,55.5556
2024-12-09,2024-12-10,KOTAKBANK.NS,357.25,358.94,82,138.58,53.4483
2024-12-09,2024-12-10,ESCORTS.NS,3546.4,3512.1,8,-274.4,52.7273
2024-12-10,2024-12-11,CLEAN.NS,1398.3,1439.6,21,867.3,64.2857
2024-12-10,2024-12-11,ANURAS.NS,770.4,768.85,38,-58.9,59.4595
2024-12-10,2024-12-11,KAJARIACER.NS,1209.85,1209.45,24,-9.6,50.0
2024-12-10,2024-12-11,RADICO.NS,2425.85,2432.55,12,80.4,47.3214
2024-12-10,2024-12-11,RRKABEL.NS,1504.05,1489.8,19,-270.75,33.3333
2024-12-11,2024-12-12,SYRMA.NS,595.9,599.8,49,191.1,61.2903
2024-12-11,2024-12-12,POONAWALLA.NS,364.35,358.25,81,-494.1,58.4906
2024-12-11,2024-12-12,HAVELLS.NS,1752.25,1757.95,16,91.2,57.265
2024-12-11,2024-12-12,DOMS.NS,2995.5,2976.55,9,-170.55,57.1429
2024-12-11,2024-12-12,ICICIPRULI.NS,695.35,691.95,42,-142.8,52.5773
2024-12-12,2024-12-13,LTTS.NS,5422.8,5397.0,5,-129.0,50.4762
2024-12-12,2024-12-13,TTML.NS,85.39,85.31,345,-27.6,49.5238
2024-12-13,2024-12-16,CRAFTSMAN.NS,5095.3,5030.8,5,-322.5,55.102
2024-12-13,2024-12-16,BHARTIARTL.NS,1681.75,1662.55,17,-326.4,54.386
2024-12-13,2024-12-16,RAMCOCEM.NS,1040.7,1047.65,28,194.6,53.125
2024-12-13,2024-12-16,POWERGRID.NS,333.85,335.0,88,101.2,50.9434
2024-12-13,2024-12-16,SHREECEM.NS,27591.45,28091.25,1,499.8,50.0
2024-12-16,2024-12-17,AUROPHARMA.NS,1244.7,1213.75,23,-711.85,56.1856
2024-12-16,2024-12-17,SUNDARMFIN.NS,4427.0,4442.15,6,90.9,56.044
2024-12-16,2024-12-17,AMBER.NS,5991.5,6005.65,4,56.6,53.3333
2024-12-16,2024-12-17,AJANTPHARM.NS,2896.55,2875.75,10,-208.0,52.3256
2024-12-16,2024-12-17,STARHEALTH.NS,476.15,478.8,61,161.65,51.6129
2024-12-17,2024-12-18,JYOTICNC.NS,1435.9,1412.65,20,-465.0,66.6667
2024-12-17,2024-12-18,SIGNATURE.NS,1294.3,1294.65,22,7.7,61.5385
2024-12-17,2024-12-18,PVRINOX.NS,1494.6,1408.45,19,-1636.85,53.7736
2024-12-17,2024-12-18,BLUEJET.NS,544.0,573.45,53,1560.85,53.3333
2024-12-17,2024-12-18,BRIGADE.NS,974.14,956.51,30,-528.75,51.4851
2024-12-18,2024-12-19,GRAVITA.NS,2407.65,2404.5,12,-37.8,58.8235
2024-12-18,2024-12-19,JSWDULUX.NS,3728.9,3607.6,7,-849.1,52.809
2024-12-18,2024-12-19,ATUL.NS,7399.95,7405.5,3,16.65,50.9434
2024-12-18,2024-12-19,PPLPHARMA.NS,264.7,261.6,110,-341.0,48.0
2024-12-18,2024-12-19,GLAXO.NS,2332.55,2326.3,12,-75.0,47.5
2024-12-19,2024-12-20,OFSS.NS,12830.4,12247.55,2,-1165.7,56.8807
2024-12-19,2024-12-20,NATCOPHARM.NS,1476.8,1416.95,19,-1137.15,56.8807
2024-12-19,2024-12-20,JPPOWER.NS,19.87,18.97,1453,-1307.7,56.25
2024-12-19,2024-12-20,CHENNPETRO.NS,606.2,594.3,47,-559.3,50.5051
2024-12-19,2024-12-20,LUPIN.NS,2162.85,2150.7,13,-157.95,50.0
2024-12-20,2024-12-23,DEVYANI.NS,172.37,177.3,162,798.66,60.9756
2024-12-20,2024-12-23,KEC.NS,1236.7,1220.55,22,-355.3,53.5088
2024-12-20,2024-12-23,AEGISLOG.NS,825.8,798.75,33,-892.65,50.5415
2024-12-20,2024-12-23,PFOCUS.NS,132.88,134.38,210,315.0,48.9362
2024-12-20,2024-12-23,MAHABANK.NS,54.74,54.13,511,-311.71,47.5728
2024-12-23,2024-12-24,INTELLECT.NS,962.05,915.3,29,-1355.75,53.1532
2024-12-23,2024-12-24,NH.NS,1309.65,1304.3,21,-112.35,52.0408
2024-12-23,2024-12-24,AWL.NS,315.85,318.65,88,246.4,51.3514
2024-12-23,2024-12-24,PTCIL.NS,12480.9,12394.7,2,-172.4,50.0
2024-12-23,2024-12-24,INDIACEM.NS,366.25,372.45,76,471.2,46.8468
2024-12-24,2024-12-26,BANDHANBNK.NS,166.54,161.47,166,-841.62,59.3407
2024-12-24,2024-12-26,HINDPETRO.NS,412.85,419.3,67,432.15,57.5
2024-12-24,2024-12-26,RBLBANK.NS,163.31,162.41,169,-152.1,55.1724
2024-12-24,2024-12-26,GILLETTE.NS,9707.05,9418.3,2,-577.5,54.6512
2024-12-24,2024-12-26,INDIGO.NS,4612.25,4725.0,6,676.5,51.8519
2024-12-26,2024-12-27,HSCL.NS,565.8,572.95,48,343.2,58.6538
2024-12-26,2024-12-27,CGPOWER.NS,743.75,748.25,37,166.5,58.2609
2024-12-26,2024-12-27,APOLLOTYRE.NS,542.25,540.7,50,-77.5,54.7297
2024-12-26,2024-12-27,GLAND.NS,1824.35,1810.65,15,-205.5,54.3478
2024-12-26,2024-12-27,ADANIPORTS.NS,1243.95,1230.7,22,-291.5,52.6316
2024-12-27,2024-12-30,CHOICEIN.NS,550.45,538.4,50,-602.5,65.625
2024-12-27,2024-12-30,DMART.NS,3568.35,3588.55,7,141.4,63.4409
2024-12-27,2024-12-30,WELCORP.NS,810.2,804.95,34,-178.5,59.292
2024-12-27,2024-12-30,PGEL.NS,993.25,1008.4,27,409.05,57.6577
2024-12-27,2024-12-30,ESCORTS.NS,3258.4,3266.15,8,62.0,53.1532
2024-12-30,2024-12-31,IREDA.NS,218.47,215.25,126,-405.72,61.5385
2024-12-30,2024-12-31,FSL.NS,377.55,376.0,73,-113.15,61.0619
2024-12-30,2024-12-31,ADANIENSOL.NS,826.25,806.2,33,-661.65,60.7143
2024-12-30,2024-12-31,POLYCAB.NS,7283.65,7272.35,3,-33.9,60.0
2024-12-30,2024-12-31,CREDITACC.NS,909.25,886.55,30,-681.0,59.7403
2024-12-31,2025-01-01,KAYNES.NS,7417.3,7597.55,3,540.75,72.4138
2024-12-31,2025-01-01,KALYANKJIL.NS,766.25,775.85,35,336.0,62.0
2024-12-31,2025-01-01,LICHSGFIN.NS,598.05,600.3,45,101.25,57.9439
2024-12-31,2025-01-01,MGL.NS,1284.4,1282.25,21,-45.15,57.0093
2024-12-31,2025-01-01,LATENTVIEW.NS,489.5,488.6,55,-49.5,56.8182
2025-01-01,2025-01-02,ANGELONE.NS,301.74,297.64,90,-369.9,65.5738
2025-01-01,2025-01-02,KPITTECH.NS,1493.1,1484.55,18,-153.9,64.4737
2025-01-01,2025-01-02,CLEAN.NS,1543.05,1514.0,17,-493.85,62.7907
2025-01-01,2025-01-02,SYRMA.NS,625.0,625.25,43,10.75,62.5
2025-01-01,2025-01-02,RAINBOW.NS,1554.6,1558.25,17,62.05,61.1111
2025-01-02,2025-01-03,RELIANCE.NS,1241.8,1251.15,21,196.35,63.2
2025-01-02,2025-01-03,DIXON.NS,18341.9,18397.65,1,55.75,59.7826
2025-01-02,2025-01-03,BAJAJ-AUTO.NS,9079.5,8965.7,2,-227.6,59.4096
2025-01-02,2025-01-03,FORCEMOT.NS,7256.85,7331.6,3,224.25,59.322
2025-01-02,2025-01-03,TCS.NS,4175.75,4099.9,6,-455.1,58.4071
2025-01-03,2025-01-06,SHYAMMETL.NS,776.85,762.05,34,-503.2,64.4444
2025-01-03,2025-01-06,DEVYANI.NS,190.08,197.75,142,1089.14,61.9048
2025-01-03,2025-01-06,GRAVITA.NS,2290.75,2198.6,11,-1013.65,58.2524
2025-01-03,2025-01-06,JINDALSTEL.NS,957.85,939.35,28,-518.0,57.9832
2025-01-03,2025-01-06,AARTIIND.NS,420.1,403.85,64,-1040.0,56.5056
2025-01-06,2025-01-07,RBLBANK.NS,166.79,166.02,160,-123.2,54.7009
2025-01-07,2025-01-08,INDGN.NS,621.6,630.6,43,387.0,66.6667
2025-01-07,2025-01-08,CYIENT.NS,1833.0,1799.15,14,-473.9,62.0
2025-01-07,2025-01-08,INDIAMART.NS,2293.55,2299.65,11,67.1,55.2632
2025-01-07,2025-01-08,JSWDULUX.NS,3630.8,3641.0,7,71.4,52.7473
2025-01-07,2025-01-08,LALPATHLAB.NS,1550.32,1497.28,17,-901.85,52.4272
2025-01-08,2025-01-09,MAPMYINDIA.NS,1659.05,1656.55,16,-40.0,62.8571
2025-01-08,2025-01-09,RELIANCE.NS,1265.5,1254.75,20,-215.0,62.6984
2025-01-08,2025-01-09,LTF.NS,143.4,142.7,185,-129.5,52.1008
2025-01-08,2025-01-09,IIFL.NS,434.6,429.3,61,-323.3,50.8621
2025-01-08,2025-01-09,OIL.NS,491.7,467.0,54,-1333.8,50.8197
2025-01-09,2025-01-10,AARTIIND.NS,413.4,421.75,63,526.05,56.6667
2025-01-09,2025-01-10,NLCINDIA.NS,245.05,240.08,106,-526.82,55.2381
2025-01-09,2025-01-10,ABFRL.NS,276.55,274.1,94,-230.3,52.7132
2025-01-09,2025-01-10,ASIANPAINT.NS,2350.2,2320.75,11,-323.95,50.0
2025-01-09,2025-01-10,DABUR.NS,521.15,517.9,50,-162.5,49.5495
2025-01-10,2025-01-13,ANANDRATHI.NS,1038.59,1002.47,25,-902.81,70.0
2025-01-10,2025-01-13,TCS.NS,4265.65,4291.1,6,152.7,58.7719
2025-01-10,2025-01-13,BHARTIARTL.NS,1615.9,1597.2,16,-299.2,53.913
2025-01-10,2025-01-13,TECHM.NS,1705.6,1659.65,15,-689.25,52.0325
2025-01-10,2025-01-13,UNOMINDA.NS,1097.65,1035.9,23,-1420.25,51.8182
2025-01-14,2025-01-15,INDGN.NS,632.75,650.45,40,708.0,69.2308
2025-01-14,2025-01-15,ADANIENSOL.NS,771.3,780.15,32,283.2,61.0619
2025-01-14,2025-01-15,ADANIENT.NS,2380.55,2388.15,10,76.0,60.0
2025-01-14,2025-01-15,BANDHANBNK.NS,147.94,148.28,171,58.14,59.7826
2025-01-14,2025-01-15,CANBK.NS,93.22,94.69,272,399.84,56.1404
2025-01-15,2025-01-16,KAYNES.NS,6565.15,6576.35,3,33.6,73.3333
2025-01-15,2025-01-16,CHOICEIN.NS,529.9,539.35,48,453.6,66.6667
2025-01-15,2025-01-16,ANGELONE.NS,249.74,248.55,102,-120.87,64.5161
2025-01-15,2025-01-16,DEVYANI.NS,193.29,184.34,132,-1181.4,60.4651
2025-01-15,2025-01-16,DIXON.NS,16919.65,16938.9,1,19.25,60.2151
2025-01-16,2025-01-17,IEX.NS,171.01,172.7,149,251.81,64.1975
2025-01-16,2025-01-17,FSL.NS,383.6,391.1,66,495.0,61.4035
2025-01-16,2025-01-17,CYIENT.NS,1765.9,1755.25,14,-149.1,61.3861
2025-01-16,2025-01-17,POLYCAB.NS,6665.35,6779.7,3,343.05,60.5263
2025-01-16,2025-01-17,FLUOROCHEM.NS,3832.45,3772.1,6,-362.1,60.3448
2025-01-17,2025-01-20,CLEAN.NS,1425.95,1431.0,17,85.85,63.6364
2025-01-17,2025-01-20,CEMPRO.NS,523.8,522.9,48,-43.2,59.7938
2025-01-17,2025-01-20,DELHIVERY.NS,338.55,345.2,75,498.75,59.375
2025-01-17,2025-01-20,BLUEJET.NS,596.05,597.8,43,75.25,58.8235
2025-01-17,2025-01-20,JINDALSTEL.NS,924.65,933.8,27,247.05,58.3333
2025-01-20,2025-01-21,LODHA.NS,1208.75,1147.55,21,-1285.2,71.6981
2025-01-20,2025-01-21,SHYAMMETL.NS,804.6,818.15,32,433.6,65.2174
2025-01-20,2025-01-21,TEJASNET.NS,1133.15,1069.8,22,-1393.7,64.2105
2025-01-20,2025-01-21,JYOTICNC.NS,1273.05,1258.8,20,-285.0,62.5
2025-01-20,2025-01-21,PIIND.NS,3597.45,3519.85,7,-543.2,61.2245
2025-01-21,2025-01-22,MEDANTA.NS,1055.35,1044.0,23,-261.05,69.5652
2025-01-21,2025-01-22,DALBHARAT.NS,1771.2,1799.05,14,389.9,52.7778
2025-01-21,2025-01-22,APOLLOHOSP.NS,6919.15,6892.9,3,-78.75,52.5952
2025-01-21,2025-01-22,MAXHEALTH.NS,1078.2,1066.4,23,-271.4,48.2759
2025-01-21,2025-01-22,TATACONSUM.NS,972.1,967.4,25,-117.5,45.5357
2025-01-22,2025-01-23,HCLTECH.NS,1827.7,1807.0,13,-269.1,50.0
2025-01-22,2025-01-23,COLPAL.NS,2771.55,2738.95,9,-293.4,50.0
2025-01-22,2025-01-23,BBTC.NS,2230.15,2232.2,11,22.55,48.2639
2025-01-22,2025-01-23,ELGIEQUIP.NS,558.8,548.3,44,-462.0,47.5248
2025-01-22,2025-01-23,SUNPHARMA.NS,1798.95,1833.6,13,450.45,46.9388
2025-01-23,2025-01-24,KPITTECH.NS,1344.7,1322.9,18,-392.4,63.6364
2025-01-23,2025-01-24,MPHASIS.NS,2918.95,3009.3,8,722.8,60.3448
2025-01-23,2025-01-24,RAINBOW.NS,1471.4,1447.65,17,-403.75,59.4595
2025-01-23,2025-01-24,ANURAS.NS,704.4,686.55,35,-624.75,57.8947
2025-01-23,2025-01-24,JSL.NS,639.75,634.1,39,-220.35,56.3636
2025-01-24,2025-01-27,DIXON.NS,15584.9,15432.8,1,-152.1,59.5745
2025-01-24,2025-01-27,AMBER.NS,6973.8,6631.8,3,-1026.0,52.7473
2025-01-24,2025-01-27,INDIGO.NS,4161.8,4175.75,5,69.75,51.8182
2025-01-24,2025-01-27,HINDUNILVR.NS,2368.1,2392.85,10,247.5,47.3214
2025-01-24,2025-01-27,CGCL.NS,200.6,186.79,123,-1698.63,45.3608
2025-01-27,2025-01-28,ICICIBANK.NS,1227.95,1246.9,19,360.05,50.0
2025-01-27,2025-01-28,SUMICHEM.NS,505.85,497.4,48,-405.6,28.169
2025-01-28,2025-01-29,HDFCBANK.NS,835.2,838.65,29,100.05,64.2276
2025-01-28,2025-01-29,CREDITACC.NS,961.0,1069.2,25,2705.0,59.4937
2025-01-28,2025-01-29,CHOLAFIN.NS,1241.7,1296.55,19,1042.15,56.25
2025-01-28,2025-01-29,AUBANK.NS,588.7,595.95,41,297.25,53.7634
2025-01-28,2025-01-29,UNIONBANK.NS,110.57,112.54,220,433.4,53.6364
2025-01-29,2025-01-30,LODHA.NS,1135.5,1160.6,22,552.2,72.2222
2025-01-29,2025-01-30,CHOICEIN.NS,511.1,512.1,49,49.0,67.6471
2025-01-29,2025-01-30,SIGNATURE.NS,1173.0,1186.9,21,291.9,64.2857
2025-01-29,2025-01-30,KPITTECH.NS,1370.05,1432.95,18,1132.2,64.1026
2025-01-29,2025-01-30,SYRMA.NS,505.1,536.1,49,1519.0,63.6364
2025-01-30,2025-01-31,IREDA.NS,196.05,202.11,132,799.92,64.2857
2025-01-30,2025-01-31,SHYAMMETL.NS,779.6,763.4,33,-534.6,63.8298
2025-01-30,2025-01-31,GVT&D.NS,1713.9,1787.5,15,1104.0,60.6383
2025-01-30,2025-01-31,FLUOROCHEM.NS,3592.25,3577.55,7,-102.9,59.322
2025-01-30,2025-01-31,ANURAS.NS,678.55,692.25,38,520.6,58.9744
2025-01-31,2025-02-01,ANANDRATHI.NS,915.55,913.12,28,-67.9,67.7419
2025-01-31,2025-02-01,ANGELONE.NS,234.61,247.89,112,1487.36,65.0794
2025-01-31,2025-02-01,CLEAN.NS,1436.45,1441.35,18,88.2,64.4444
2025-01-31,2025-02-01,MAPMYINDIA.NS,1701.4,1709.95,15,128.25,63.8889
2025-01-31,2025-02-01,DMART.NS,3664.65,4023.75,7,2513.7,63.8298
2025-02-01,2025-02-03,MEDANTA.NS,1073.8,1042.5,25,-782.5,66.6667
2025-02-01,2025-02-03,DEVYANI.NS,181.86,185.01,149,469.35,61.3636
2025-02-01,2025-02-03,INDIAMART.NS,2166.65,2183.15,12,198.0,55.8442
2025-02-01,2025-02-03,ARE&M.NS,1077.4,1066.75,25,-266.25,55.4386
2025-02-01,2025-02-03,ABFRL.NS,283.25,286.0,95,261.25,52.6718
2025-02-03,2025-02-04,JINDALSTEL.NS,807.7,801.6,33,-201.3,57.8512
2025-02-03,2025-02-04,OFSS.NS,9208.6,9223.6,2,30.0,57.2727
2025-02-03,2025-02-04,MANKIND.NS,2581.8,2555.1,10,-267.0,57.1429
2025-02-03,2025-02-04,BHARTIARTL.NS,1652.35,1661.45,16,145.6,54.3103
2025-02-03,2025-02-04,BAJAJFINSV.NS,1794.85,1813.25,15,276.0,52.518
2025-02-04,2025-02-05,DELHIVERY.NS,328.8,328.35,82,-36.9,57.5758
2025-02-04,2025-02-05,NATCOPHARM.NS,1235.45,1283.6,21,1011.15,56.7568
2025-02-04,2025-02-05,AUROPHARMA.NS,1171.3,1191.75,23,470.35,56.1538
2025-02-04,2025-02-05,GRAPHITE.NS,499.95,499.55,54,-21.6,55.9633
2025-02-04,2025-02-05,JIOFIN.NS,245.1,249.82,110,519.2,55.5556
2025-02-05,2025-02-06,AFFLE.NS,1647.7,1650.4,16,43.2,64.0
2025-02-05,2025-02-06,IEX.NS,179.67,182.83,153,483.48,63.8554
2025-02-05,2025-02-06,JYOTICNC.NS,1109.45,1126.95,24,420.0,61.1111
2025-02-05,2025-02-06,ADANIENSOL.NS,775.5,773.15,35,-82.25,60.5263
2025-02-05,2025-02-06,FORCEMOT.NS,6782.3,6591.5,4,-763.2,58.3333
2025-02-06,2025-02-07,FSL.NS,352.4,354.55,78,167.7,61.7391
2025-02-06,2025-02-07,WELCORP.NS,748.3,801.75,36,1924.2,60.0
2025-02-06,2025-02-07,SIEMENS.NS,3311.26,3231.73,8,-636.31,53.913
2025-02-06,2025-02-07,INDIANB.NS,547.9,543.35,50,-227.5,51.3761
2025-02-06,2025-02-07,SAMMAANCAP.NS,147.86,149.24,186,256.68,51.3274
2025-02-07,2025-02-10,INDGN.NS,629.15,618.7,44,-459.8,64.2857
2025-02-07,2025-02-10,ADANIENT.NS,2338.8,2290.8,11,-528.0,59.434
2025-02-07,2025-02-10,FEDERALBNK.NS,188.14,186.56,147,-232.26,53.9823
2025-02-07,2025-02-10,INDUSTOWER.NS,363.3,352.05,76,-855.0,53.5714
2025-02-07,2025-02-10,TECHM.NS,1692.1,1699.05,16,111.2,52.8
2025-02-10,2025-02-11,BHARTIARTL.NS,1693.05,1696.75,16,59.2,54.7009
2025-02-11,2025-02-12,CRISIL.NS,5349.2,5054.8,5,-1472.0,51.4851
2025-02-11,2025-02-12,CHOLAHLDNG.NS,1512.5,1473.15,18,-708.3,46.7391
2025-02-11,2025-02-12,TIMKEN.NS,2818.15,2726.8,9,-822.15,40.9524
2025-02-12,2025-02-13,FORCEMOT.NS,6687.8,6768.7,4,323.6,59.0164
2025-02-12,2025-02-13,SBICARD.NS,816.4,859.85,32,1390.4,56.6667
2025-02-12,2025-02-13,INOXWIND.NS,175.74,176.2,152,69.92,55.7692
2025-02-12,2025-02-13,ASHOKLEY.NS,109.68,108.54,244,-278.16,54.6358
2025-02-12,2025-02-13,HBLENGINE.NS,507.45,492.6,52,-772.2,51.8182
2025-02-13,2025-02-14,TATASTEEL.NS,136.25,134.47,198,-352.44,57.8125
2025-02-13,2025-02-14,COHANCE.NS,1120.05,1089.65,24,-729.6,57.4074
2025-02-13,2025-02-14,SBILIFE.NS,1470.5,1465.45,18,-90.9,56.044
2025-02-13,2025-02-14,AUROPHARMA.NS,1179.95,1131.35,22,-1069.2,56.0102
2025-02-13,2025-02-14,CHOLAFIN.NS,1390.8,1376.0,19,-281.2,55.7522
2025-02-14,2025-02-17,GODFRYPHLP.NS,1999.83,2346.0,13,4500.17,44.2478
2025-02-17,2025-02-18,JUBLPHARMA.NS,995.45,1002.55,27,191.7,55.4545
2025-02-17,2025-02-18,NLCINDIA.NS,208.2,226.87,131,2445.77,55.1402
2025-02-17,2025-02-18,BAYERCROP.NS,4587.6,4700.1,5,562.5,52.4691
2025-02-17,2025-02-18,AJANTPHARM.NS,2660.75,2756.4,10,956.5,52.2901
2025-02-17,2025-02-18,SARDAEN.NS,480.65,471.9,56,-490.0,51.9608
2025-02-18,2025-02-19,ANANDRATHI.NS,929.92,948.81,30,566.63,68.75
2025-02-18,2025-02-19,HDFCBANK.NS,861.53,863.6,32,66.4,64.5161
2025-02-18,2025-02-19,PATANJALI.NS,605.17,608.13,46,136.47,57.2727
2025-02-18,2025-02-19,MGL.NS,1301.4,1293.65,21,-162.75,56.3636
2025-02-18,2025-02-19,PERSISTENT.NS,5797.25,5899.8,4,410.2,55.6701
2025-02-19,2025-02-20,MEDANTA.NS,1149.35,1206.4,24,1369.2,68.0
2025-02-19,2025-02-20,ANGELONE.NS,232.12,239.28,121,865.75,65.625
2025-02-19,2025-02-20,DEVYANI.NS,168.56,179.98,167,1907.14,62.2222
2025-02-19,2025-02-20,POLYCAB.NS,5600.1,5756.25,5,780.75,60.2564
2025-02-19,2025-02-20,TATAPOWER.NS,347.65,357.95,81,834.3,60.1852
2025-02-20,2025-02-21,IREDA.NS,173.75,177.34,169,606.71,66.6667
2025-02-20,2025-02-21,TEJASNET.NS,821.9,799.15,35,-796.25,63.5417
2025-02-20,2025-02-21,MAPMYINDIA.NS,1705.4,1674.1,17,-532.1,62.1622
2025-02-20,2025-02-21,WELCORP.NS,769.05,778.4,38,355.3,60.3448
2025-02-20,2025-02-21,BANDHANBNK.NS,136.49,139.38,215,621.35,60.2151
2025-02-21,2025-02-24,KAYNES.NS,4367.7,4351.75,6,-95.7,70.9677
2025-02-21,2025-02-24,LODHA.NS,1215.55,1195.0,24,-493.2,70.9091
2025-02-21,2025-02-24,AFFLE.NS,1546.0,1491.85,19,-1028.85,63.1579
2025-02-21,2025-02-24,LICI.NS,390.45,387.7,75,-206.25,55.5556
2025-02-21,2025-02-24,AMBER.NS,6001.2,6026.85,4,102.6,52.6882
2025-02-24,2025-02-25,POWERINDIA.NS,11607.65,11797.9,2,380.5,54.5455
2025-02-24,2025-02-25,ABB.NS,5389.95,5301.8,5,-440.75,54.2308
2025-02-24,2025-02-25,DATAPATTNS.NS,1642.9,1608.05,17,-592.45,51.3514
2025-02-24,2025-02-25,INDIANB.NS,528.15,522.0,55,-338.25,50.9091
2025-02-24,2025-02-25,VBL.NS,499.95,476.5,58,-1360.1,47.8261
2025-02-25,2025-02-27,JPPOWER.NS,13.97,13.93,2054,-82.16,56.5217
2025-02-25,2025-02-27,ADANIPOWER.NS,99.56,99.45,288,-31.68,53.5714
2025-02-25,2025-02-27,NESTLEIND.NS,1125.2,1139.1,25,347.5,52.2523
2025-02-25,2025-02-27,COLPAL.NS,2520.0,2497.05,11,-252.45,50.0
2025-02-25,2025-02-27,TATAINVEST.NS,616.72,597.22,46,-897.46,46.5347
2025-02-27,2025-02-28,MAPMYINDIA.NS,1723.55,1664.8,16,-940.0,60.5263
2025-02-27,2025-02-28,CREDITACC.NS,971.45,919.1,29,-1518.15,58.75
2025-02-27,2025-02-28,CRAFTSMAN.NS,4181.05,4501.85,6,1924.8,54.902
2025-02-27,2025-02-28,M&MFIN.NS,281.9,270.6,101,-1141.3,52.459
2025-02-27,2025-02-28,LTF.NS,139.49,134.73,204,-971.04,52.0661
2025-02-28,2025-03-03,HDFCBANK.NS,866.2,850.78,32,-493.6,64.0
2025-02-28,2025-03-03,CEMPRO.NS,536.5,525.35,52,-579.8,59.596
2025-02-28,2025-03-03,HOMEFIRST.NS,1018.65,998.9,27,-533.25,40.0
2025-03-03,2025-03-04,ANURAS.NS,709.3,729.65,39,793.65,60.0
2025-03-03,2025-03-04,PRESTIGE.NS,1184.0,1187.95,23,90.85,54.0541
2025-03-03,2025-03-04,WELSPUNLIV.NS,116.87,113.09,236,-892.08,53.3333
2025-03-03,2025-03-04,BLUESTARCO.NS,2032.5,2100.65,13,885.95,53.0612
2025-03-03,2025-03-04,ATUL.NS,5515.95,5523.5,5,37.75,51.3109
2025-03-04,2025-03-05,DOMS.NS,2561.25,2611.9,10,506.5,58.8235
2025-03-04,2025-03-05,JYOTICNC.NS,860.8,833.3,32,-880.0,57.8947
2025-03-04,2025-03-05,HINDPETRO.NS,315.2,326.15,88,963.6,57.7236
2025-03-04,2025-03-05,IOC.NS,118.04,122.25,235,989.35,57.0248
2025-03-04,2025-03-05,CGPOWER.NS,603.3,612.9,46,441.6,56.6667
2025-03-05,2025-03-06,CHOICEIN.NS,483.1,489.85,58,391.5,68.5714
2025-03-05,2025-03-06,SHYAMMETL.NS,744.55,758.3,37,508.75,64.5833
2025-03-05,2025-03-06,KPITTECH.NS,1281.75,1326.8,22,991.1,64.557
2025-03-05,2025-03-06,CLEAN.NS,1243.25,1231.3,22,-262.9,63.0435
2025-03-05,2025-03-06,PIIND.NS,3145.35,3255.6,8,882.0,61.0
2025-03-06,2025-03-07,ABDL.NS,332.35,334.85,86,215.0,66.6667
2025-03-06,2025-03-07,MEDANTA.NS,1252.95,1226.2,22,-588.5,65.3846
2025-03-06,2025-03-07,IEX.NS,163.3,163.93,176,110.88,64.2857
2025-03-06,2025-03-07,DMART.NS,3540.5,3593.6,8,424.8,64.2105
2025-03-06,2025-03-07,RELIANCE.NS,1209.6,1249.8,23,924.6,62.5
2025-03-07,2025-03-10,KAYNES.NS,4457.05,4301.5,6,-933.3,68.75
2025-03-07,2025-03-10,AFFLE.NS,1482.65,1429.45,19,-1010.8,62.3377
2025-03-07,2025-03-10,SYRMA.NS,449.55,424.9,64,-1577.6,61.7647
2025-03-07,2025-03-10,GVT&D.NS,1423.45,1445.1,20,433.0,61.0526
2025-03-07,2025-03-10,INDGN.NS,534.0,505.65,54,-1530.9,60.0
2025-03-10,2025-03-11,HAVELLS.NS,1469.1,1470.05,19,18.05,57.8512
2025-03-10,2025-03-11,AAVAS.NS,1752.35,1770.8,16,295.2,44.3038
2025-03-11,2025-03-12,INDGN.NS,577.55,522.55,48,-2640.0,56.25
2025-03-11,2025-03-12,ICICIBANK.NS,1245.4,1243.95,22,-31.9,49.5868
2025-03-11,2025-03-12,PHOENIXLTD.NS,1656.85,1601.5,16,-885.6,48.1132
2025-03-12,2025-03-13,HDFCBANK.NS,855.58,853.3,32,-72.8,63.4921
2025-03-12,2025-03-13,KOTAKBANK.NS,396.51,397.02,69,35.19,54.1667
2025-03-12,2025-03-13,SUNDARMFIN.NS,4658.4,4627.4,5,-155.0,53.6082
2025-03-12,2025-03-13,DIVISLAB.NS,5667.15,5620.45,4,-186.8,51.7544
2025-03-12,2025-03-13,MUTHOOTFIN.NS,2209.0,2196.35,12,-151.8,47.9675
2025-03-13,2025-03-17,SIGNATURE.NS,1081.65,1064.3,25,-433.75,60.0
2025-03-13,2025-03-17,MCX.NS,961.69,992.0,28,848.68,52.6786
2025-03-13,2025-03-17,GODFRYPHLP.NS,1902.75,1983.08,14,1124.67,44.7368
2025-03-17,2025-03-18,IEX.NS,162.67,162.67,169,0.0,63.5294
2025-03-17,2025-03-18,SBILIFE.NS,1434.25,1434.25,19,0.0,55.4348
2025-03-17,2025-03-18,AJANTPHARM.NS,2576.85,2576.85,10,0.0,52.0913
2025-03-17,2025-03-18,BAJAJFINSV.NS,1871.6,1871.6,14,0.0,51.9573
2025-03-17,2025-03-18,CARTRADE.NS,1598.45,1598.45,17,0.0,51.0204
2025-03-19,2025-03-20,LODHA.NS,1177.45,1193.75,23,374.9,71.4286
2025-03-19,2025-03-20,MEDANTA.NS,1227.85,1239.6,22,258.5,66.6667
2025-03-19,2025-03-20,ANGELONE.NS,221.54,226.28,124,588.38,66.1538
2025-03-19,2025-03-20,TEJASNET.NS,710.4,710.5,38,3.8,63.9175
2025-03-19,2025-03-20,KALYANKJIL.NS,453.55,467.25,60,822.0,63.4615
2025-03-20,2025-03-21,KPITTECH.NS,1281.6,1323.4,21,877.8,65.0
2025-03-20,2025-03-21,FSL.NS,306.6,317.5,91,991.9,62.069
2025-03-20,2025-03-21,CLEAN.NS,1252.95,1237.0,22,-350.9,61.7021
2025-03-20,2025-03-21,TCS.NS,3563.15,3578.1,7,104.65,59.4828
2025-03-20,2025-03-21,MANKIND.NS,2244.85,2415.05,12,2042.4,59.0909
2025-03-21,2025-03-24,ANANDRATHI.NS,887.38,907.03,32,628.8,69.697
2025-03-21,2025-03-24,BANDHANBNK.NS,144.96,147.37,198,477.18,60.6383
2025-03-21,2025-03-24,ECLERX.NS,1374.65,1379.1,20,89.0,55.0459
2025-03-21,2025-03-24,LTM.NS,4520.25,4620.4,6,600.9,53.1532
2025-03-21,2025-03-24,NESTLEIND.NS,1134.43,1131.78,25,-66.25,52.2124
2025-03-24,2025-03-25,ABDL.NS,326.65,317.55,89,-809.9,60.0
2025-03-24,2025-03-25,INDGN.NS,552.05,560.8,52,455.0,58.8235
2025-03-24,2025-03-25,OFSS.NS,7961.15,7963.95,3,8.4,57.6577
2025-03-24,2025-03-25,PATANJALI.NS,598.8,591.6,48,-345.6,56.7568
2025-03-24,2025-03-25,NATCOPHARM.NS,829.9,824.9,35,-175.0,56.25
2025-03-25,2025-03-26,GLAND.NS,1634.0,1623.1,17,-185.3,55.102
2025-03-25,2025-03-26,CONCORDBIO.NS,1690.55,1653.9,17,-623.05,38.0952
2025-03-27,2025-03-28,MAPMYINDIA.NS,1653.5,1689.35,17,609.45,61.5385
2025-03-27,2025-03-28,WELCORP.NS,871.9,869.8,32,-67.2,60.1695
2025-03-27,2025-03-28,POWERINDIA.NS,12947.95,12653.65,2,-588.6,53.7313
2025-03-27,2025-03-28,BEML.NS,1570.2,1609.78,18,712.35,52.1898
2025-03-27,2025-03-28,SARDAEN.NS,506.55,513.9,56,411.6,51.9231
2025-03-28,2025-04-01,EMCURE.NS,1072.4,1076.05,27,98.55,60.0
2025-03-28,2025-04-01,HAVELLS.NS,1528.9,1501.3,18,-496.8,57.377
2025-03-28,2025-04-01,GAIL.NS,183.04,186.32,158,518.24,54.918
2025-03-28,2025-04-01,HINDZINC.NS,461.9,453.75,62,-505.3,52.1368
2025-03-28,2025-04-01,BSE.NS,1826.6,1822.0,15,-69.0,51.0
2025-04-01,2025-04-02,CHOICEIN.NS,508.65,512.25,56,201.6,69.4444
2025-04-01,2025-04-02,GPIL.NS,189.45,201.75,152,1869.6,55.8333
2025-04-01,2025-04-02,JUBLPHARMA.NS,917.0,909.65,31,-227.85,54.4643
2025-04-01,2025-04-02,BIKAJI.NS,691.95,668.75,41,-951.2,53.5714
2025-04-01,2025-04-02,INDUSTOWER.NS,352.45,361.3,81,716.85,53.5088
2025-04-02,2025-04-03,KAYNES.NS,5036.95,4956.05,5,-404.5,66.6667
2025-04-02,2025-04-03,POLYCAB.NS,5285.75,5203.75,5,-410.0,60.0
2025-04-02,2025-04-03,HSCL.NS,454.9,456.3,64,89.6,59.633
2025-04-02,2025-04-03,BAJAJ-AUTO.NS,8072.95,7912.2,3,-482.25,59.4891
2025-04-02,2025-04-03,CANBK.NS,91.1,94.38,320,1049.6,56.3025
2025-04-03,2025-04-04,TEJASNET.NS,876.35,842.65,33,-1112.1,63.2653
2025-04-03,2025-04-04,CREDITACC.NS,1011.35,1001.5,28,-275.8,58.0247
2025-04-03,2025-04-04,NATCOPHARM.NS,836.55,796.75,34,-1353.2,55.7522
2025-04-03,2025-04-04,INDIAMART.NS,2140.95,2069.75,13,-925.6,55.6962
2025-04-03,2025-04-04,IRB.NS,23.8,22.76,1225,-1267.87,55.4622
2025-04-04,2025-04-07,HDFCBANK.NS,908.65,878.85,31,-923.8,62.9921
2025-04-04,2025-04-07,EMAMILTD.NS,592.8,584.55,47,-387.75,50.0
2025-04-04,2025-04-07,MAXHEALTH.NS,1137.65,1075.5,24,-1491.6,48.3871
2025-04-07,2025-04-08,MEDANTA.NS,1195.95,1238.1,23,969.45,67.8571
2025-04-07,2025-04-08,AFFLE.NS,1447.85,1459.95,19,229.9,62.8205
2025-04-07,2025-04-08,FLUOROCHEM.NS,3671.05,3708.9,7,264.95,60.6557
2025-04-07,2025-04-08,TCS.NS,3274.05,3292.95,8,151.2,59.8291
2025-04-07,2025-04-08,WELCORP.NS,792.7,768.75,34,-814.3,59.6639
2025-04-08,2025-04-09,KAYNES.NS,4836.2,4833.55,5,-13.25,64.7059
2025-04-08,2025-04-09,DMART.NS,4053.85,4139.3,6,512.7,64.5833
2025-04-08,2025-04-09,SHYAMMETL.NS,835.95,834.8,33,-37.95,63.2653
2025-04-08,2025-04-09,DEVYANI.NS,146.7,147.09,189,73.71,63.0435
2025-04-08,2025-04-09,RELIANCE.NS,1182.2,1185.35,23,72.45,62.7907
2025-04-09,2025-04-11,CHOICEIN.NS,504.7,515.6,55,599.5,70.2703
2025-04-09,2025-04-11,POLYCAB.NS,5005.0,5093.25,5,441.25,60.4938
2025-04-09,2025-04-11,DIXON.NS,13282.45,14301.9,2,2038.9,59.7938
2025-04-09,2025-04-11,APOLLOTYRE.NS,407.8,427.75,68,1356.6,55.1839
2025-04-09,2025-04-11,ASHOKLEY.NS,102.34,104.25,272,519.52,54.9342
2025-04-11,2025-04-15,ANANDRATHI.NS,900.2,886.95,32,-424.0,67.6471
2025-04-11,2025-04-15,ANGELONE.NS,226.5,231.84,127,678.18,66.6667
2025-04-11,2025-04-15,KPITTECH.NS,1118.95,1151.8,25,821.25,65.4321
2025-04-11,2025-04-15,TEJASNET.NS,837.8,860.8,34,782.0,63.6364
2025-04-11,2025-04-15,HDFCBANK.NS,903.38,932.45,31,901.33,63.2812
2025-04-15,2025-04-16,LODHA.NS,1214.0,1240.8,24,643.2,71.9298
2025-04-15,2025-04-16,IREDA.NS,166.98,176.39,176,1656.16,64.7059
2025-04-15,2025-04-16,CYIENT.NS,1186.9,1184.5,24,-57.6,61.5385
2025-04-15,2025-04-16,GVT&D.NS,1391.0,1461.5,21,1480.5,61.4583
2025-04-15,2025-04-16,ANURAS.NS,752.05,796.0,39,1714.05,60.9756
2025-04-16,2025-04-17,EMCURE.NS,1008.3,1098.8,30,2715.0,63.6364
2025-04-16,2025-04-17,FEDERALBNK.NS,194.92,194.85,156,-10.92,54.3103
2025-04-16,2025-04-17,SBIN.NS,771.75,797.45,39,1002.3,52.1739
2025-04-16,2025-04-17,INDIANB.NS,568.15,575.2,53,373.65,51.7544
2025-04-16,2025-04-17,J&KBANK.NS,98.24,102.16,310,1215.2,51.4851
2025-04-17,2025-04-21,GLAND.NS,1449.4,1464.4,21,315.0,56.0
2025-04-17,2025-04-21,BAYERCROP.NS,4997.5,4897.2,6,-601.8,52.1472
2025-04-17,2025-04-21,CARTRADE.NS,1562.5,1609.9,20,948.0,52.0
2025-04-17,2025-04-21,BERGEPAINT.NS,543.6,553.35,58,565.5,49.8208
2025-04-17,2025-04-21,COFORGE.NS,1320.0,1387.6,23,1554.8,45.2174
2025-04-21,2025-04-22,CLEAN.NS,1200.4,1204.8,26,114.4,62.5
2025-04-21,2025-04-22,GODREJPROP.NS,2044.7,2095.0,15,754.5,54.918
2025-04-21,2025-04-22,UTIAMC.NS,1070.5,1107.8,30,1119.0,52.7273
2025-04-21,2025-04-22,IIFL.NS,347.35,367.2,92,1826.2,50.8333
2025-04-21,2025-04-22,PFOCUS.NS,95.84,97.45,335,539.35,50.0
2025-04-22,2025-04-23,MGL.NS,1343.5,1323.1,24,-489.6,55.7522
2025-04-22,2025-04-23,IGL.NS,188.15,185.51,175,-462.0,54.5455
2025-04-22,2025-04-23,MAXHEALTH.NS,1128.7,1129.6,29,26.1,49.2063
2025-04-22,2025-04-23,ABSLAMC.NS,665.95,667.15,49,58.8,48.6486
2025-04-22,2025-04-23,TIINDIA.NS,2654.1,2673.0,12,226.8,46.2366
2025-04-23,2025-04-24,TCS.NS,3413.0,3401.6,9,-102.6,59.322
2025-04-23,2025-04-24,GLENMARK.NS,1412.5,1420.9,23,193.2,57.7982
2025-04-23,2025-04-24,ZYDUSLIFE.NS,868.0,880.25,37,453.25,52.7778
2025-04-23,2025-04-24,SONATSOFTW.NS,327.9,355.5,100,2760.0,51.8182
2025-04-23,2025-04-24,TRITURBINE.NS,521.25,520.15,63,-69.3,38.3178
2025-04-24,2025-04-25,SPLPETRO.NS,647.05,653.05,51,306.0,53.4653
2025-04-24,2025-04-25,SIEMENS.NS,2903.5,2833.5,11,-770.0,53.3898
2025-04-28,2025-04-29,BPCL.NS,310.0,311.7,107,181.9,48.7603
2025-04-28,2025-04-29,ZENTEC.NS,1455.6,1471.2,22,343.2,47.4138
2025-04-29,2025-04-30,PRESTIGE.NS,1380.0,1375.1,24,-117.6,54.386
2025-04-29,2025-04-30,PNBHOUSING.NS,1030.4,1010.2,32,-646.4,50.9091
2025-04-29,2025-04-30,SCI.NS,182.67,178.01,183,-852.78,50.4348
2025-04-29,2025-04-30,SOLARINDS.NS,13452.0,13172.0,2,-560.0,48.9796
2025-04-29,2025-04-30,AIAENG.NS,3207.9,3193.9,10,-140.0,48.8372
2025-04-30,2025-05-02,IGL.NS,192.59,194.36,171,302.67,54.918
2025-04-30,2025-05-02,BHARTIHEXA.NS,1689.1,1699.4,19,195.7,50.0
2025-04-30,2025-05-02,MARUTI.NS,12257.0,12405.0,2,296.0,48.8
2025-04-30,2025-05-02,GLAXO.NS,2964.6,2855.2,11,-1203.4,47.0588
2025-05-02,2025-05-05,CREDITACC.NS,1158.1,1170.3,28,341.6,58.5366
2025-05-02,2025-05-05,IOC.NS,142.98,148.56,230,1283.4,58.0645
2025-05-02,2025-05-05,MGL.NS,1355.5,1404.5,24,1176.0,56.1404
2025-05-02,2025-05-05,NUVOCO.NS,336.2,343.0,98,666.4,54.7619
2025-05-02,2025-05-05,ADANIPORTS.NS,1263.1,1347.1,26,2184.0,54.1667
2025-05-05,2025-05-06,MAPMYINDIA.NS,1874.0,1853.8,18,-363.6,60.0
2025-05-05,2025-05-06,CEMPRO.NS,532.0,502.2,64,-1907.2,59.0
2025-05-05,2025-05-06,ADANIENT.NS,2455.5,2354.0,13,-1319.5,58.7156
2025-05-05,2025-05-06,ATGL.NS,665.55,632.95,51,-1662.6,57.8947
2025-05-05,2025-05-06,HINDPETRO.NS,409.85,396.8,83,-1083.15,57.6
2025-05-06,2025-05-07,BHARTIARTL.NS,1901.0,1896.8,17,-71.4,55.3719
2025-05-06,2025-05-07,EXIDEIND.NS,370.25,376.05,88,510.4,53.211
2025-05-06,2025-05-07,CCL.NS,694.45,772.6,47,3673.05,53.0
2025-05-06,2025-05-07,NEWGEN.NS,1078.2,1082.15,30,118.5,47.619
2025-05-06,2025-05-07,HINDUNILVR.NS,2381.8,2370.8,13,-143.0,46.9565
2025-05-07,2025-05-08,GLENMARK.NS,1435.1,1418.9,23,-372.6,57.2727
2025-05-07,2025-05-08,SYRMA.NS,487.6,478.05,69,-658.95,56.7568
2025-05-07,2025-05-08,WELSPUNLIV.NS,134.98,137.89,249,724.59,53.271
2025-05-07,2025-05-08,GODREJIND.NS,1121.0,1109.6,30,-342.0,52.8302
2025-05-07,2025-05-08,BSE.NS,2217.5,2230.0,15,187.5,51.9608
2025-05-08,2025-05-09,TITAN.NS,3369.3,3510.3,9,1269.0,51.3043
2025-05-08,2025-05-09,ZFCVINDIA.NS,2105.33,2090.17,15,-227.5,44.2308
2025-05-08,2025-05-09,CONCORDBIO.NS,1523.0,1543.6,22,453.2,43.4783
2025-05-09,2025-05-12,CANBK.NS,97.64,100.86,347,1117.34,56.1983
2025-05-09,2025-05-12,UNIONBANK.NS,122.9,128.11,275,1432.75,55.5556
2025-05-09,2025-05-12,LATENTVIEW.NS,412.45,424.4,82,979.9,54.0
2025-05-09,2025-05-12,CRAFTSMAN.NS,4867.5,5031.4,6,983.4,53.7037
2025-05-09,2025-05-12,VTL.NS,481.05,481.9,70,59.5,51.4286
2025-05-12,2025-05-13,MEDANTA.NS,1227.1,1241.6,28,406.0,68.9655
2025-05-12,2025-05-13,ANGELONE.NS,248.7,248.76,139,8.34,67.1642
2025-05-12,2025-05-13,KAYNES.NS,5979.5,6285.5,5,1530.0,65.7143
2025-05-12,2025-05-13,KALYANKJIL.NS,538.15,554.5,64,1046.4,64.1509
2025-05-12,2025-05-13,SHYAMMETL.NS,892.2,913.75,39,840.45,64.0
2025-05-13,2025-05-14,ANANDRATHI.NS,880.05,893.85,40,552.0,68.5714
2025-05-13,2025-05-14,DMART.NS,4064.1,4049.2,8,-119.2,63.9175
2025-05-13,2025-05-14,JYOTICNC.NS,1234.6,1239.8,28,145.6,61.9048
2025-05-13,2025-05-14,BLUEJET.NS,769.0,770.15,46,52.9,59.0909
2025-05-13,2025-05-14,CREDITACC.NS,1187.8,1190.0,29,63.8,59.0361
2025-05-14,2025-05-15,LODHA.NS,1316.5,1371.0,27,1471.5,72.4138
2025-05-14,2025-05-15,EMCURE.NS,1055.6,1065.5,33,326.7,66.6667
2025-05-14,2025-05-15,GRAVITA.NS,1903.1,1919.6,18,297.0,57.2727
2025-05-14,2025-05-15,RAINBOW.NS,1377.9,1387.2,25,232.5,56.0976
2025-05-14,2025-05-15,NUVOCO.NS,353.1,358.7,101,565.6,55.814
2025-05-15,2025-05-16,HINDPETRO.NS,402.7,410.05,90,661.5,57.9365
2025-05-15,2025-05-16,IOC.NS,145.0,144.72,250,-70.0,57.6
2025-05-15,2025-05-16,SBILIFE.NS,1784.6,1773.4,20,-224.0,55.3191
2025-05-15,2025-05-16,BATAINDIA.NS,1236.0,1248.5,29,362.5,51.2027
2025-05-15,2025-05-16,CARTRADE.NS,1687.8,1660.5,21,-573.3,50.9804
2025-05-16,2025-05-19,TEJASNET.NS,740.6,741.65,49,51.45,64.0
2025-05-16,2025-05-19,APOLLOTYRE.NS,494.25,488.55,73,-416.1,55.0
2025-05-16,2025-05-19,JSWDULUX.NS,3598.4,3614.8,10,164.0,53.125
2025-05-16,2025-05-19,WOCKPHARMA.NS,1330.4,1358.9,27,769.5,50.4202
2025-05-16,2025-05-19,MOTHERSON.NS,98.03,98.43,370,148.0,47.541
2025-05-19,2025-05-20,FLUOROCHEM.NS,3984.4,3978.3,9,-54.9,59.6774
2025-05-19,2025-05-20,BIOCON.NS,341.6,332.5,106,-964.6,47.3282
2025-05-19,2025-05-20,KPRMILL.NS,1213.55,1230.3,30,502.5,46.8468
2025-05-19,2025-05-20,APTUS.NS,329.9,327.8,110,-231.0,41.3043
2025-05-19,2025-05-20,HOMEFIRST.NS,1207.4,1178.5,30,-867.0,38.5965
2025-05-21,2025-05-22,POWERINDIA.NS,16601.0,17320.0,2,1438.0,55.0725
2025-05-21,2025-05-22,TTML.NS,69.09,76.68,523,3969.57,50.0
2025-05-21,2025-05-22,SOLARINDS.NS,14192.0,15008.0,2,1632.0,49.4949
2025-05-21,2025-05-22,POLYMED.NS,2489.8,2447.9,14,-586.6,48.913
2025-05-21,2025-05-22,ERIS.NS,1505.9,1519.8,24,333.6,48.7805
2025-05-22,2025-05-23,POLICYBZR.NS,1763.7,1777.6,21,291.9,55.0
2025-05-22,2025-05-23,BATAINDIA.NS,1261.0,1275.7,29,426.3,51.3699
2025-05-22,2025-05-23,SCI.NS,196.11,202.48,191,1216.67,51.2821
2025-05-22,2025-05-23,FORTIS.NS,723.8,719.05,51,-242.25,50.0
2025-05-22,2025-05-23,PARADEEP.NS,156.89,157.21,239,76.48,47.7273
2025-05-23,2025-05-26,GPIL.NS,204.79,200.69,184,-754.4,55.2846
2025-05-23,2025-05-26,ZYDUSLIFE.NS,908.6,912.85,41,174.25,53.211
2025-05-23,2025-05-26,WELSPUNLIV.NS,152.06,149.71,248,-582.8,52.7778
2025-05-23,2025-05-26,NESTLEIND.NS,1207.2,1227.0,31,613.8,52.5862
2025-05-23,2025-05-26,RAMCOCEM.NS,1006.1,982.75,37,-863.95,52.4752
2025-05-26,2025-05-27,HUDCO.NS,238.26,240.15,157,296.73,55.7692
2025-05-26,2025-05-27,SYRMA.NS,554.8,545.4,67,-629.8,55.2632
2025-05-26,2025-05-27,KEC.NS,861.45,861.7,43,10.75,53.719
2025-05-26,2025-05-27,BEML.NS,2139.85,2163.8,17,407.15,52.7076
2025-05-26,2025-05-27,INDUSINDBK.NS,800.1,820.7,46,947.6,50.0
2025-05-27,2025-05-28,PIIND.NS,3752.0,3855.5,10,1035.0,61.165
2025-05-27,2025-05-28,FORCEMOT.NS,11031.0,11764.0,3,2199.0,60.0
2025-05-27,2025-05-28,CREDITACC.NS,1173.8,1185.9,32,387.2,59.5238
2025-05-27,2025-05-28,RAINBOW.NS,1400.6,1407.7,26,184.6,57.1429
2025-05-27,2025-05-28,SBICARD.NS,915.95,908.25,41,-315.7,56.25
2025-05-28,2025-05-29,COHANCE.NS,1108.8,1066.5,34,-1438.2,56.1404
2025-05-28,2025-05-29,BHARTIARTL.NS,1856.1,1863.6,20,150.0,55.7377
2025-05-28,2025-05-29,POWERINDIA.NS,18327.0,18959.0,2,1264.0,55.7143
2025-05-28,2025-05-29,NLCINDIA.NS,242.03,241.67,158,-56.88,54.0541
2025-05-28,2025-05-29,DEEPAKFERT.NS,1444.7,1519.5,26,1944.8,53.719
2025-05-29,2025-05-30,AFFLE.NS,1743.7,1735.6,22,-178.2,62.5
2025-05-29,2025-05-30,BANDHANBNK.NS,170.93,170.19,227,-167.98,58.7629
2025-05-29,2025-05-30,PATANJALI.NS,585.7,557.1,66,-1887.6,56.6372
2025-05-29,2025-05-30,MGL.NS,1382.7,1325.2,28,-1610.0,55.6522
2025-05-29,2025-05-30,IRCON.NS,192.95,190.91,201,-410.04,54.5455
2025-05-30,2025-06-02,JYOTICNC.NS,1295.6,1312.9,29,501.7,63.6364
2025-05-30,2025-06-02,GLENMARK.NS,1457.1,1497.5,26,1050.4,57.6577
2025-05-30,2025-06-02,SONATSOFTW.NS,409.05,412.05,92,276.0,52.2523
2025-05-30,2025-06-02,AWL.NS,275.0,270.2,138,-662.4,51.1111
2025-05-30,2025-06-02,BERGEPAINT.NS,568.3,556.9,66,-752.4,49.8221
2025-06-02,2025-06-03,ANANDRATHI.NS,984.2,980.3,38,-148.2,66.6667
2025-06-02,2025-06-03,DATAPATTNS.NS,2947.3,2963.9,12,199.2,56.0976
2025-06-02,2025-06-03,J&KBANK.NS,105.64,103.8,360,-662.4,51.4563
2025-06-02,2025-06-03,PNBHOUSING.NS,1073.3,1050.7,35,-791.0,50.4425
2025-06-02,2025-06-03,RADICO.NS,2548.9,2670.8,14,1706.6,49.1525
2025-06-03,2025-06-04,MEDANTA.NS,1217.1,1196.9,31,-626.2,66.6667
2025-06-03,2025-06-04,INDGN.NS,619.7,590.4,61,-1787.3,60.0
2025-06-03,2025-06-04,JSL.NS,663.9,655.95,57,-453.15,57.7586
2025-06-03,2025-06-04,EIDPARRY.NS,983.5,979.65,38,-146.3,54.5455
2025-06-03,2025-06-04,RAMCOCEM.NS,987.65,999.4,38,446.5,52.9412
2025-06-04,2025-06-05,OFSS.NS,8665.5,8740.0,4,298.0,57.0175
2025-06-04,2025-06-05,LTM.NS,5153.0,5181.5,7,199.5,53.0973
2025-06-04,2025-06-05,LALPATHLAB.NS,1425.2,1428.5,26,85.8,52.7778
2025-06-04,2025-06-05,PFOCUS.NS,114.79,116.16,327,447.99,51.0
2025-06-04,2025-06-05,CESC.NS,168.87,166.54,222,-517.26,50.9434
2025-06-05,2025-06-06,DMART.NS,4153.5,4201.6,9,432.9,64.2857
2025-06-05,2025-06-06,RELIANCE.NS,1442.4,1443.5,26,28.6,62.5954
2025-06-05,2025-06-06,MPHASIS.NS,2529.8,2545.2,14,215.6,59.5041
2025-06-05,2025-06-06,FORCEMOT.NS,12755.0,12502.0,2,-506.0,59.0909
2025-06-05,2025-06-06,NAUKRI.NS,1474.4,1507.2,25,820.0,56.8
2025-06-06,2025-06-09,POLYCAB.NS,6108.5,6144.0,6,213.0,60.9756
2025-06-06,2025-06-09,CREDITACC.NS,1199.8,1205.1,31,164.3,60.0
2025-06-06,2025-06-09,BANDHANBNK.NS,173.55,186.24,218,2766.42,59.1837
2025-06-06,2025-06-09,LICHSGFIN.NS,613.45,622.15,61,530.7,58.4071
2025-06-06,2025-06-09,JIOFIN.NS,294.0,304.25,129,1322.25,56.5217
2025-06-09,2025-06-10,KPITTECH.NS,1353.4,1369.7,28,456.4,65.8537
2025-06-09,2025-06-10,SHYAMMETL.NS,879.6,878.75,44,-37.4,62.7451
2025-06-09,2025-06-10,DEVYANI.NS,174.48,173.01,223,-327.81,61.7021
2025-06-09,2025-06-10,ADANIENSOL.NS,901.4,915.5,43,606.3,61.0169
2025-06-09,2025-06-10,TATAPOWER.NS,406.2,413.2,95,665.0,59.8214
2025-06-10,2025-06-11,TCS.NS,3462.9,3471.9,11,99.0,59.6639
2025-06-10,2025-06-11,GILLETTE.NS,10138.5,10235.5,3,291.0,54.9451
2025-06-10,2025-06-11,HAL.NS,5112.1,5039.8,7,-506.1,54.4444
2025-06-10,2025-06-11,GAIL.NS,195.67,200.09,200,884.0,54.4
2025-06-10,2025-06-11,BLUEDART.NS,6557.0,6547.5,5,-47.5,53.6842
2025-06-11,2025-06-12,FLUOROCHEM.NS,3752.5,3681.2,10,-713.0,58.7302
2025-06-11,2025-06-12,INDGN.NS,606.8,598.85,64,-508.8,57.1429
2025-06-11,2025-06-12,NATCOPHARM.NS,934.1,924.2,42,-415.8,55.1724
2025-06-11,2025-06-12,AJANTPHARM.NS,2646.8,2730.3,14,1169.0,51.8797
2025-06-11,2025-06-12,PTCIL.NS,15426.0,15357.0,2,-138.0,51.8519
2025-06-12,2025-06-13,APOLLOHOSP.NS,6996.5,6994.5,5,-10.0,52.027
2025-06-12,2025-06-13,PFIZER.NS,5889.0,5882.5,6,-39.0,51.8519
2025-06-13,2025-06-16,ESCORTS.NS,3130.2,3149.6,12,232.8,55.0847
2025-06-13,2025-06-16,SCI.NS,227.06,235.3,172,1417.28,51.6949
2025-06-13,2025-06-16,JUBLINGREA.NS,793.55,775.05,49,-906.5,50.0
2025-06-16,2025-06-17,POLYCAB.NS,6107.0,6041.5,6,-393.0,60.241
2025-06-16,2025-06-17,HAVELLS.NS,1553.1,1528.6,25,-612.5,57.9365
2025-06-16,2025-06-17,HINDPETRO.NS,395.35,393.25,99,-207.9,57.4803
2025-06-16,2025-06-17,SBILIFE.NS,1797.8,1800.2,21,50.4,55.7895
2025-06-16,2025-06-17,MGL.NS,1389.7,1433.5,28,1226.4,55.5556
2025-06-17,2025-06-18,KAYNES.NS,5644.0,5720.0,6,456.0,66.6667
2025-06-17,2025-06-18,CGPOWER.NS,694.1,683.95,56,-568.4,56.4516
2025-06-17,2025-06-18,POWERINDIA.NS,18654.0,18461.0,2,-386.0,54.9296
2025-06-17,2025-06-18,GODREJPROP.NS,2455.7,2461.4,16,91.2,54.8387
2025-06-17,2025-06-18,NAM-INDIA.NS,761.95,745.6,51,-833.85,54.3478
2025-06-18,2025-06-19,DMART.NS,4228.4,4203.1,9,-227.7,63.6364
2025-06-18,2025-06-19,DEVYANI.NS,170.73,170.03,229,-160.3,60.4167
2025-06-18,2025-06-19,CYIENT.NS,1356.5,1289.2,28,-1884.4,60.3774
2025-06-18,2025-06-19,CEMPRO.NS,800.45,808.8,48,400.8,59.4059
2025-06-18,2025-06-19,BANDHANBNK.NS,180.75,178.25,216,-540.0,58.5859
2025-06-19,2025-06-20,M&M.NS,3094.8,3184.4,12,1075.2,52.5424
2025-06-19,2025-06-20,TITAN.NS,3505.4,3519.0,11,149.6,51.7241
2025-06-19,2025-06-20,GALLANTT.NS,470.6,506.4,82,2935.6,48.3146
2025-06-20,2025-06-23,HDFCBANK.NS,982.35,974.2,40,-326.0,62.3077
2025-06-20,2025-06-23,RELIANCE.NS,1466.2,1456.8,26,-244.4,62.1212
2025-06-20,2025-06-23,NAUKRI.NS,1505.1,1482.2,26,-595.4,56.3492
2025-06-20,2025-06-23,JIOFIN.NS,294.25,293.15,134,-147.4,54.1667
2025-06-20,2025-06-23,POWERGRID.NS,293.1,290.25,134,-381.9,51.3274
2025-06-23,2025-06-24,ANGELONE.NS,293.5,295.73,133,296.59,67.6471
2025-06-23,2025-06-24,POLYCAB.NS,6289.5,6343.5,6,324.0,60.7143
2025-06-23,2025-06-24,DIXON.NS,14571.0,14506.0,2,-130.0,59.596
2025-06-23,2025-06-24,POONAWALLA.NS,437.55,444.05,89,578.5,59.0909
2025-06-23,2025-06-24,JSL.NS,687.0,677.65,56,-523.6,57.265
2025-06-24,2025-06-25,CHOICEIN.NS,707.25,709.55,55,126.5,71.0526
2025-06-24,2025-06-25,IEX.NS,187.77,189.01,209,259.16,63.2184
2025-06-24,2025-06-25,FSL.NS,386.55,388.85,101,232.3,62.1849
2025-06-24,2025-06-25,GVT&D.NS,2439.5,2395.4,16,-705.6,60.8247
2025-06-24,2025-06-25,TATAPOWER.NS,398.45,403.05,98,450.8,60.177
2025-06-25,2025-06-26,KALYANKJIL.NS,540.35,553.35,72,936.0,64.8148
2025-06-25,2025-06-26,SHYAMMETL.NS,844.35,864.05,46,906.2,63.4615
2025-06-25,2025-06-26,CLEAN.NS,1502.7,1473.1,26,-769.6,62.0
2025-06-25,2025-06-26,WELCORP.NS,936.75,937.75,41,41.0,60.3306
2025-06-25,2025-06-26,CREDITACC.NS,1202.9,1186.6,32,-521.6,59.3023
2025-06-26,2025-06-27,TEJASNET.NS,718.2,718.45,54,13.5,64.3564
2025-06-26,2025-06-27,ADANIENSOL.NS,864.75,883.7,45,852.75,61.3445
2025-06-26,2025-06-27,FLUOROCHEM.NS,3541.1,3553.3,11,134.2,59.375
2025-06-26,2025-06-27,ATGL.NS,645.55,682.45,61,2250.9,58.9744
2025-06-26,2025-06-27,LICI.NS,478.77,478.85,82,6.15,58.5366
2025-06-27,2025-06-30,HSCL.NS,505.15,517.8,79,999.35,60.7143
2025-06-27,2025-06-30,SUZLON.NS,67.32,67.72,595,238.0,58.7719
2025-06-27,2025-06-30,JINDALSAW.NS,243.92,240.78,164,-514.96,55.3846
2025-06-27,2025-06-30,ALKEM.NS,4906.5,4939.0,8,260.0,54.5455
2025-06-27,2025-06-30,IGL.NS,214.13,217.87,187,699.38,54.4
2025-06-30,2025-07-01,TCS.NS,3462.0,3429.7,11,-355.3,59.1667
2025-06-30,2025-07-01,NATCOPHARM.NS,926.65,933.0,43,273.05,55.5556
2025-06-30,2025-07-01,TEGA.NS,1557.7,1566.0,25,207.5,54.7619
2025-06-30,2025-07-01,SIEMENS.NS,3251.5,3323.1,12,859.2,54.1667
2025-06-30,2025-07-01,NLCINDIA.NS,230.27,227.12,175,-551.25,53.5714
2025-07-01,2025-07-02,BIOCON.NS,362.5,368.55,111,671.55,48.1203
2025-07-01,2025-07-02,RRKABEL.NS,1384.0,1362.6,29,-620.6,41.1765
2025-07-02,2025-07-03,MEDANTA.NS,1166.1,1190.6,34,833.0,67.7419
2025-07-02,2025-07-03,MANKIND.NS,2384.7,2361.7,16,-368.0,60.0
2025-07-02,2025-07-03,APOLLOTYRE.NS,466.8,462.6,86,-361.2,54.8173
2025-07-02,2025-07-03,PFIZER.NS,5715.0,5783.0,7,476.0,52.2936
2025-07-02,2025-07-03,LUPIN.NS,1968.4,1954.8,20,-272.0,50.4425
2025-07-03,2025-07-04,PIIND.NS,4238.6,4220.0,9,-167.4,60.5769
2025-07-03,2025-07-04,PATANJALI.NS,553.73,553.6,73,-9.74,56.1404
2025-07-03,2025-07-04,COHANCE.NS,1007.4,1036.5,40,1164.0,55.9322
2025-07-03,2025-07-04,AJANTPHARM.NS,2631.5,2695.5,15,960.0,52.0599
2025-07-03,2025-07-04,PVRINOX.NS,978.15,977.0,41,-47.15,51.7544
2025-07-04,2025-07-07,CHOICEIN.NS,734.4,709.35,55,-1377.75,69.2308
2025-07-04,2025-07-07,BLUEJET.NS,897.25,898.6,45,60.75,60.8696
2025-07-04,2025-07-07,DEVYANI.NS,172.96,172.65,236,-73.16,59.1837
2025-07-04,2025-07-07,HAVELLS.NS,1577.6,1537.6,25,-1000.0,57.4803
2025-07-04,2025-07-07,HEROMOTOCO.NS,4345.0,4307.0,9,-342.0,55.1724
2025-07-07,2025-07-08,BLS.NS,377.35,379.05,107,181.9,57.1429
2025-07-07,2025-07-08,GODREJCP.NS,1268.4,1277.4,31,279.0,52.5862
2025-07-07,2025-07-08,ICICIPRULI.NS,666.05,664.55,60,-90.0,51.8868
2025-07-07,2025-07-08,MSUMI.NS,41.37,43.07,976,1652.69,51.2821
2025-07-07,2025-07-08,CAPLIPOINT.NS,2054.6,2020.5,19,-647.9,50.4274
2025-07-08,2025-07-09,FORCEMOT.NS,15234.0,16719.0,2,2970.0,59.7015
2025-07-08,2025-07-09,MAPMYINDIA.NS,1786.5,1784.3,22,-48.4,58.5366
2025-07-08,2025-07-09,POLICYBZR.NS,1854.2,1854.5,21,6.3,56.0976
2025-07-08,2025-07-09,KOTAKBANK.NS,444.9,445.86,91,87.36,54.4
2025-07-08,2025-07-09,PRESTIGE.NS,1659.1,1650.0,24,-218.4,52.9915
2025-07-09,2025-07-10,PGEL.NS,788.75,773.35,52,-800.8,55.9322
2025-07-09,2025-07-10,DATAPATTNS.NS,3025.3,2945.7,13,-1034.8,54.7619
2025-07-09,2025-07-10,CHOLAFIN.NS,1563.1,1546.8,26,-423.8,54.6218
2025-07-09,2025-07-10,CONCOR.NS,615.35,627.85,67,837.5,54.1284
2025-07-09,2025-07-10,STARHEALTH.NS,432.15,427.15,95,-475.0,52.9412
2025-07-10,2025-07-11,LODHA.NS,1411.8,1400.1,28,-327.6,71.1864
2025-07-10,2025-07-11,ARE&M.NS,984.45,978.05,41,-262.4,55.3265
2025-07-10,2025-07-11,HDFCAMC.NS,2603.75,2558.0,15,-686.25,54.0816
2025-07-10,2025-07-11,NAM-INDIA.NS,815.1,804.85,50,-512.5,53.7634
2025-07-10,2025-07-11,SARDAEN.NS,441.5,452.7,92,1030.4,53.211
2025-07-11,2025-07-14,EMCURE.NS,1297.2,1355.2,31,1798.0,69.2308
2025-07-11,2025-07-14,SBILIFE.NS,1835.2,1851.3,22,354.2,56.25
2025-07-11,2025-07-14,ECLERX.NS,1740.6,1796.0,23,1274.2,56.25
2025-07-11,2025-07-14,INDIGO.NS,5917.5,5940.5,6,138.0,52.5862
2025-07-11,2025-07-14,ACUTAAS.NS,1146.4,1148.2,35,63.0,52.2727
2025-07-14,2025-07-15,HSCL.NS,516.65,513.1,80,-284.0,60.177
2025-07-14,2025-07-15,TEGA.NS,1772.8,1833.3,23,1391.5,55.814
2025-07-14,2025-07-15,ASHOKLEY.NS,126.47,125.45,327,-335.18,54.8701
2025-07-14,2025-07-15,BLUEDART.NS,6824.0,6912.0,6,528.0,54.6392
2025-07-14,2025-07-15,INDIAMART.NS,2741.6,2713.2,15,-426.0,54.2169
2025-07-15,2025-07-16,KPITTECH.NS,1291.9,1286.4,32,-176.0,65.0602
2025-07-15,2025-07-16,SHYAMMETL.NS,871.95,902.4,47,1431.15,64.1509
2025-07-15,2025-07-16,PIIND.NS,4172.0,4104.4,9,-608.4,60.0
2025-07-15,2025-07-16,CYIENT.NS,1305.4,1304.0,31,-43.4,59.8131
2025-07-15,2025-07-16,BAJAJ-AUTO.NS,8311.0,8302.5,5,-42.5,59.5668
2025-07-16,2025-07-17,CHOICEIN.NS,747.1,756.3,55,506.0,70.0
2025-07-16,2025-07-17,TATAPOWER.NS,414.7,413.45,100,-125.0,59.6491
2025-07-16,2025-07-17,BANDHANBNK.NS,183.68,185.19,227,342.77,59.0
2025-07-16,2025-07-17,HINDPETRO.NS,446.1,440.0,93,-567.3,57.0312
2025-07-16,2025-07-17,AARTIIND.NS,455.85,456.3,91,40.95,56.8345
2025-07-17,2025-07-18,GVT&D.NS,2417.1,2358.2,17,-1001.3,60.2041
2025-07-17,2025-07-18,CGPOWER.NS,689.35,667.6,60,-1305.0,56.0
2025-07-17,2025-07-18,ESCORTS.NS,3410.9,3415.2,12,51.6,55.4622
2025-07-17,2025-07-18,GODREJPROP.NS,2337.0,2365.4,17,482.8,55.2
2025-07-17,2025-07-18,MGL.NS,1522.8,1511.2,27,-313.2,55.0847
2025-07-18,2025-07-21,FLUOROCHEM.NS,3499.3,3573.2,11,812.9,60.0
2025-07-18,2025-07-21,TATASTEEL.NS,162.37,163.02,254,165.1,58.7786
2025-07-18,2025-07-21,SUNDARMFIN.NS,5166.5,5227.0,8,484.0,53.4653
2025-07-18,2025-07-21,GMDCLTD.NS,435.3,435.85,95,52.25,52.8846
2025-07-18,2025-07-21,COALINDIA.NS,388.5,386.8,106,-180.2,52.459
2025-07-21,2025-07-22,JYOTICNC.NS,1075.2,1057.4,38,-676.4,60.8696
2025-07-21,2025-07-22,JINDALSTEL.NS,960.05,965.0,43,212.85,58.4
2025-07-21,2025-07-22,JSL.NS,697.85,688.9,59,-528.05,56.7797
2025-07-21,2025-07-22,PERSISTENT.NS,5779.0,5713.5,7,-458.5,54.902
2025-07-21,2025-07-22,ABB.NS,5836.0,5755.0,7,-567.0,54.1353
2025-07-22,2025-07-23,ANGELONE.NS,280.54,282.58,146,297.84,68.1159
2025-07-22,2025-07-23,HDFCBANK.NS,1003.55,1012.15,41,352.6,62.5954
2025-07-22,2025-07-23,HAVELLS.NS,1578.6,1572.7,26,-153.4,57.0312
2025-07-22,2025-07-23,NAUKRI.NS,1458.8,1475.0,28,453.6,56.6929
2025-07-22,2025-07-23,HDFCLIFE.NS,763.3,762.5,54,-43.2,54.5455
2025-07-23,2025-07-24,NUVOCO.NS,410.3,414.35,100,405.0,56.5217
2025-07-23,2025-07-24,SBILIFE.NS,1809.5,1793.6,22,-349.8,55.6701
2025-07-23,2025-07-24,BHARTIARTL.NS,1943.8,1936.1,21,-161.7,54.8387
2025-07-23,2025-07-24,CASTROLIND.NS,228.66,228.0,181,-119.46,53.0435
2025-07-23,2025-07-24,LTM.NS,5298.0,5206.0,7,-644.0,52.1739
2025-07-24,2025-07-25,SUPREMEIND.NS,4242.7,4311.7,9,621.0,59.2233
2025-07-24,2025-07-25,GRAVITA.NS,1812.9,1886.6,22,1621.4,58.0357
2025-07-24,2025-07-25,OFSS.NS,8939.0,8609.0,4,-1320.0,56.5217
2025-07-24,2025-07-25,CANBK.NS,113.51,110.76,363,-998.25,56.4516
2025-07-24,2025-07-25,RAINBOW.NS,1623.9,1556.4,25,-1687.5,54.5455
2025-07-25,2025-07-28,ZYDUSLIFE.NS,976.4,980.1,41,151.7,54.0541
2025-07-25,2025-07-28,PHOENIXLTD.NS,1525.9,1508.8,26,-444.6,47.7477
2025-07-25,2025-07-28,CIPLA.NS,1532.5,1572.0,26,1027.0,46.5517
2025-07-25,2025-07-28,HOMEFIRST.NS,1479.0,1371.7,27,-2897.1,37.7049
2025-07-28,2025-07-29,MEDANTA.NS,1355.4,1331.4,29,-696.0,65.625
2025-07-28,2025-07-29,LUPIN.NS,1960.5,1984.6,20,482.0,50.4348
2025-07-28,2025-07-29,DABUR.NS,522.0,518.3,77,-284.9,49.1379
2025-07-29,2025-07-30,AFFLE.NS,1985.4,1983.3,20,-42.0,61.7284
2025-07-29,2025-07-30,RELIANCE.NS,1417.1,1410.1,28,-196.0,61.6541
2025-07-29,2025-07-30,WELCORP.NS,924.55,941.6,43,733.15,60.6557
2025-07-29,2025-07-30,POLYCAB.NS,6962.5,6931.0,5,-157.5,60.0
2025-07-29,2025-07-30,MPHASIS.NS,2774.3,2806.6,14,452.2,59.3496
2025-07-30,2025-07-31,KPITTECH.NS,1268.5,1226.4,31,-1305.1,64.2857
2025-07-30,2025-07-31,DMART.NS,4281.4,4267.4,9,-126.0,63.0
2025-07-30,2025-07-31,GVT&D.NS,2597.0,2726.8,15,1947.0,60.6061
2025-07-30,2025-07-31,FLUOROCHEM.NS,3595.0,3594.0,11,-11.0,59.0909
2025-07-30,2025-07-31,CEMPRO.NS,785.5,777.7,51,-397.8,58.8235
2025-07-31,2025-08-01,CHOICEIN.NS,762.2,752.8,53,-498.2,68.2927
2025-07-31,2025-08-01,KAYNES.NS,6172.0,6371.5,6,1197.0,67.5676
2025-07-31,2025-08-01,FSL.NS,341.7,339.0,118,-318.6,61.6667
2025-07-31,2025-08-01,GILLETTE.NS,10833.0,10712.0,3,-363.0,54.2553
2025-07-31,2025-08-01,RBLBANK.NS,266.83,259.1,151,-1167.23,53.5433
2025-08-01,2025-08-04,INDGN.NS,577.3,587.55,69,707.25,60.8696
2025-08-01,2025-08-04,SUZLON.NS,65.95,65.0,610,-579.5,58.2609
2025-08-01,2025-08-04,DELHIVERY.NS,429.85,461.6,93,2952.75,56.4103
2025-08-01,2025-08-04,SPLPETRO.NS,830.0,815.45,48,-698.4,52.9412
2025-08-01,2025-08-04,CCL.NS,894.1,927.6,45,1507.5,52.9412
2025-08-04,2025-08-05,BAJAJ-AUTO.NS,8187.5,8230.5,5,215.0,59.7122
2025-08-04,2025-08-05,POONAWALLA.NS,431.1,438.4,95,693.5,59.4595
2025-08-04,2025-08-05,TATASTEEL.NS,159.56,159.62,257,15.42,59.0909
2025-08-04,2025-08-05,JINDALSTEL.NS,980.2,999.8,41,803.6,58.7302
2025-08-04,2025-08-05,TCS.NS,3074.4,3063.9,13,-136.5,58.6777
2025-08-05,2025-08-06,EMCURE.NS,1433.9,1422.3,28,-324.8,64.2857
2025-08-05,2025-08-06,CGPOWER.NS,680.25,680.55,60,18.0,56.3492
2025-08-05,2025-08-06,SBILIFE.NS,1857.0,1854.3,22,-59.4,55.102
2025-08-05,2025-08-06,SIEMENS.NS,3081.0,3083.9,13,37.7,54.5455
2025-08-05,2025-08-06,HAL.NS,4578.2,4538.6,9,-356.4,54.3478
2025-08-06,2025-08-07,FORCEMOT.NS,18164.0,18095.0,2,-138.0,58.8235
2025-08-06,2025-08-07,HDFCLIFE.NS,752.55,755.7,54,170.1,55.0
2025-08-06,2025-08-07,BLUESTARCO.NS,1770.4,1827.5,23,1313.3,53.3981
2025-08-06,2025-08-07,SBIN.NS,805.15,805.15,51,0.0,51.6949
2025-08-06,2025-08-07,ACC.NS,1830.4,1817.8,22,-277.2,49.6622
2025-08-07,2025-08-08,GRAVITA.NS,1839.4,1778.3,22,-1344.2,57.5221
2025-08-07,2025-08-08,UNIONBANK.NS,132.45,130.98,313,-460.11,54.6218
2025-08-07,2025-08-08,CHOLAFIN.NS,1488.0,1451.1,27,-996.3,54.1667
2025-08-07,2025-08-08,BANKBARODA.NS,242.05,239.22,171,-483.93,53.6184
2025-08-07,2025-08-08,DALBHARAT.NS,2267.1,2243.4,18,-426.6,53.1646
2025-08-08,2025-08-11,MEDANTA.NS,1423.2,1387.4,28,-1002.4,63.6364
2025-08-08,2025-08-11,HINDPETRO.NS,409.5,410.35,99,84.15,57.3643
2025-08-08,2025-08-11,LICI.NS,456.48,453.17,89,-293.7,57.1429
2025-08-08,2025-08-11,KPIL.NS,1183.6,1237.8,34,1842.8,51.7857
2025-08-08,2025-08-11,GICRE.NS,393.25,399.5,103,643.75,49.4737
2025-08-11,2025-08-12,CHOICEIN.NS,765.45,789.15,53,1256.1,69.0476
2025-08-11,2025-08-12,ANANDRATHI.NS,1346.8,1377.8,30,930.0,67.5676
2025-08-11,2025-08-12,ADANIENT.NS,2283.4,2288.2,17,81.6,60.177
2025-08-11,2025-08-12,SUPREMEIND.NS,4354.7,4219.8,9,-1214.1,58.6538
2025-08-11,2025-08-12,CEMPRO.NS,768.2,758.95,53,-490.25,58.2524
2025-08-12,2025-08-13,HSCL.NS,469.3,473.7,87,382.8,60.5263
2025-08-12,2025-08-13,CREDITACC.NS,1301.9,1296.8,31,-158.1,58.6207
2025-08-12,2025-08-13,ATGL.NS,611.85,609.25,67,-174.2,58.2278
2025-08-12,2025-08-13,JSL.NS,713.15,721.75,57,490.2,57.5
2025-08-12,2025-08-13,DEEPAKNTR.NS,1864.1,1873.3,22,202.4,56.0748
2025-08-13,2025-08-14,ANGELONE.NS,263.18,264.22,156,162.24,68.5714
2025-08-13,2025-08-14,KAYNES.NS,6060.0,6116.5,6,339.0,68.4211
2025-08-13,2025-08-14,DMART.NS,4334.6,4358.2,9,212.4,63.3663
2025-08-13,2025-08-14,IEX.NS,141.17,140.27,292,-262.8,62.5
2025-08-13,2025-08-14,ANURAS.NS,1146.8,1158.4,35,406.0,61.9048
2025-08-14,2025-08-18,NAUKRI.NS,1365.4,1353.6,30,-354.0,56.25
2025-08-14,2025-08-18,ASHOKLEY.NS,121.96,131.76,339,3322.2,54.8387
2025-08-14,2025-08-18,IRB.NS,22.68,22.48,1825,-374.12,54.4715
2025-08-14,2025-08-18,PERSISTENT.NS,5289.0,5232.5,7,-395.5,54.3689
2025-08-14,2025-08-18,NAVINFLUOR.NS,4998.0,5042.5,8,356.0,52.1008
2025-08-18,2025-08-19,TEJASNET.NS,571.35,586.9,73,1135.15,64.7059
2025-08-18,2025-08-19,ADANIENSOL.NS,818.75,828.2,51,481.95,61.6667
2025-08-18,2025-08-19,IREDA.NS,147.39,148.91,284,431.68,60.0
2025-08-18,2025-08-19,DIXON.NS,16756.0,16905.0,2,298.0,60.0
2025-08-18,2025-08-19,HAVELLS.NS,1552.6,1570.0,27,469.8,57.3643
2025-08-19,2025-08-20,LODHA.NS,1257.8,1300.0,33,1392.6,71.6667
2025-08-19,2025-08-20,JYOTICNC.NS,943.9,946.0,45,94.5,62.5
2025-08-19,2025-08-20,RELIANCE.NS,1420.1,1413.0,29,-205.9,61.194
2025-08-19,2025-08-20,CYIENT.NS,1209.2,1230.6,35,749.0,60.1852
2025-08-19,2025-08-20,BANDHANBNK.NS,174.01,174.28,244,65.88,59.4059
2025-08-20,2025-08-21,MPHASIS.NS,2835.5,2854.4,15,283.5,59.6774
2025-08-20,2025-08-21,TATAPOWER.NS,390.55,388.05,109,-272.5,59.1304
2025-08-20,2025-08-21,TCS.NS,3098.6,3102.6,13,52.0,59.0164
2025-08-20,2025-08-21,TATASTEEL.NS,161.92,161.51,264,-108.24,58.6466
2025-08-20,2025-08-21,JINDALSTEL.NS,1016.25,1010.15,42,-256.2,58.2677
2025-08-21,2025-08-22,WELCORP.NS,895.15,889.6,47,-260.85,60.1626
2025-08-21,2025-08-22,PIIND.NS,3869.8,3865.1,11,-51.7,59.434
2025-08-21,2025-08-22,MANKIND.NS,2600.1,2606.8,16,107.2,59.2593
2025-08-21,2025-08-22,CGPOWER.NS,677.55,679.85,63,144.9,56.6929
2025-08-21,2025-08-22,PVRINOX.NS,1122.55,1131.2,38,328.7,52.9915
2025-08-22,2025-08-25,CESC.NS,166.81,164.24,257,-660.49,50.4587
2025-08-22,2025-08-25,ZENTEC.NS,1492.6,1539.6,28,1316.0,47.8992
2025-08-22,2025-08-25,IPCALAB.NS,1418.4,1399.9,30,-555.0,42.9907
2025-08-22,2025-08-25,NETWEB.NS,2322.4,2371.8,18,889.2,33.3333
2025-08-25,2025-08-26,TCS.NS,3140.6,3157.2,13,215.8,59.3496
2025-08-25,2025-08-26,ECLERX.NS,2119.4,2227.45,20,2161.0,56.6372
2025-08-25,2025-08-26,TEGA.NS,1892.4,1843.0,22,-1086.8,54.5455
2025-08-25,2025-08-26,IGL.NS,210.86,207.58,204,-669.12,53.9683
2025-08-25,2025-08-26,JUBLINGREA.NS,722.9,728.2,59,312.7,50.0
2025-08-26,2025-08-28,ITC.NS,403.35,400.9,107,-262.15,46.4567
2025-08-28,2025-08-29,VTL.NS,450.2,424.35,96,-2481.6,51.8519
2025-08-28,2025-08-29,ENGINERSIN.NS,200.27,198.34,215,-414.95,45.5285
2025-08-29,2025-09-01,GVT&D.NS,2779.2,2796.5,15,259.5,61.0
2025-08-29,2025-09-01,CREDITACC.NS,1399.9,1403.2,30,99.0,59.0909
2025-08-29,2025-09-01,CGPOWER.NS,694.3,717.2,61,1396.9,57.0312
2025-08-29,2025-09-01,ARE&M.NS,990.25,1011.7,43,922.35,55.6314
2025-08-29,2025-09-01,RBLBANK.NS,261.05,264.9,163,627.55,53.9062
2025-09-01,2025-09-02,KPITTECH.NS,1225.5,1206.1,35,-679.0,63.5294
2025-09-01,2025-09-02,BAJAJ-AUTO.NS,8967.0,9030.5,4,254.0,59.8566
2025-09-01,2025-09-02,TATAPOWER.NS,380.55,386.05,113,621.5,59.4828
2025-09-01,2025-09-02,DIXON.NS,17582.0,17553.0,2,-58.0,59.4059
2025-09-01,2025-09-02,MPHASIS.NS,2921.5,2902.6,14,-264.6,59.2
2025-09-02,2025-09-03,FSL.NS,366.75,369.0,118,265.5,61.9835
2025-09-02,2025-09-03,TATASTEEL.NS,158.39,167.85,273,2582.58,58.9552
2025-09-02,2025-09-03,JINDALSAW.NS,205.26,209.59,210,909.3,55.7252
2025-09-02,2025-09-03,ASHOKLEY.NS,130.39,130.23,331,-52.96,54.6624
2025-09-02,2025-09-03,INOXWIND.NS,143.34,144.71,301,412.37,54.5455
2025-09-03,2025-09-04,TEJASNET.NS,612.4,598.55,72,-997.2,64.0777
2025-09-03,2025-09-04,SHYAMMETL.NS,934.6,922.65,47,-561.65,62.963
2025-09-03,2025-09-04,BLUEJET.NS,705.6,708.35,62,170.5,62.5
2025-09-03,2025-09-04,MEDANTA.NS,1427.2,1420.8,30,-192.0,61.7647
2025-09-03,2025-09-04,MANKIND.NS,2559.1,2568.9,17,166.6,60.7143
2025-09-04,2025-09-05,HDFCBANK.NS,961.25,963.4,45,96.75,62.8788
2025-09-04,2025-09-05,LICI.NS,439.05,438.67,99,-37.12,55.814
2025-09-04,2025-09-05,LATENTVIEW.NS,429.05,429.05,102,0.0,53.7037
2025-09-04,2025-09-05,GILLETTE.NS,10548.0,10461.0,4,-348.0,53.6842
2025-09-04,2025-09-05,POLICYBZR.NS,1864.4,1822.5,23,-963.7,53.4884
2025-09-05,2025-09-08,INDGN.NS,561.4,553.5,77,-608.3,58.3333
2025-09-05,2025-09-08,CHOLAFIN.NS,1490.9,1494.0,29,89.9,54.5455
2025-09-05,2025-09-08,JUBLPHARMA.NS,1070.4,1106.0,40,1424.0,53.3898
2025-09-05,2025-09-08,INDUSTOWER.NS,337.4,344.1,129,864.3,52.9412
2025-09-05,2025-09-08,BSE.NS,2319.6,2346.2,18,478.8,52.3364
2025-09-08,2025-09-09,ANGELONE.NS,234.1,233.6,188,-94.0,67.6056
2025-09-08,2025-09-09,AFFLE.NS,1941.6,2070.2,22,2829.2,62.1951
2025-09-08,2025-09-09,ADANIENSOL.NS,776.25,794.15,56,1002.4,61.9835
2025-09-08,2025-09-09,RELIANCE.NS,1378.5,1376.2,31,-71.3,60.7407
2025-09-08,2025-09-09,IOC.NS,140.9,140.94,312,12.48,57.0312
2025-09-09,2025-09-10,FLUOROCHEM.NS,3638.3,3745.8,12,1290.0,59.7015
2025-09-09,2025-09-10,WELCORP.NS,885.15,883.35,50,-90.0,59.6774
2025-09-09,2025-09-10,CEMPRO.NS,783.95,795.85,57,678.3,58.6538
2025-09-09,2025-09-10,SBICARD.NS,819.35,854.4,54,1892.7,56.7164
2025-09-09,2025-09-10,IRCON.NS,173.54,172.75,257,-203.03,53.3981
2025-09-10,2025-09-11,CYIENT.NS,1228.9,1233.6,37,173.9,60.5505
2025-09-10,2025-09-11,ADANIENT.NS,2340.2,2398.8,19,1113.4,60.5263
2025-09-10,2025-09-11,TCS.NS,3110.0,3124.2,14,198.8,59.6774
2025-09-10,2025-09-11,BANDHANBNK.NS,166.8,166.59,272,-57.12,58.8235
2025-09-10,2025-09-11,MPHASIS.NS,2968.4,2925.5,15,-643.5,58.7302
2025-09-11,2025-09-12,CHOICEIN.NS,816.1,817.45,55,74.25,69.7674
2025-09-11,2025-09-12,FSL.NS,365.35,368.25,124,359.6,62.2951
2025-09-11,2025-09-12,GLAND.NS,1965.8,2021.2,23,1274.2,56.6038
2025-09-11,2025-09-12,ALKEM.NS,5393.5,5448.0,8,436.0,55.8824
2025-09-11,2025-09-12,MGL.NS,1301.3,1302.7,35,49.0,55.8333
2025-09-12,2025-09-15,BLUEJET.NS,716.95,713.85,64,-198.4,60.0
2025-09-12,2025-09-15,LICHSGFIN.NS,567.1,571.75,81,376.65,58.6207
2025-09-12,2025-09-15,SUPREMEIND.NS,4532.7,4496.0,10,-367.0,57.5472
2025-09-12,2025-09-15,SIEMENS.NS,3202.0,3293.7,14,1283.8,55.2846
2025-09-12,2025-09-15,GRAPHITE.NS,533.4,538.3,86,421.4,54.2373
2025-09-15,2025-09-16,JYOTICNC.NS,932.25,932.35,49,4.9,64.0
2025-09-15,2025-09-16,IEX.NS,147.21,147.38,315,53.55,62.9213
2025-09-15,2025-09-16,GODREJPROP.NS,2036.6,2061.0,22,536.8,55.4688
2025-09-15,2025-09-16,JINDALSAW.NS,211.56,210.05,219,-330.69,55.303
2025-09-15,2025-09-16,GPIL.NS,270.13,262.35,171,-1330.38,55.0388
2025-09-16,2025-09-17,SUZLON.NS,58.98,59.29,782,242.42,58.6207
2025-09-16,2025-09-17,DEEPAKNTR.NS,1787.3,1844.9,25,1440.0,56.4815
2025-09-16,2025-09-17,BIKAJI.NS,797.4,788.4,57,-513.0,54.5455
2025-09-16,2025-09-17,KOTAKBANK.NS,404.34,410.06,114,652.08,54.3307
2025-09-16,2025-09-17,IGL.NS,215.71,215.06,214,-139.1,53.5433
2025-09-17,2025-09-18,KALYANKJIL.NS,522.8,515.0,88,-686.4,63.6364
2025-09-17,2025-09-18,MEDANTA.NS,1377.5,1367.7,33,-323.4,60.0
2025-09-17,2025-09-18,CLEAN.NS,1195.7,1194.7,38,-38.0,59.6154
2025-09-17,2025-09-18,CREDITACC.NS,1360.2,1388.7,34,969.0,59.5506
2025-09-17,2025-09-18,ATGL.NS,607.05,606.95,76,-7.6,57.5
2025-09-18,2025-09-19,DMART.NS,4760.3,4775.3,9,135.0,63.7255
2025-09-18,2025-09-19,BANDHANBNK.NS,166.91,167.08,278,47.26,59.2233
2025-09-18,2025-09-19,PATANJALI.NS,606.0,608.9,76,220.4,56.5217
2025-09-18,2025-09-19,NATCOPHARM.NS,884.3,884.25,52,-2.6,55.4622
2025-09-18,2025-09-19,NYKAA.NS,245.93,243.62,189,-436.59,52.2727
2025-09-19,2025-09-22,LODHA.NS,1216.1,1212.3,38,-144.4,70.4918
2025-09-19,2025-09-22,JSL.NS,778.95,787.55,59,507.4,57.8512
2025-09-19,2025-09-22,GILLETTE.NS,10352.0,10148.0,4,-816.0,53.125
2025-09-19,2025-09-22,ADANIPOWER.NS,141.88,170.25,327,9276.99,52.657
2025-09-19,2025-09-22,BAYERCROP.NS,5347.0,5245.0,8,-816.0,51.497
2025-09-22,2025-09-23,ICICIPRULI.NS,609.5,600.85,78,-674.7,51.8519
2025-09-22,2025-09-23,AWL.NS,271.1,260.1,177,-1947.0,50.0
2025-09-22,2025-09-23,OIL.NS,409.25,404.55,117,-549.9,49.2424
2025-09-22,2025-09-23,ZEEL.NS,119.91,118.14,400,-708.0,47.5806
2025-09-22,2025-09-23,SBFC.NS,109.33,111.66,439,1022.87,44.8276
2025-09-23,2025-09-24,CEMPRO.NS,822.25,798.55,57,-1350.9,58.0952
2025-09-23,2025-09-24,APOLLOTYRE.NS,489.05,494.7,97,548.05,54.7855
2025-09-23,2025-09-24,NLCINDIA.NS,276.09,280.35,172,732.72,54.2373
2025-09-23,2025-09-24,INDUSINDBK.NS,755.25,740.75,62,-899.0,48.0315
2025-09-23,2025-09-24,MFSL.NS,1584.5,1584.9,29,11.6,47.1698
2025-09-24,2025-09-25,ANURAS.NS,1110.4,1104.8,42,-235.2,60.4651
2025-09-24,2025-09-25,CRAFTSMAN.NS,6826.0,6762.0,6,-384.0,55.9322
2025-09-24,2025-09-25,SYRMA.NS,858.4,835.3,55,-1270.5,53.6585
2025-09-24,2025-09-25,CCL.NS,919.3,898.2,51,-1076.1,53.3333
2025-09-24,2025-09-25,SCI.NS,232.48,232.89,203,83.23,52.459
2025-09-25,2025-09-26,RBLBANK.NS,275.45,272.35,169,-523.9,53.4884
2025-09-25,2025-09-26,GODREJIND.NS,1212.5,1195.0,38,-665.0,53.1532
2025-09-25,2025-09-26,HINDZINC.NS,466.75,449.1,100,-1765.0,52.4194
2025-09-25,2025-09-26,POLYMED.NS,2031.8,1959.5,23,-1662.9,46.3918
2025-09-25,2025-09-26,NEWGEN.NS,909.45,888.6,51,-1063.35,45.4545
2025-09-29,2025-09-30,BANDHANBNK.NS,162.18,162.21,281,8.43,59.6154
2025-09-29,2025-09-30,POONAWALLA.NS,501.5,497.6,90,-351.0,58.4071
2025-09-29,2025-09-30,IOC.NS,149.31,149.79,305,146.4,57.3643
2025-09-29,2025-09-30,LICI.NS,447.52,450.17,101,267.65,56.8182
2025-09-29,2025-09-30,GLAND.NS,1998.0,1991.6,22,-140.8,55.5556
2025-09-30,2025-10-01,CANBK.NS,123.71,123.76,368,18.4,56.6929
2025-09-30,2025-10-01,MAPMYINDIA.NS,1649.3,1636.8,27,-337.5,55.814
2025-09-30,2025-10-01,MGL.NS,1295.1,1277.0,35,-633.5,55.3719
2025-09-30,2025-10-01,HEROMOTOCO.NS,5472.5,5432.5,8,-320.0,55.0
2025-09-30,2025-10-01,BANKINDIA.NS,123.41,124.63,369,450.18,54.2955
2025-10-01,2025-10-03,ANANDRATHI.NS,1443.55,1436.2,31,-227.85,65.7895
2025-10-01,2025-10-03,HDFCBANK.NS,965.25,965.15,47,-4.7,62.406
2025-10-01,2025-10-03,ADANIENSOL.NS,896.35,916.35,50,1000.0,62.2951
2025-10-01,2025-10-03,GVT&D.NS,3073.0,3170.1,14,1359.4,61.3861
2025-10-01,2025-10-03,CREDITACC.NS,1400.8,1410.9,32,323.2,60.0
2025-10-03,2025-10-06,ANGELONE.NS,220.13,226.52,208,1329.12,68.0556
2025-10-03,2025-10-06,EMCURE.NS,1339.9,1435.3,34,3243.6,66.6667
2025-10-03,2025-10-06,JYOTICNC.NS,920.85,929.6,49,428.75,65.3846
2025-10-03,2025-10-06,KALYANKJIL.NS,492.15,485.35,93,-632.4,62.5
2025-10-03,2025-10-06,IEX.NS,143.59,142.55,319,-331.76,62.2222
2025-10-06,2025-10-07,CHOICEIN.NS,801.95,808.1,58,356.7,70.4545
2025-10-06,2025-10-07,KAYNES.NS,7466.5,7593.0,6,759.0,69.2308
2025-10-06,2025-10-07,TEJASNET.NS,601.55,592.5,77,-696.85,63.4615
2025-10-06,2025-10-07,BAJAJ-AUTO.NS,8792.0,8904.0,5,560.0,60.0
2025-10-06,2025-10-07,CYIENT.NS,1180.6,1178.9,39,-66.3,60.0
2025-10-07,2025-10-08,LODHA.NS,1145.0,1128.7,40,-652.0,69.3548
2025-10-07,2025-10-08,HSCL.NS,461.7,461.8,101,10.1,60.3448
2025-10-07,2025-10-08,RELIANCE.NS,1384.8,1367.4,33,-574.2,60.2941
2025-10-07,2025-10-08,BLS.NS,351.4,347.15,133,-565.25,57.0248
2025-10-07,2025-10-08,FEDERALBNK.NS,199.17,202.61,235,808.4,54.918
2025-10-08,2025-10-09,ANURAS.NS,1107.0,1099.2,42,-327.6,59.0909
2025-10-08,2025-10-09,APOLLOTYRE.NS,486.9,484.85,95,-194.75,54.6053
2025-10-08,2025-10-09,INDIAMART.NS,2437.6,2412.2,19,-482.6,53.4884
2025-10-08,2025-10-09,JSWDULUX.NS,3348.1,3329.6,13,-240.5,52.5253
2025-10-08,2025-10-09,SONATSOFTW.NS,370.7,374.9,126,529.2,52.1739
2025-10-09,2025-10-10,FLUOROCHEM.NS,3790.1,3728.0,12,-745.2,58.8235
2025-10-09,2025-10-10,NUVOCO.NS,432.65,432.85,107,21.4,58.3333
2025-10-09,2025-10-10,GRAVITA.NS,1619.7,1642.4,28,635.6,57.3913
2025-10-09,2025-10-10,CGPOWER.NS,761.15,753.4,61,-472.75,56.5891
2025-10-09,2025-10-10,AUROPHARMA.NS,1119.9,1130.3,41,426.4,55.8897
2025-10-10,2025-10-13,BANDHANBNK.NS,169.32,168.48,274,-230.16,59.0476
2025-10-10,2025-10-13,UNIONBANK.NS,139.27,139.9,334,210.42,55.3719
2025-10-10,2025-10-13,BANKBARODA.NS,266.95,268.1,174,200.1,53.7459
2025-10-10,2025-10-13,RPOWER.NS,48.58,46.22,957,-2258.52,53.4483
2025-10-10,2025-10-13,ULTRACEMCO.NS,12281.0,12172.0,3,-327.0,53.4351
2025-10-13,2025-10-14,SUPREMEIND.NS,4264.2,4167.8,10,-964.0,57.0093
2025-10-13,2025-10-14,ECLERX.NS,2072.2,2015.5,22,-1247.4,56.8966
2025-10-13,2025-10-14,BANKINDIA.NS,126.86,124.3,363,-929.28,54.1096
2025-10-13,2025-10-14,ADANIPORTS.NS,1437.8,1429.0,32,-281.6,53.9683
2025-10-13,2025-10-14,UTIAMC.NS,1371.7,1367.6,33,-135.3,53.3333
2025-10-14,2025-10-15,IREDA.NS,154.52,154.89,293,108.41,60.8696
2025-10-14,2025-10-15,FORCEMOT.NS,16616.0,16609.0,2,-14.0,57.1429
2025-10-14,2025-10-15,LTFOODS.NS,407.4,412.8,111,599.4,51.1811
2025-10-14,2025-10-15,KIMS.NS,715.7,727.45,63,740.25,51.0204
2025-10-14,2025-10-15,BBTC.NS,1911.2,1908.0,23,-73.6,48.6577
2025-10-15,2025-10-16,TATAPOWER.NS,396.5,399.0,115,287.5,60.1695
2025-10-15,2025-10-16,ALKEM.NS,5566.5,5524.0,8,-340.0,55.3398
2025-10-15,2025-10-16,HDFCLIFE.NS,761.15,742.85,59,-1079.7,53.9216
2025-10-15,2025-10-16,CASTROLIND.NS,203.9,199.91,223,-889.77,53.3898
2025-10-15,2025-10-16,SUNDARMFIN.NS,4516.9,4490.6,10,-263.0,52.8846
2025-10-16,2025-10-17,RELIANCE.NS,1398.3,1416.8,32,592.0,60.5839
2025-10-16,2025-10-17,CYIENT.NS,1180.6,1170.7,38,-376.2,59.4595
2025-10-16,2025-10-17,FLUOROCHEM.NS,3744.5,3718.4,12,-313.2,57.971
2025-10-16,2025-10-17,BLS.NS,324.5,326.8,139,319.7,57.377
2025-10-16,2025-10-17,DEVYANI.NS,167.74,167.58,269,-43.04,56.8627
2025-10-17,2025-10-20,KALYANKJIL.NS,489.85,494.9,92,464.6,63.1579
2025-10-17,2025-10-20,MANKIND.NS,2476.6,2455.1,18,-387.0,58.6207
2025-10-17,2025-10-20,ABDL.NS,551.5,580.9,81,2381.4,57.8947
2025-10-17,2025-10-20,HAVELLS.NS,1491.5,1485.4,30,-183.0,57.2519
2025-10-17,2025-10-20,GPIL.NS,249.6,252.34,181,495.94,55.3846
2025-10-20,2025-10-21,IEX.NS,138.29,139.14,330,280.5,62.6374
2025-10-20,2025-10-21,DELHIVERY.NS,474.9,476.55,96,158.4,59.5238
2025-10-20,2025-10-21,LICHSGFIN.NS,573.05,573.65,79,47.4,59.322
2025-10-20,2025-10-21,POLYCAB.NS,7673.5,7605.0,5,-342.5,59.0909
2025-10-20,2025-10-21,TCS.NS,3015.2,3006.7,15,-127.5,58.7302
2025-10-21,2025-10-23,HSCL.NS,467.85,470.7,97,276.45,60.6838
2025-10-21,2025-10-23,WELCORP.NS,850.2,844.4,53,-307.4,59.2
2025-10-21,2025-10-23,NUVOCO.NS,422.25,422.4,108,16.2,59.1837
2025-10-21,2025-10-23,NATCOPHARM.NS,842.0,834.2,54,-421.2,54.5455
2025-10-21,2025-10-23,SARDAEN.NS,545.45,535.05,83,-863.2,53.5088
2025-10-23,2025-10-24,CREDITACC.NS,1333.9,1422.5,34,3012.4,60.4396
2025-10-23,2025-10-24,MPHASIS.NS,2799.2,2818.9,16,315.2,59.375
2025-10-23,2025-10-24,SUZLON.NS,54.53,53.82,834,-592.14,58.1197
2025-10-23,2025-10-24,NAUKRI.NS,1379.8,1377.8,32,-64.0,55.7252
2025-10-23,2025-10-24,IGL.NS,214.76,211.16,211,-759.6,53.4884
2025-10-24,2025-10-27,KPITTECH.NS,1178.7,1207.0,38,1075.4,63.9535
2025-10-24,2025-10-27,GRAVITA.NS,1679.8,1681.3,27,40.5,57.7586
2025-10-24,2025-10-27,AARTIIND.NS,381.7,380.45,120,-150.0,56.7376
2025-10-24,2025-10-27,GAIL.NS,181.02,180.17,253,-215.05,53.7879
2025-10-24,2025-10-27,INTELLECT.NS,997.95,1044.75,45,2106.0,52.9412
2025-10-27,2025-10-28,FSL.NS,352.65,343.7,131,-1172.45,61.7886
2025-10-27,2025-10-28,PIIND.NS,3610.0,3587.2,12,-273.6,59.2593
2025-10-27,2025-10-28,TATASTEEL.NS,176.66,181.81,262,1349.3,58.8235
2025-10-27,2025-10-28,JINDALSTEL.NS,1034.3,1073.5,44,1724.8,58.4615
2025-10-27,2025-10-28,CEMPRO.NS,829.25,837.35,56,453.6,57.9439
2025-10-28,2025-10-29,GRAPHITE.NS,590.3,630.55,79,3179.75,55.0
2025-10-28,2025-10-29,SYRMA.NS,802.25,816.95,58,852.6,53.4884
2025-10-28,2025-10-29,AWL.NS,268.45,275.55,174,1235.4,51.9231
2025-10-28,2025-10-29,DEEPAKFERT.NS,1519.4,1503.5,30,-477.0,51.5625
2025-10-28,2025-10-29,J&KBANK.NS,108.59,107.55,431,-448.24,51.3514
2025-10-29,2025-10-30,KAYNES.NS,6918.5,6800.0,6,-711.0,67.5
2025-10-29,2025-10-30,ADANIENSOL.NS,967.55,965.65,49,-93.1,61.7886
2025-10-29,2025-10-30,GVT&D.NS,3066.5,3063.6,15,-43.5,60.7843
2025-10-29,2025-10-30,HUDCO.NS,235.68,239.74,202,820.12,57.2727
2025-10-29,2025-10-30,PATANJALI.NS,604.7,609.55,78,378.3,56.4103
2025-10-30,2025-10-31,CREDITACC.NS,1472.0,1423.6,32,-1548.8,59.7826
2025-10-30,2025-10-31,FORCEMOT.NS,17098.0,17654.0,2,1112.0,57.7465
2025-10-30,2025-10-31,GLENMARK.NS,1882.8,1891.2,25,210.0,57.5221
2025-10-30,2025-10-31,ATGL.NS,638.65,631.6,74,-521.7,56.7901
2025-10-30,2025-10-31,CRAFTSMAN.NS,6654.0,6680.0,7,182.0,55.7377
2025-10-31,2025-11-03,CHOICEIN.NS,836.6,830.55,57,-344.85,68.8889
2025-10-31,2025-11-03,FLUOROCHEM.NS,3743.6,3728.3,12,-183.6,57.1429
2025-10-31,2025-11-03,AUROPHARMA.NS,1138.9,1158.6,41,807.7,56.0
2025-10-31,2025-11-03,LATENTVIEW.NS,448.35,474.9,106,2814.3,55.3571
2025-10-31,2025-11-03,NAVINFLUOR.NS,5687.4,5905.5,8,1744.8,52.8455
2025-11-03,2025-11-04,CEMPRO.NS,858.5,862.7,56,235.2,58.3333
2025-11-03,2025-11-04,SUPREMEIND.NS,3929.5,3888.6,12,-490.8,56.4815
2025-11-03,2025-11-04,UNIONBANK.NS,150.88,151.54,322,212.52,55.7377
2025-11-03,2025-11-04,BLUEJET.NS,674.05,606.65,72,-4852.8,55.5556
2025-11-03,2025-11-04,ACUTAAS.NS,1810.4,1834.3,26,621.4,55.3191
2025-11-04,2025-11-06,JYOTICNC.NS,940.2,895.5,50,-2235.0,62.963
2025-11-04,2025-11-06,DELHIVERY.NS,484.85,442.6,98,-4140.5,58.1395
2025-11-04,2025-11-06,BHARTIARTL.NS,2113.3,2094.9,22,-404.8,55.0388
2025-11-04,2025-11-06,APOLLOTYRE.NS,522.35,505.8,91,-1506.05,54.4262
2025-11-04,2025-11-06,CHOLAFIN.NS,1745.9,1683.4,27,-1687.5,53.6585
2025-11-06,2025-11-07,ASIANPAINT.NS,2602.9,2613.8,17,185.3,51.6393
2025-11-06,2025-11-07,PAYTM.NS,1320.6,1346.5,34,880.6,50.0
2025-11-06,2025-11-07,REDINGTON.NS,289.95,292.0,157,321.85,49.0909
2025-11-06,2025-11-07,BRITANNIA.NS,6013.5,6157.5,7,1008.0,46.3636
2025-11-06,2025-11-07,BAJAJHLDNG.NS,13139.0,12580.0,3,-1677.0,43.5606
2025-11-07,2025-11-10,EMCURE.NS,1362.4,1426.6,33,2118.6,68.75
2025-11-07,2025-11-10,JINDALSTEL.NS,1069.9,1071.4,42,63.0,58.7786
2025-11-07,2025-11-10,LICI.NS,462.08,449.85,99,-1210.28,54.3478
2025-11-07,2025-11-10,HDFCLIFE.NS,749.25,750.7,61,88.45,53.8462
2025-11-07,2025-11-10,SCI.NS,266.45,253.0,172,-2313.4,52.381
2025-11-10,2025-11-11,KAYNES.NS,6482.0,6455.5,7,-185.5,65.8537
2025-11-10,2025-11-11,KPITTECH.NS,1192.9,1212.5,38,744.8,64.3678
2025-11-10,2025-11-11,CREDITACC.NS,1407.8,1369.2,32,-1235.2,59.1398
2025-11-10,2025-11-11,HUDCO.NS,233.79,230.7,195,-602.55,56.7568
2025-11-10,2025-11-11,HAL.NS,4789.8,4862.6,9,655.2,55.6701
2025-11-11,2025-11-12,ADANIENSOL.NS,989.3,1001.9,46,579.6,62.0968
2025-11-11,2025-11-12,CYIENT.NS,1158.5,1167.0,39,331.5,59.8214
2025-11-11,2025-11-12,BAJAJ-AUTO.NS,8895.0,8868.0,5,-135.0,59.7865
2025-11-11,2025-11-12,TCS.NS,3047.0,3131.8,14,1187.2,59.0551
2025-11-11,2025-11-12,AUROPHARMA.NS,1168.2,1183.6,39,600.6,56.1097
2025-11-12,2025-11-13,TEJASNET.NS,549.15,525.6,83,-1954.65,62.8571
2025-11-12,2025-11-13,FSL.NS,366.35,364.5,125,-231.25,61.2903
2025-11-12,2025-11-13,ADANIENT.NS,2408.69,2412.27,19,68.16,60.3448
2025-11-12,2025-11-13,DIXON.NS,15307.0,15323.0,3,48.0,60.1942
2025-11-12,2025-11-13,RELIANCE.NS,1511.5,1510.9,30,-18.0,60.1449
2025-11-13,2025-11-14,POLYCAB.NS,7721.0,7632.0,5,-445.0,58.427
2025-11-13,2025-11-14,GLENMARK.NS,1880.6,1895.6,24,360.0,57.8947
2025-11-13,2025-11-14,PGEL.NS,559.45,578.1,81,1510.65,56.1983
2025-11-13,2025-11-14,GAIL.NS,183.67,183.41,248,-64.48,53.3835
2025-11-13,2025-11-14,IGL.NS,215.02,212.66,212,-500.32,53.0769
2025-11-14,2025-11-17,ABDL.NS,649.9,670.35,70,1431.5,60.0
2025-11-14,2025-11-17,GPIL.NS,276.7,276.1,165,-99.0,54.9618
2025-11-14,2025-11-17,MGL.NS,1253.3,1233.2,36,-723.6,54.918
2025-11-14,2025-11-17,HBLENGINE.NS,1041.3,1038.4,44,-127.6,52.5
2025-11-14,2025-11-17,BAJAJFINSV.NS,2065.8,2079.6,22,303.6,51.7123
2025-11-17,2025-11-18,HDFCBANK.NS,996.55,992.45,46,-188.6,61.9403
2025-11-17,2025-11-18,JSL.NS,749.2,751.0,61,109.8,57.7236
2025-11-17,2025-11-18,DEVYANI.NS,142.57,148.08,322,1774.22,57.6923
2025-11-17,2025-11-18,HUDCO.NS,239.14,243.93,192,919.68,57.1429
2025-11-17,2025-11-18,HAVELLS.NS,1480.4,1468.0,31,-384.4,56.8182
2025-11-18,2025-11-19,ANURAS.NS,1106.8,1117.9,41,455.1,60.0
2025-11-18,2025-11-19,HAL.NS,4807.9,4744.2,9,-573.3,55.102
2025-11-18,2025-11-19,GRAPHITE.NS,596.4,568.55,77,-2144.45,54.5455
2025-11-18,2025-11-19,LALPATHLAB.NS,1591.3,1604.05,29,369.75,53.0973
2025-11-18,2025-11-19,M&MFIN.NS,322.9,329.85,143,993.85,50.7576
2025-11-19,2025-11-20,CHOICEIN.NS,799.75,795.0,57,-270.75,67.3913
2025-11-19,2025-11-20,360ONE.NS,1119.2,1142.1,41,938.9,56.0606
2025-11-19,2025-11-20,NAUKRI.NS,1362.2,1365.4,33,105.6,55.6391
2025-11-19,2025-11-20,JPPOWER.NS,20.27,21.64,2282,3126.34,53.6
2025-11-19,2025-11-20,LATENTVIEW.NS,494.25,493.05,93,-111.6,53.4483
2025-11-20,2025-11-21,KALYANKJIL.NS,504.1,496.45,93,-711.45,62.069
2025-11-20,2025-11-21,IEX.NS,143.13,141.12,328,-659.28,61.9565
2025-11-20,2025-11-21,MEDANTA.NS,1213.1,1226.9,38,524.4,59.4595
2025-11-20,2025-11-21,CUMMINSIND.NS,4375.7,4333.8,10,-419.0,54.0984
2025-11-20,2025-11-21,GLAND.NS,1817.3,1809.7,25,-190.0,53.5714
2025-11-21,2025-11-24,MPHASIS.NS,2747.1,2765.3,17,309.4,59.2308
2025-11-21,2025-11-24,RAMCOCEM.NS,1010.5,1011.0,46,23.0,53.7037
2025-11-21,2025-11-24,SPLPETRO.NS,656.9,670.6,71,972.7,52.8302
2025-11-21,2025-11-24,INDIGO.NS,5843.5,5805.5,7,-266.0,50.8197
2025-11-21,2025-11-24,TECHM.NS,1461.5,1494.7,31,1029.2,50.7353
2025-11-24,2025-11-25,CREDITACC.NS,1392.3,1389.2,33,-102.3,58.5106
2025-11-24,2025-11-25,CLEAN.NS,954.4,926.1,49,-1386.7,58.4906
2025-11-24,2025-11-25,GRAVITA.NS,1831.9,1816.1,25,-395.0,57.265
2025-11-24,2025-11-25,ACUTAAS.NS,1872.2,1784.1,25,-2202.5,54.1667
2025-11-24,2025-11-25,ESCORTS.NS,3670.2,3637.6,12,-391.2,54.0323
2025-11-25,2025-11-26,EMCURE.NS,1421.5,1397.2,32,-777.6,64.7059
2025-11-25,2025-11-26,CRAFTSMAN.NS,7021.0,7101.0,6,480.0,56.4516
2025-11-25,2025-11-26,GODREJCP.NS,1144.5,1154.2,40,388.0,52.8455
2025-11-25,2025-11-26,IIFL.NS,557.4,570.75,82,1094.7,51.5625
2025-11-25,2025-11-26,BAYERCROP.NS,4607.5,4587.5,10,-200.0,50.5882
2025-11-26,2025-11-27,CHOICEIN.NS,811.05,813.3,57,128.25,68.0851
2025-11-26,2025-11-27,KALYANKJIL.NS,497.55,493.9,93,-339.45,61.0169
2025-11-26,2025-11-27,TATAPOWER.NS,391.5,392.05,118,64.9,60.5042
2025-11-26,2025-11-27,HSCL.NS,446.45,445.15,104,-135.2,60.1695
2025-11-26,2025-11-27,LICHSGFIN.NS,555.8,550.25,83,-460.65,58.8235
2025-11-27,2025-11-28,ANGELONE.NS,276.42,270.38,167,-1008.68,67.1233
2025-11-27,2025-11-28,KPITTECH.NS,1218.9,1222.4,37,129.5,64.7727
2025-11-27,2025-11-28,TEJASNET.NS,503.8,494.2,91,-873.6,62.2642
2025-11-27,2025-11-28,DELHIVERY.NS,425.25,426.2,108,102.6,59.0909
2025-11-27,2025-11-28,CEMPRO.NS,809.3,839.85,57,1741.35,58.7156
2025-11-28,2025-12-01,FORCEMOT.NS,17818.0,18231.0,2,826.0,58.3333
2025-11-28,2025-12-01,POONAWALLA.NS,480.3,484.75,96,427.2,58.2609
2025-11-28,2025-12-01,BLS.NS,329.75,332.25,140,350.0,57.2581
2025-11-28,2025-12-01,BANKBARODA.NS,289.8,295.55,159,914.25,53.8961
2025-11-28,2025-12-01,EXIDEIND.NS,374.8,380.15,123,658.05,53.3898
2025-12-01,2025-12-02,ANANDRATHI.NS,1462.45,1462.4,32,-1.6,64.1026
2025-12-01,2025-12-02,IEX.NS,146.7,148.54,320,588.8,62.3656
2025-12-01,2025-12-02,ADANIENSOL.NS,999.1,976.95,46,-1018.9,61.6
2025-12-01,2025-12-02,CYIENT.NS,1163.3,1178.8,40,620.0,60.177
2025-12-01,2025-12-02,JINDALSTEL.NS,1048.0,1028.8,44,-844.8,58.3333
2025-12-02,2025-12-03,JSWDULUX.NS,3482.8,3529.6,13,608.4,53.4653
2025-12-02,2025-12-03,MAPMYINDIA.NS,1734.8,1717.2,26,-457.6,53.3333
2025-12-02,2025-12-03,BALKRISIND.NS,2445.6,2408.6,19,-703.0,50.6787
2025-12-02,2025-12-03,UBL.NS,1721.0,1701.2,27,-534.6,47.8261
2025-12-02,2025-12-03,BSOFT.NS,404.95,422.75,115,2047.0,46.7213
2025-12-03,2025-12-04,HSCL.NS,449.55,462.35,104,1331.2,60.5042
2025-12-03,2025-12-04,APOLLOTYRE.NS,535.2,530.6,87,-400.2,54.3974
2025-12-03,2025-12-04,APLAPOLLO.NS,1752.1,1772.9,26,540.8,53.5484
2025-12-03,2025-12-04,KEC.NS,720.35,713.6,65,-438.75,52.7559
2025-12-03,2025-12-04,INFY.NS,1578.7,1597.6,29,548.1,51.145
2025-12-04,2025-12-05,DEVYANI.NS,138.92,136.75,340,-737.8,56.6038
2025-12-04,2025-12-05,SBILIFE.NS,2002.9,2023.7,23,478.4,55.4455
2025-12-04,2025-12-05,GILLETTE.NS,8535.0,8345.0,5,-950.0,52.0408
2025-12-04,2025-12-05,SONATSOFTW.NS,365.55,361.2,129,-561.15,51.7241
2025-12-04,2025-12-05,CAPLIPOINT.NS,1976.1,1963.4,23,-292.1,50.4132
2025-12-05,2025-12-08,DEEPAKNTR.NS,1569.0,1544.6,29,-707.6,55.9633
2025-12-05,2025-12-08,SBICARD.NS,885.15,870.1,53,-797.65,55.7143
2025-12-05,2025-12-08,INDUSTOWER.NS,415.7,403.0,112,-1422.4,53.6585
2025-12-05,2025-12-08,CHOLAFIN.NS,1730.4,1724.4,27,-162.0,53.1746
2025-12-05,2025-12-08,HDFCLIFE.NS,768.3,764.05,61,-259.25,52.8302
2025-12-08,2025-12-09,LATENTVIEW.NS,497.35,502.1,92,437.0,54.2373
2025-12-09,2025-12-10,GVT&D.NS,2912.5,2906.8,15,-85.5,60.1942
2025-12-09,2025-12-10,DELHIVERY.NS,415.3,404.65,111,-1182.15,57.7778
2025-12-09,2025-12-10,JSL.NS,773.95,784.8,59,640.15,57.6
2025-12-09,2025-12-10,FLUOROCHEM.NS,3485.4,3537.1,13,672.1,56.9444
2025-12-09,2025-12-10,CGPOWER.NS,667.8,665.45,69,-162.15,55.7252
2025-12-10,2025-12-11,ARE&M.NS,945.15,931.25,48,-667.2,55.5932
2025-12-10,2025-12-11,ABB.NS,5152.0,5242.5,8,724.0,54.4444
2025-12-10,2025-12-11,RAMCOCEM.NS,1020.8,1028.0,45,324.0,54.1284
2025-12-10,2025-12-11,NAVINFLUOR.NS,5950.0,6043.0,7,651.0,53.2258
2025-12-10,2025-12-11,HINDZINC.NS,512.65,522.65,90,900.0,53.125
2025-12-11,2025-12-12,AFFLE.NS,1664.8,1685.8,28,588.0,62.6506
2025-12-11,2025-12-12,ADANIENSOL.NS,999.6,1011.3,46,538.2,61.9048
2025-12-11,2025-12-12,JYOTICNC.NS,960.4,957.7,48,-129.6,60.7143
2025-12-11,2025-12-12,ADANIENT.NS,2277.7,2282.4,20,94.0,60.6838
2025-12-11,2025-12-12,TATASTEEL.NS,166.38,171.89,280,1542.8,59.1241
2025-12-12,2025-12-15,CHOICEIN.NS,747.7,772.2,63,1543.5,68.75
2025-12-12,2025-12-15,ANGELONE.NS,259.53,258.25,181,-231.68,66.2162
2025-12-12,2025-12-15,ANANDRATHI.NS,1469.5,1490.65,32,676.8,65.0
2025-12-12,2025-12-15,KPITTECH.NS,1237.9,1207.4,38,-1159.0,64.0449
2025-12-12,2025-12-15,DIXON.NS,13379.0,13737.0,3,1074.0,60.5769
2025-12-15,2025-12-16,HSCL.NS,476.85,470.1,99,-668.25,60.0
2025-12-15,2025-12-16,TCS.NS,3230.2,3205.1,14,-351.4,58.5938
2025-12-15,2025-12-16,NUVOCO.NS,360.25,358.5,132,-231.0,58.0
2025-12-15,2025-12-16,CANBK.NS,148.29,147.17,321,-359.52,56.9231
2025-12-15,2025-12-16,IOC.NS,168.55,167.74,282,-228.42,56.4885
2025-12-16,2025-12-17,SUPREMEIND.NS,3405.8,3345.2,13,-787.8,55.9633
2025-12-16,2025-12-17,BHARTIARTL.NS,2102.0,2108.0,22,132.0,55.7252
2025-12-16,2025-12-17,INOXWIND.NS,126.92,126.04,372,-327.36,54.4643
2025-12-16,2025-12-17,LTFOODS.NS,401.35,396.45,117,-573.3,50.7692
2025-12-16,2025-12-17,TTML.NS,51.36,50.63,919,-670.87,48.7395
2025-12-17,2025-12-18,RPOWER.NS,35.69,37.78,1311,2739.99,54.6218
2025-12-17,2025-12-18,APLAPOLLO.NS,1764.5,1795.7,26,811.2,53.8462
2025-12-17,2025-12-18,PFIZER.NS,5058.5,5100.7,9,379.8,53.5714
2025-12-17,2025-12-18,IGL.NS,192.74,196.03,242,796.18,53.4351
2025-12-17,2025-12-18,AUBANK.NS,990.3,987.65,47,-124.55,51.4563
2025-12-18,2025-12-19,PATANJALI.NS,550.3,559.4,86,782.6,57.1429
2025-12-18,2025-12-19,HBLENGINE.NS,818.85,845.45,58,1542.8,52.8926
2025-12-18,2025-12-19,HDFCAMC.NS,2722.9,2672.2,17,-861.9,52.381
2025-12-18,2025-12-19,INFY.NS,1626.8,1638.7,29,345.1,51.5152
2025-12-18,2025-12-19,TECHM.NS,1605.6,1612.5,29,200.1,51.0949
2025-12-19,2025-12-22,KPITTECH.NS,1224.6,1229.3,39,183.3,64.4444
2025-12-19,2025-12-22,KALYANKJIL.NS,484.85,485.3,99,44.55,61.6667
2025-12-19,2025-12-22,MANKIND.NS,2172.1,2186.3,22,312.4,60.0
2025-12-19,2025-12-22,BAJAJ-AUTO.NS,9002.0,9164.0,5,810.0,59.9291
2025-12-19,2025-12-22,POLYCAB.NS,7439.0,7603.0,6,984.0,59.3407
2025-12-22,2025-12-23,LODHA.NS,1095.5,1082.8,44,-558.8,68.254
2025-12-22,2025-12-23,ANGELONE.NS,258.16,255.71,188,-460.6,65.3333
2025-12-22,2025-12-23,JYOTICNC.NS,961.6,965.8,50,210.0,62.069
2025-12-22,2025-12-23,ADANIENSOL.NS,1007.9,994.6,48,-638.4,61.4173
2025-12-22,2025-12-23,FSL.NS,356.25,355.3,136,-129.2,60.8
2025-12-23,2025-12-24,HDFCBANK.NS,996.6,997.2,48,28.8,62.2222
2025-12-23,2025-12-24,SHYAMMETL.NS,826.25,823.75,58,-145.0,60.7143
2025-12-23,2025-12-24,TATAPOWER.NS,382.2,379.7,126,-315.0,59.5041
2025-12-23,2025-12-24,MPHASIS.NS,2938.4,2891.9,16,-744.0,58.7786
2025-12-23,2025-12-24,WELCORP.NS,813.05,810.85,59,-129.8,58.7302
2025-12-24,2025-12-26,LICHSGFIN.NS,539.45,539.45,88,0.0,58.3333
2025-12-24,2025-12-26,RPOWER.NS,38.16,36.54,1258,-2037.96,54.1667
2025-12-24,2025-12-26,GILLETTE.NS,8288.5,8467.0,5,892.5,52.5253
2025-12-24,2025-12-26,AMBUJACEM.NS,548.1,554.65,87,569.85,52.1311
2025-12-24,2025-12-26,HEG.NS,550.55,559.8,87,804.75,50.0
2025-12-26,2025-12-29,EMCURE.NS,1428.0,1404.0,33,-792.0,61.1111
2025-12-26,2025-12-29,UBL.NS,1623.9,1620.1,29,-110.2,47.4138
2025-12-26,2025-12-29,NTPC.NS,324.1,325.5,148,207.2,46.3415
2025-12-26,2025-12-29,ASTERDM.NS,617.95,611.0,77,-535.15,46.0674
2025-12-26,2025-12-29,TORNTPOWER.NS,1299.2,1284.3,36,-536.4,43.6975
2025-12-29,2025-12-30,TATASTEEL.NS,172.3,175.8,276,966.0,59.4203
2025-12-29,2025-12-30,MSUMI.NS,46.82,48.82,1018,2036.0,52.1739
2025-12-29,2025-12-30,EMAMILTD.NS,532.2,528.15,89,-360.45,50.0
2025-12-29,2025-12-30,MAHABANK.NS,57.77,60.51,825,2260.5,48.3333
2025-12-29,2025-12-30,ABSLAMC.NS,792.85,828.75,60,2154.0,47.7273
2025-12-30,2025-12-31,JINDALSTEL.NS,1021.3,1053.8,48,1560.0,58.9552
2025-12-30,2025-12-31,FEDERALBNK.NS,267.6,267.1,183,-91.5,54.4715
2025-12-30,2025-12-31,RBLBANK.NS,309.7,315.8,158,963.8,53.0303
2025-12-30,2025-12-31,NAVINFLUOR.NS,6136.5,5920.0,8,-1732.0,52.381
2025-12-30,2025-12-31,M&M.NS,3660.3,3709.2,13,635.7,52.381
2025-12-31,2026-01-01,RELIANCE.NS,1570.4,1575.6,31,161.2,60.0
2025-12-31,2026-01-01,ABDL.NS,613.55,601.15,80,-992.0,57.1429
2025-12-31,2026-01-01,SUPREMEIND.NS,3353.8,3484.4,14,1828.4,56.3636
2025-12-31,2026-01-01,IOC.NS,166.46,165.88,296,-171.68,56.0606
2025-12-31,2026-01-01,SBILIFE.NS,2034.9,2040.4,24,132.0,55.8824
2026-01-01,2026-01-02,ADANIENT.NS,2260.0,2279.8,21,415.8,61.0169
2026-01-01,2026-01-02,TATAPOWER.NS,381.85,393.1,129,1451.25,59.8361
2026-01-01,2026-01-02,MEDANTA.NS,1191.9,1217.1,41,1033.2,58.9744
2026-01-01,2026-01-02,PATANJALI.NS,552.55,557.0,89,396.05,57.5
2026-01-01,2026-01-02,ATGL.NS,594.1,587.6,83,-539.5,56.0976
2026-01-02,2026-01-05,LODHA.NS,1085.7,1120.0,46,1577.8,68.75
2026-01-02,2026-01-05,EMCURE.NS,1430.9,1489.5,35,2051.0,63.1579
2026-01-02,2026-01-05,GLENMARK.NS,2064.5,2039.2,24,-607.2,58.1197
2026-01-02,2026-01-05,SUZLON.NS,54.28,53.67,923,-563.03,57.9832
2026-01-02,2026-01-05,IREDA.NS,146.64,144.57,341,-705.87,57.6923
2026-01-05,2026-01-06,CYIENT.NS,1154.2,1141.3,43,-554.7,59.1304
2026-01-05,2026-01-06,CREDITACC.NS,1331.3,1327.5,37,-140.6,58.3333
2026-01-05,2026-01-06,HAL.NS,4526.1,4516.0,11,-111.1,55.0
2026-01-05,2026-01-06,DATAPATTNS.NS,2731.3,2678.6,18,-948.6,53.8462
2026-01-05,2026-01-06,HDFCLIFE.NS,759.3,777.85,66,1224.3,53.271
2026-01-06,2026-01-07,IEX.NS,148.67,154.78,338,2065.18,62.766
2026-01-06,2026-01-07,MANKIND.NS,2240.8,2311.8,22,1562.0,61.2903
2026-01-06,2026-01-07,PIIND.NS,3275.5,3283.8,15,124.5,59.0909
2026-01-06,2026-01-07,ABB.NS,5224.5,5299.0,9,670.5,54.6125
2026-01-06,2026-01-07,NATCOPHARM.NS,925.9,946.1,54,1090.8,54.4
2026-01-07,2026-01-08,ANGELONE.NS,247.06,241.26,208,-1206.4,64.4737
2026-01-07,2026-01-08,KPITTECH.NS,1208.5,1180.3,42,-1184.4,63.7363
2026-01-07,2026-01-08,DMART.NS,3841.6,3789.8,13,-673.4,63.1068
2026-01-07,2026-01-08,MPHASIS.NS,2874.8,2817.2,17,-979.2,58.3333
2026-01-07,2026-01-08,TCS.NS,3295.6,3203.9,15,-1375.5,58.1395
2026-01-08,2026-01-09,TRIDENT.NS,27.11,26.19,1858,-1709.36,51.5625
2026-01-08,2026-01-09,ZENSARTECH.NS,718.45,709.4,70,-633.5,49.1803
2026-01-08,2026-01-09,IDFCFIRSTB.NS,86.07,86.0,585,-40.95,48.8
2026-01-12,2026-01-13,TATASTEEL.NS,183.24,182.57,272,-182.24,58.9928
2026-01-12,2026-01-13,COALINDIA.NS,432.3,428.9,115,-391.0,53.4884
2026-01-12,2026-01-13,SBIN.NS,1015.15,1028.45,49,651.7,53.2258
2026-01-12,2026-01-13,HINDZINC.NS,628.25,629.85,79,126.4,53.0769
2026-01-12,2026-01-13,VEDL.NS,627.35,637.2,79,778.15,51.0638
2026-01-13,2026-01-14,ANGELONE.NS,243.93,252.54,205,1765.05,64.9351
2026-01-13,2026-01-14,FSL.NS,322.05,320.0,155,-317.75,60.3175
2026-01-13,2026-01-14,ANURAS.NS,1337.7,1321.3,37,-606.8,58.6957
2026-01-13,2026-01-14,FORCEMOT.NS,20095.0,20495.0,2,800.0,58.1081
2026-01-13,2026-01-14,TCS.NS,3268.0,3192.5,15,-1132.5,57.6923
2026-01-14,2026-01-15,SHYAMMETL.NS,836.75,836.75,59,0.0,59.6491
2026-01-14,2026-01-15,PIIND.NS,3287.6,3287.6,15,0.0,58.5586
2026-01-14,2026-01-15,JINDALSTEL.NS,1040.7,1040.7,48,0.0,58.5185
2026-01-14,2026-01-15,POONAWALLA.NS,471.25,471.25,106,0.0,58.1197
2026-01-14,2026-01-15,LICHSGFIN.NS,535.25,535.25,93,0.0,57.8512
2026-01-16,2026-01-19,CYIENT.NS,1201.0,1183.1,41,-733.9,58.6207
2026-01-16,2026-01-19,HINDPETRO.NS,457.9,453.2,109,-512.3,55.9701
2026-01-16,2026-01-19,360ONE.NS,1197.7,1170.1,41,-1131.6,55.8824
2026-01-16,2026-01-19,IOC.NS,161.32,160.9,311,-130.62,55.6391
2026-01-16,2026-01-19,GRAPHITE.NS,639.55,640.1,78,42.9,55.2846
2026-01-19,2026-01-20,POLYCAB.NS,7418.0,7074.5,6,-2061.0,58.6957
2026-01-19,2026-01-20,WELCORP.NS,787.75,758.6,63,-1836.45,58.2677
2026-01-19,2026-01-20,CGPOWER.NS,590.0,573.75,84,-1365.0,55.303
2026-01-19,2026-01-20,JINDALSAW.NS,179.29,186.8,277,2080.27,55.1471
2026-01-19,2026-01-20,MGL.NS,1098.0,1097.5,45,-22.5,54.8387
2026-01-20,2026-01-21,DEEPAKNTR.NS,1603.4,1590.8,30,-378.0,55.8559
2026-01-20,2026-01-21,BIKAJI.NS,693.4,661.5,70,-2233.0,50.0
2026-01-21,2026-01-22,CREDITACC.NS,1355.2,1449.8,35,3311.0,58.7629
2026-01-21,2026-01-22,INDIAMART.NS,2264.6,2211.4,21,-1117.2,51.6854
2026-01-21,2026-01-22,JKTYRE.NS,510.95,520.2,95,878.75,49.6124
2026-01-21,2026-01-22,GICRE.NS,370.3,378.7,131,1100.4,49.0196
2026-01-21,2026-01-22,MRPL.NS,152.16,154.29,319,679.47,47.4576
2026-01-22,2026-01-23,ADANIENSOL.NS,924.8,812.7,53,-5941.3,60.9375
2026-01-22,2026-01-23,ADANIENT.NS,2086.4,1864.2,23,-5110.6,60.5042
2026-01-22,2026-01-23,BAJAJ-AUTO.NS,9370.0,9413.5,5,217.5,60.0707
2026-01-22,2026-01-23,TATASTEEL.NS,189.1,187.61,261,-388.89,58.5714
2026-01-22,2026-01-23,GLENMARK.NS,1997.2,1967.7,24,-708.0,57.6271
2026-01-23,2026-01-27,GVT&D.NS,2712.7,2730.9,17,309.4,60.9524
2026-01-23,2026-01-27,BANDHANBNK.NS,149.33,149.02,315,-97.65,58.3333
2026-01-23,2026-01-27,AARTIIND.NS,352.8,350.15,133,-352.45,56.1404
2026-01-23,2026-01-27,NATIONALUM.NS,370.65,384.6,127,1771.65,54.1353
2026-01-23,2026-01-27,HINDZINC.NS,698.7,727.2,67,1909.5,53.4351
2026-01-27,2026-01-28,DELHIVERY.NS,400.35,407.75,119,880.6,58.6957
2026-01-27,2026-01-28,JSL.NS,810.05,809.0,59,-61.95,56.6929
2026-01-27,2026-01-28,SBILIFE.NS,2038.2,2053.2,23,345.0,56.3107
2026-01-27,2026-01-28,ECLERX.NS,2204.85,2211.35,21,136.5,55.8333
2026-01-27,2026-01-28,ZYDUSLIFE.NS,893.35,896.9,53,188.15,54.7009
2026-01-28,2026-01-29,LODHA.NS,929.1,951.4,51,1137.3,69.2308
2026-01-28,2026-01-29,ANGELONE.NS,261.51,258.84,184,-491.28,64.1026
2026-01-28,2026-01-29,HDFCBANK.NS,932.7,935.5,51,142.8,62.5
2026-01-28,2026-01-29,TEJASNET.NS,339.05,325.8,141,-1868.25,61.6822
2026-01-28,2026-01-29,ADANIENSOL.NS,882.0,914.1,54,1733.4,61.2403
2026-01-29,2026-01-30,CHOICEIN.NS,781.15,765.55,61,-951.6,67.3469
2026-01-29,2026-01-30,ANANDRATHI.NS,1464.2,1442.7,32,-688.0,63.4146
2026-01-29,2026-01-30,ADANIENT.NS,2019.2,2020.4,23,27.6,60.8333
2026-01-29,2026-01-30,LICHSGFIN.NS,522.65,526.3,92,335.8,58.1967
2026-01-29,2026-01-30,POLYCAB.NS,7017.5,7013.5,6,-24.0,58.0645
2026-01-30,2026-02-02,CYIENT.NS,1138.1,1129.6,42,-357.0,58.1197
2026-01-30,2026-02-02,INDGN.NS,482.4,490.75,99,826.65,57.1429
2026-01-30,2026-02-02,AUROPHARMA.NS,1207.7,1171.0,39,-1431.3,55.8025
2026-01-30,2026-02-02,DEEPAKNTR.NS,1642.5,1619.6,29,-664.1,55.3571
2026-01-30,2026-02-02,SPLPETRO.NS,570.0,583.6,84,1142.4,52.7778
2026-02-02,2026-02-03,AFFLE.NS,1594.9,1646.1,30,1536.0,63.0952
2026-02-02,2026-02-03,WELCORP.NS,755.0,809.25,63,3417.75,58.5938
2026-02-02,2026-02-03,MEDANTA.NS,1140.2,1113.2,42,-1134.0,57.5
2026-02-02,2026-02-03,LATENTVIEW.NS,457.2,471.05,104,1440.4,55.0
2026-02-02,2026-02-03,ESCORTS.NS,3501.3,3600.8,13,1293.5,53.9683
2026-02-03,2026-02-04,CHOICEIN.NS,782.85,783.55,62,43.4,68.0
2026-02-03,2026-02-04,KAYNES.NS,3550.3,3779.4,13,2978.3,66.6667
2026-02-03,2026-02-04,EMCURE.NS,1506.2,1534.9,32,918.4,65.0
2026-02-03,2026-02-04,ANGELONE.NS,258.78,268.67,190,1879.1,64.557
2026-02-03,2026-02-04,DMART.NS,3776.6,3824.3,13,620.1,63.4615
2026-02-04,2026-02-05,IEX.NS,127.69,124.85,395,-1121.8,62.1053
2026-02-04,2026-02-05,DEVYANI.NS,123.26,132.19,409,3652.37,58.1818
2026-02-04,2026-02-05,CREDITACC.NS,1334.9,1290.9,37,-1628.0,58.1633
2026-02-04,2026-02-05,LICHSGFIN.NS,515.7,515.5,97,-19.4,57.7236
2026-02-04,2026-02-05,BLS.NS,289.35,300.1,174,1870.5,57.4803
2026-02-05,2026-02-06,GLENMARK.NS,1969.3,1934.8,25,-862.5,57.1429
2026-02-05,2026-02-06,CANBK.NS,148.29,147.31,344,-337.12,55.6391
2026-02-05,2026-02-06,PNB.NS,124.1,122.85,411,-513.75,51.1278
2026-02-05,2026-02-06,EMAMILTD.NS,503.3,504.35,101,106.05,50.8772
2026-02-05,2026-02-06,ABREL.NS,1303.5,1351.9,39,1887.6,50.6266
2026-02-06,2026-02-09,KOTAKBANK.NS,422.35,428.8,121,780.45,55.7252
2026-02-06,2026-02-09,POWERINDIA.NS,21871.0,22511.0,2,1280.0,55.1282
2026-02-06,2026-02-09,GODREJCP.NS,1181.8,1197.7,43,683.7,53.6
2026-02-06,2026-02-09,LTTS.NS,3855.8,3901.0,13,587.6,52.0661
2026-02-06,2026-02-09,AUBANK.NS,991.05,1005.3,51,726.75,51.4286
2026-02-09,2026-02-10,DEEPAKNTR.NS,1678.0,1709.7,30,951.0,55.7522
2026-02-09,2026-02-10,RAINBOW.NS,1148.6,1206.8,45,2619.0,55.102
2026-02-09,2026-02-10,BLUEJET.NS,440.25,442.5,117,263.25,54.8387
2026-02-09,2026-02-10,EIDPARRY.NS,929.45,932.25,55,154.0,54.2373
2026-02-09,2026-02-10,ZYDUSLIFE.NS,923.45,887.3,56,-2024.4,54.2373
2026-02-10,2026-02-11,NAUKRI.NS,1194.3,1171.7,43,-971.8,54.7445
2026-02-10,2026-02-11,NATCOPHARM.NS,846.95,850.8,61,234.85,54.3307
2026-02-10,2026-02-11,360ONE.NS,1162.4,1138.4,45,-1080.0,54.2857
2026-02-10,2026-02-11,VEDL.NS,690.15,701.15,75,825.0,51.049
2026-02-10,2026-02-11,IRCON.NS,159.67,156.43,327,-1059.48,50.9091
2026-02-11,2026-02-12,FEDERALBNK.NS,290.5,287.1,178,-605.2,54.4
2026-02-11,2026-02-12,STARHEALTH.NS,480.4,480.6,108,21.6,51.1628
2026-02-11,2026-02-12,LAURUSLABS.NS,1013.65,1018.6,51,252.45,50.4348
2026-02-11,2026-02-12,DIVISLAB.NS,6386.5,6185.0,8,-1612.0,49.2308
2026-02-11,2026-02-12,BOSCHLTD.NS,36570.0,36495.0,1,-75.0,49.1667
2026-02-12,2026-02-13,ZYDUSLIFE.NS,920.95,904.7,55,-893.75,53.7815
2026-02-12,2026-02-13,NAM-INDIA.NS,965.45,912.4,53,-2811.65,51.9608
2026-02-12,2026-02-13,BEL.NS,443.9,435.55,116,-968.6,47.1186
2026-02-12,2026-02-13,IPCALAB.NS,1472.9,1485.4,34,425.0,42.4779
2026-02-13,2026-02-16,HAL.NS,4212.4,4226.1,12,164.4,54.3689
2026-02-13,2026-02-16,VTL.NS,510.55,508.3,99,-222.75,50.8772
2026-02-13,2026-02-16,ABFRL.NS,73.8,72.48,686,-905.52,50.0
2026-02-13,2026-02-16,LINDEINDIA.NS,6900.0,6768.0,7,-924.0,45.1327
2026-02-16,2026-02-17,HSCL.NS,470.9,466.5,106,-466.4,59.0164
2026-02-16,2026-02-17,AUROPHARMA.NS,1184.6,1186.7,42,88.2,55.9113
2026-02-16,2026-02-17,NATCOPHARM.NS,881.45,884.7,57,185.25,54.6875
2026-02-16,2026-02-17,SIEMENS.NS,3215.6,3186.4,15,-438.0,53.8462
2026-02-16,2026-02-17,RHIM.NS,462.25,473.0,108,1161.0,51.8182
2026-02-17,2026-02-18,ADANIENSOL.NS,1030.2,1035.7,48,264.0,61.5385
2026-02-17,2026-02-18,ADANIENT.NS,2242.9,2211.2,22,-697.4,60.3306
2026-02-17,2026-02-18,DELHIVERY.NS,434.85,432.2,115,-304.75,57.4468
2026-02-17,2026-02-18,CANBK.NS,149.11,151.94,337,953.71,55.9701
2026-02-17,2026-02-18,INDGN.NS,497.0,496.65,101,-35.35,55.1724
2026-02-18,2026-02-19,CHOICEIN.NS,795.4,797.75,63,148.05,68.6275
2026-02-18,2026-02-19,POONAWALLA.NS,490.4,474.8,102,-1591.2,57.9832
2026-02-18,2026-02-19,POLYCAB.NS,7830.0,7778.0,6,-312.0,57.4468
2026-02-18,2026-02-19,LICHSGFIN.NS,522.15,520.05,96,-201.6,57.2581
2026-02-18,2026-02-19,HDFCLIFE.NS,729.6,733.15,69,244.95,53.211
2026-02-19,2026-02-20,ANURAS.NS,1337.8,1285.0,37,-1953.6,58.3333
2026-02-19,2026-02-20,CRAFTSMAN.NS,8050.5,8038.0,6,-75.0,53.7313
2026-02-19,2026-02-20,GODREJIND.NS,1026.1,1034.35,48,396.0,53.4483
2026-02-19,2026-02-20,ONGC.NS,274.65,278.65,182,728.0,52.5547
2026-02-19,2026-02-20,SAMMAANCAP.NS,151.39,154.04,330,874.5,50.7692
2026-02-20,2026-02-23,MCX.NS,2395.9,2396.2,20,6.0,53.6
2026-02-20,2026-02-23,NAVINFLUOR.NS,6526.0,6649.5,7,864.5,53.4884
2026-02-20,2026-02-23,ICICIPRULI.NS,651.3,664.15,76,976.6,51.7241
2026-02-20,2026-02-23,KPIL.NS,1135.6,1187.0,44,2261.6,51.2605
2026-02-20,2026-02-23,HINDALCO.NS,935.7,916.2,53,-1033.5,51.1111
2026-02-23,2026-02-24,FLUOROCHEM.NS,3497.8,3538.6,14,571.2,58.1081
2026-02-23,2026-02-24,PIIND.NS,3119.5,3107.2,16,-196.8,57.0175
2026-02-23,2026-02-24,JSL.NS,795.2,793.65,63,-97.65,56.25
2026-02-23,2026-02-24,BLUEJET.NS,391.4,409.4,129,2322.0,56.25
2026-02-23,2026-02-24,MEDANTA.NS,1166.0,1149.9,43,-692.3,56.0976
2026-02-24,2026-02-25,BLS.NS,286.15,290.2,178,720.9,57.8125
2026-02-24,2026-02-25,IOC.NS,180.19,183.03,283,803.72,56.2963
2026-02-24,2026-02-25,HINDPETRO.NS,447.05,436.7,114,-1179.9,55.1471
2026-02-24,2026-02-25,RAMCOCEM.NS,1147.1,1151.4,44,189.2,54.955
2026-02-24,2026-02-25,ESCORTS.NS,3565.4,3602.8,14,523.6,54.3307
2026-02-25,2026-02-26,IEX.NS,127.72,127.51,401,-84.21,61.4583
2026-02-25,2026-02-26,MANKIND.NS,2155.7,2279.7,23,2852.0,60.6061
2026-02-25,2026-02-26,SHYAMMETL.NS,861.6,856.35,59,-309.75,59.322
2026-02-25,2026-02-26,FORCEMOT.NS,25262.0,25457.0,2,390.0,59.2105
2026-02-25,2026-02-26,INDGN.NS,493.25,500.3,103,726.15,56.6667
2026-02-26,2026-02-27,TEJASNET.NS,371.05,435.85,140,9072.0,62.037
2026-02-26,2026-02-27,WELCORP.NS,824.9,825.25,63,22.05,58.9147
2026-02-26,2026-02-27,CREDITACC.NS,1338.8,1265.2,38,-2796.8,57.5758
2026-02-26,2026-02-27,OFSS.NS,6856.5,6932.0,7,528.5,55.2
2026-02-26,2026-02-27,BHEL.NS,264.85,264.95,196,19.6,54.8872
2026-02-27,2026-03-02,JPPOWER.NS,15.25,14.47,3499,-2729.22,52.7132
2026-02-27,2026-03-02,LTTS.NS,3512.4,3443.2,15,-1038.0,51.6393
2026-02-27,2026-03-02,REDINGTON.NS,280.45,262.85,190,-3344.0,50.0
2026-02-27,2026-03-02,SIGNATURE.NS,989.8,960.7,53,-1542.3,50.0
2026-02-27,2026-03-02,ZENTEC.NS,1359.9,1345.4,39,-565.5,47.2
2026-03-02,2026-03-04,ABBOTINDIA.NS,26805.0,27825.0,1,1020.0,49.2147
2026-03-02,2026-03-04,CEATLTD.NS,3459.6,3281.7,14,-2490.6,47.8992
2026-03-02,2026-03-04,DRREDDY.NS,1294.4,1291.2,39,-124.8,45.614
2026-03-02,2026-03-04,POLYMED.NS,1314.0,1398.4,39,3291.6,44.6602
2026-03-04,2026-03-05,EMCURE.NS,1466.9,1453.4,35,-472.5,61.9048
2026-03-04,2026-03-05,PFOCUS.NS,278.8,278.85,186,9.3,50.0
2026-03-04,2026-03-05,UBL.NS,1629.8,1650.1,31,629.3,47.4576
2026-03-05,2026-03-06,RELIANCE.NS,1389.4,1404.8,37,569.8,60.5634
2026-03-05,2026-03-06,FSL.NS,223.11,219.5,232,-837.52,59.8425
2026-03-05,2026-03-06,TATAPOWER.NS,376.85,375.5,137,-184.95,59.6774
2026-03-05,2026-03-06,WELCORP.NS,822.0,809.05,63,-815.85,58.4615
2026-03-05,2026-03-06,BANDHANBNK.NS,185.03,183.03,280,-560.0,58.1818
2026-03-06,2026-03-09,DMART.NS,3875.8,3966.2,13,1175.2,63.8095
2026-03-06,2026-03-09,GVT&D.NS,3869.0,3768.6,13,-1305.2,60.3774
2026-03-06,2026-03-09,ANURAS.NS,1252.9,1254.4,41,61.5,59.1837
2026-03-06,2026-03-09,GLENMARK.NS,2124.4,2117.6,24,-163.2,56.6667
2026-03-06,2026-03-09,CGPOWER.NS,715.45,697.55,72,-1288.8,55.2239
2026-03-09,2026-03-10,EMCURE.NS,1521.1,1567.8,33,1541.1,63.6364
2026-03-09,2026-03-10,ICICIPRULI.NS,601.55,601.65,85,8.5,52.1368
2026-03-10,2026-03-11,KAYNES.NS,3841.6,3726.1,13,-1501.5,65.1163
2026-03-10,2026-03-11,ANGELONE.NS,225.31,218.53,228,-1545.84,63.75
2026-03-10,2026-03-11,MANKIND.NS,2237.7,2243.8,23,140.3,61.7647
2026-03-10,2026-03-11,ADANIENSOL.NS,1013.6,992.0,50,-1080.0,61.0687
2026-03-10,2026-03-11,DIXON.NS,10908.0,10618.0,4,-1160.0,60.3774
2026-03-11,2026-03-12,AFFLE.NS,1411.4,1377.8,35,-1176.0,62.3529
2026-03-11,2026-03-12,TEJASNET.NS,470.4,441.1,107,-3135.1,61.4679
2026-03-11,2026-03-12,IEX.NS,122.85,122.76,411,-36.99,60.8247
2026-03-11,2026-03-12,WELCORP.NS,832.5,844.25,60,705.0,58.7786
2026-03-11,2026-03-12,SUPREMEIND.NS,4038.0,4043.7,12,68.4,57.1429
2026-03-12,2026-03-13,DEVYANI.NS,116.96,111.94,425,-2133.5,57.1429
2026-03-12,2026-03-13,BHEL.NS,267.85,258.5,185,-1729.75,54.4776
2026-03-12,2026-03-13,BLUESTARCO.NS,1953.5,1833.2,25,-3007.5,54.4643
2026-03-12,2026-03-13,GMDCLTD.NS,555.5,528.75,89,-2380.75,54.0541
2026-03-12,2026-03-13,SIEMENS.NS,3324.7,3207.6,14,-1639.4,53.7879
2026-03-13,2026-03-16,LTTS.NS,3430.1,3324.9,13,-1367.6,51.2195
2026-03-13,2026-03-16,JUBLPHARMA.NS,844.2,839.95,56,-238.0,51.1811
2026-03-13,2026-03-16,MUTHOOTFIN.NS,3333.2,3361.0,14,389.2,51.0791
2026-03-13,2026-03-16,ATUL.NS,6464.0,6256.0,7,-1456.0,50.8961
2026-03-13,2026-03-16,IFCI.NS,57.21,55.73,832,-1231.36,36.8421
2026-03-16,2026-03-17,HDFCBANK.NS,840.6,845.35,55,261.25,62.7737
2026-03-16,2026-03-17,POONAWALLA.NS,423.4,406.0,110,-1914.0,57.5
2026-03-16,2026-03-17,CHENNPETRO.NS,988.55,1065.05,47,3595.5,50.4348
2026-03-16,2026-03-17,CHOLAHLDNG.NS,1570.6,1521.9,29,-1412.3,48.1481
2026-03-16,2026-03-17,MRPL.NS,206.77,200.36,226,-1448.66,46.6667
2026-03-17,2026-03-18,EMCURE.NS,1505.4,1531.5,30,783.0,65.2174
2026-03-17,2026-03-18,JYOTICNC.NS,748.45,764.1,62,970.3,64.5161
2026-03-17,2026-03-18,GVT&D.NS,3671.1,3807.7,12,1639.2,60.7477
2026-03-17,2026-03-18,TATASTEEL.NS,195.43,195.41,238,-4.76,58.4507
2026-03-17,2026-03-18,JSL.NS,730.85,734.75,63,245.7,56.5891
2026-03-18,2026-03-19,CHOICEIN.NS,645.05,614.5,73,-2230.15,67.3077
2026-03-18,2026-03-19,KAYNES.NS,3715.9,3567.0,12,-1786.8,63.6364
2026-03-18,2026-03-19,KPITTECH.NS,688.25,658.9,68,-1995.8,63.0435
2026-03-18,2026-03-19,ANGELONE.NS,236.21,232.42,200,-758.0,62.963
2026-03-18,2026-03-19,IEX.NS,123.06,118.25,384,-1847.04,60.2041
2026-03-19,2026-03-20,FLUOROCHEM.NS,3159.9,3183.9,14,336.0,58.6667
2026-03-19,2026-03-20,ATGL.NS,556.15,551.9,82,-348.5,55.814
2026-03-19,2026-03-20,PTCIL.NS,17456.0,17418.0,2,-76.0,50.0
2026-03-20,2026-03-23,AUROPHARMA.NS,1291.4,1278.7,35,-444.5,55.774
2026-03-20,2026-03-23,COALINDIA.NS,468.15,455.25,97,-1251.3,53.3835
2026-03-20,2026-03-23,MAPMYINDIA.NS,915.7,861.0,49,-2680.3,53.1915
2026-03-20,2026-03-23,TEGA.NS,1725.0,1585.5,26,-3627.0,50.9434
2026-03-20,2026-03-23,PFOCUS.NS,276.65,283.2,164,1074.2,50.4505
2026-03-24,2026-03-25,CHOICEIN.NS,620.35,652.95,71,2314.6,67.9245
2026-03-24,2026-03-25,BLS.NS,259.4,264.35,170,841.5,58.1395
2026-03-24,2026-03-25,INDGN.NS,444.1,460.25,99,1598.85,56.25
2026-03-24,2026-03-25,RAINBOW.NS,1147.8,1168.4,38,782.8,54.902
2026-03-24,2026-03-25,JKCEMENT.NS,5122.5,5262.0,8,1116.0,52.8846
2026-03-25,2026-03-27,DMART.NS,3910.8,3903.2,11,-83.6,63.2075
2026-03-25,2026-03-27,MANKIND.NS,2024.0,2038.8,22,325.6,62.8571
2026-03-25,2026-03-27,AFFLE.NS,1393.7,1446.1,32,1676.8,62.7907
2026-03-25,2026-03-27,HDFCBANK.NS,782.3,756.2,58,-1513.8,62.3188
2026-03-25,2026-03-27,KAYNES.NS,3717.9,3612.6,12,-1263.6,62.2222
2026-03-27,2026-03-30,ANANDRATHI.NS,1516.3,1517.7,29,40.6,64.2857
2026-03-27,2026-03-30,GRAPHITE.NS,640.2,616.7,70,-1645.0,55.5556
2026-03-27,2026-03-30,ONGC.NS,281.95,284.65,161,434.7,52.8986
2026-03-27,2026-03-30,NLCINDIA.NS,270.4,268.6,167,-300.6,51.6129
2026-03-27,2026-03-30,TEGA.NS,1700.2,1660.8,26,-1024.4,50.0
2026-03-30,2026-04-01,NATIONALUM.NS,386.1,399.45,116,1548.6,54.8148
2026-03-30,2026-04-01,IRB.NS,22.14,21.61,2028,-1074.84,53.0303
2026-03-30,2026-04-01,HINDALCO.NS,884.45,904.6,50,1007.5,51.4706
2026-03-30,2026-04-01,AIAENG.NS,3636.6,3681.0,12,532.8,47.5771
2026-04-01,2026-04-02,ANGELONE.NS,240.6,240.85,188,47.0,62.6506
2026-04-01,2026-04-02,DIXON.NS,10254.0,9920.5,4,-1334.0,59.2593
2026-04-01,2026-04-02,MPHASIS.NS,2136.6,2209.9,21,1539.3,58.6466
2026-04-01,2026-04-02,ANURAS.NS,1276.4,1265.4,35,-385.0,58.0
2026-04-01,2026-04-02,FLUOROCHEM.NS,3234.8,3203.5,14,-438.2,57.8947
2026-04-02,2026-04-06,JYOTICNC.NS,773.6,766.85,58,-391.5,62.5
2026-04-02,2026-04-06,KPITTECH.NS,696.8,694.85,64,-124.8,62.3656
2026-04-02,2026-04-06,FORCEMOT.NS,21126.0,21183.0,2,114.0,58.9744
2026-04-02,2026-04-06,POONAWALLA.NS,393.3,395.5,114,250.8,57.8512
2026-04-02,2026-04-06,BLS.NS,268.4,268.33,168,-11.76,57.6923
2026-04-06,2026-04-07,KAYNES.NS,3706.5,3751.1,12,535.2,63.0435
2026-04-06,2026-04-07,HDFCBANK.NS,771.0,772.0,58,58.0,62.5899
2026-04-06,2026-04-07,ADANIENSOL.NS,991.35,986.25,45,-229.5,60.6061
2026-04-06,2026-04-07,IEX.NS,126.16,126.97,357,289.17,60.0
2026-04-06,2026-04-07,ADANIENT.NS,1902.2,1882.1,23,-462.3,59.8361
2026-04-07,2026-04-08,LODHA.NS,717.65,778.85,62,3794.4,69.697
2026-04-07,2026-04-08,BAJAJ-AUTO.NS,9049.5,9366.0,4,1266.0,60.0
2026-04-07,2026-04-08,SHYAMMETL.NS,821.85,838.4,54,893.7,59.0164
2026-04-07,2026-04-08,TATASTEEL.NS,198.13,204.18,228,1379.4,58.7413
2026-04-07,2026-04-08,JINDALSTEL.NS,1168.2,1213.1,38,1706.2,57.971
2026-04-08,2026-04-09,CHOICEIN.NS,677.1,686.15,69,624.45,68.5185
2026-04-08,2026-04-09,TEJASNET.NS,440.7,439.25,106,-153.7,60.9091
2026-04-08,2026-04-09,RELIANCE.NS,1347.8,1330.0,34,-605.2,60.1399
2026-04-08,2026-04-09,TATAPOWER.NS,394.95,394.7,119,-29.75,59.2
2026-04-08,2026-04-09,SYRMA.NS,844.6,847.4,55,154.0,57.1429
2026-04-09,2026-04-10,EMCURE.NS,1604.9,1600.5,29,-127.6,62.5
2026-04-09,2026-04-10,GVT&D.NS,3911.3,4067.0,12,1868.4,60.5505
2026-04-09,2026-04-10,ALKEM.NS,5370.5,5440.0,8,556.0,53.1532
2026-04-09,2026-04-10,APOLLOHOSP.NS,7481.5,7511.5,6,180.0,52.1173
2026-04-09,2026-04-10,POWERGRID.NS,298.1,302.75,157,730.05,51.6129
2026-04-10,2026-04-13,IRB.NS,21.66,21.38,2199,-615.72,52.6316
2026-04-10,2026-04-13,AEGISLOG.NS,632.45,617.95,75,-1087.5,50.1718
2026-04-10,2026-04-13,IIFL.NS,455.45,448.45,104,-728.0,49.6241
2026-04-10,2026-04-13,SCHAEFFLER.NS,3905.5,3877.5,12,-336.0,47.7064
2026-04-10,2026-04-13,UNITDSPR.NS,1268.2,1231.5,37,-1357.9,47.3684
2026-04-13,2026-04-15,AJANTPHARM.NS,2897.3,2883.2,16,-225.6,52.3297
2026-04-13,2026-04-15,SUNTV.NS,617.6,620.55,75,221.25,47.6562
2026-04-15,2026-04-16,TCS.NS,2554.9,2576.9,18,396.0,57.4627
2026-04-15,2026-04-16,NAUKRI.NS,1028.05,1047.7,45,884.25,55.0
2026-04-15,2026-04-16,INTELLECT.NS,689.9,698.95,67,606.35,51.6129
2026-04-15,2026-04-16,INDIGO.NS,4638.0,4608.7,10,-293.0,49.2424
2026-04-15,2026-04-16,JUBLFOOD.NS,454.85,459.65,102,489.6,48.0315
2026-04-16,2026-04-17,FSL.NS,244.22,239.28,193,-953.42,59.2308
2026-04-16,2026-04-17,ECLERX.NS,1551.3,1631.1,30,2394.0,55.7377
2026-04-16,2026-04-17,LATENTVIEW.NS,308.65,310.95,153,351.9,54.8387
2026-04-16,2026-04-17,INFY.NS,1319.2,1318.7,35,-17.5,50.0
2026-04-16,2026-04-17,PFOCUS.NS,347.7,345.05,135,-357.75,50.0
2026-04-17,2026-04-20,CHENNPETRO.NS,1041.85,1007.55,45,-1543.5,50.0
2026-04-17,2026-04-20,GESHIP.NS,1424.3,1423.6,33,-23.1,47.2868
2026-04-17,2026-04-20,BIOCON.NS,358.1,359.05,132,125.4,47.1831
2026-04-17,2026-04-20,PIDILITIND.NS,1393.4,1390.5,34,-98.6,46.875
2026-04-17,2026-04-20,MRPL.NS,183.13,180.0,259,-810.67,46.281
2026-04-20,2026-04-21,JYOTICNC.NS,743.45,759.05,63,982.8,63.6364
2026-04-20,2026-04-21,JKCEMENT.NS,5731.0,5920.5,8,1516.0,53.3333
2026-04-20,2026-04-21,ELECON.NS,435.55,471.55,108,3888.0,47.2
2026-04-20,2026-04-21,UBL.NS,1522.3,1498.4,30,-717.0,47.0588
2026-04-20,2026-04-21,BALRAMCHIN.NS,515.7,508.85,91,-623.35,42.5249
2026-04-21,2026-04-22,POONAWALLA.NS,422.5,424.1,113,180.8,58.1967
2026-04-21,2026-04-22,PVRINOX.NS,973.0,990.3,49,847.7,52.0
2026-04-21,2026-04-22,AWL.NS,188.49,199.6,254,2821.94,50.0
2026-04-22,2026-04-23,PATANJALI.NS,472.1,469.25,103,-293.55,56.9106
2026-04-22,2026-04-23,VTL.NS,566.05,569.4,86,288.1,51.7241
2026-04-22,2026-04-23,KEC.NS,588.95,580.2,82,-717.5,51.4925
2026-04-22,2026-04-23,CCL.NS,1121.6,1091.5,43,-1294.3,51.3274
2026-04-23,2026-04-24,COALINDIA.NS,450.65,456.0,107,572.45,54.0741
2026-04-23,2026-04-24,JIOFIN.NS,248.66,245.73,194,-568.42,52.6316
2026-04-23,2026-04-24,IPCALAB.NS,1526.1,1555.9,31,923.8,43.4783
2026-04-24,2026-04-27,TARIL.NS,323.45,342.65,150,2880.0,44.3548
2026-04-27,2026-04-28,RELIANCE.NS,1365.8,1388.9,36,831.6,60.4167
2026-04-27,2026-04-28,SHYAMMETL.NS,886.15,877.75,55,-462.0,58.0645
2026-04-27,2026-04-28,DELHIVERY.NS,462.7,465.4,106,286.2,56.0
2026-04-27,2026-04-28,BLUEJET.NS,443.65,443.45,110,-22.0,54.2857
2026-04-27,2026-04-28,NYKAA.NS,269.19,270.11,182,167.44,53.8462
2026-04-28,2026-04-29,DIXON.NS,11370.0,11325.0,4,-180.0,58.7156
2026-04-28,2026-04-29,GMDCLTD.NS,714.4,740.05,69,1769.85,54.4643
2026-04-28,2026-04-29,MCX.NS,2898.0,2968.3,17,1195.1,53.5433
2026-04-28,2026-04-29,GPIL.NS,305.0,303.2,161,-289.8,52.8986
2026-04-28,2026-04-29,IIFL.NS,438.05,447.05,112,1008.0,50.0
2026-04-29,2026-04-30,LODHA.NS,912.7,897.9,54,-799.2,68.6567
2026-04-29,2026-04-30,KPITTECH.NS,740.05,759.05,67,1273.0,62.766
2026-04-29,2026-04-30,EMCURE.NS,1729.9,1680.1,28,-1394.4,60.0
2026-04-29,2026-04-30,LICHSGFIN.NS,562.15,554.7,89,-663.05,56.6929
2026-04-29,2026-04-30,GRAVITA.NS,1648.4,1630.0,30,-552.0,56.5574
2026-04-30,2026-05-01,BAJAJ-AUTO.NS,9994.0,9994.0,4,0.0,59.7902
2026-04-30,2026-05-01,DCMSHRIRAM.NS,1227.5,1227.5,40,0.0,49.1667
2026-04-30,2026-05-01,SYNGENE.NS,467.65,467.65,106,0.0,45.8647
2026-04-30,2026-05-01,NETWEB.NS,4064.8,4064.8,12,0.0,39.5349
2026-05-04,2026-05-05,SYRMA.NS,1018.55,1058.35,48,1910.4,58.0
2026-05-04,2026-05-05,JINDALSTEL.NS,1261.4,1261.2,39,-7.8,57.554
2026-05-04,2026-05-05,MEDANTA.NS,1171.5,1170.2,42,-54.6,55.814
2026-05-04,2026-05-05,NATCOPHARM.NS,1114.6,1125.0,44,457.6,55.3846
2026-05-04,2026-05-05,360ONE.NS,1066.5,1070.7,46,193.2,54.7945
2026-05-05,2026-05-06,ADANIENSOL.NS,1409.6,1407.3,35,-80.5,60.1504
2026-05-05,2026-05-06,AUROPHARMA.NS,1428.1,1484.0,35,1956.5,55.8824
2026-05-05,2026-05-06,FEDERALBNK.NS,292.6,293.0,171,68.4,54.2636
2026-05-05,2026-05-06,ULTRACEMCO.NS,11963.0,12093.0,4,520.0,53.1915
2026-05-05,2026-05-06,GODREJCP.NS,1101.5,1094.1,45,-333.0,53.125
2026-05-06,2026-05-07,CHOICEIN.NS,685.2,689.95,73,346.75,69.0909
2026-05-06,2026-05-07,KAYNES.NS,4305.5,4379.7,11,816.2,63.8298
2026-05-06,2026-05-07,HDFCBANK.NS,796.55,796.05,63,-31.5,62.1429
2026-05-06,2026-05-07,TEJASNET.NS,463.2,533.4,109,7651.8,61.2613
2026-05-06,2026-05-07,IEX.NS,129.8,133.81,389,1559.89,60.396
2026-05-07,2026-05-08,AFFLE.NS,1488.7,1506.3,35,616.0,63.2184
2026-05-07,2026-05-08,ANGELONE.NS,322.6,326.0,163,554.2,63.0952
2026-05-07,2026-05-08,BLS.NS,291.9,289.3,180,-468.0,57.2519
2026-05-07,2026-05-08,PIIND.NS,3101.5,3110.8,16,148.8,56.4103
2026-05-07,2026-05-08,ABDL.NS,572.0,591.3,91,1756.3,56.0
2026-05-08,2026-05-11,KALYANKJIL.NS,424.55,385.2,125,-4918.75,60.3175
2026-05-08,2026-05-11,GRAPHITE.NS,751.75,731.45,70,-1421.0,55.1181
2026-05-08,2026-05-11,PFIZER.NS,4818.8,4875.4,11,622.6,53.3333
2026-05-08,2026-05-11,COHANCE.NS,488.2,478.95,108,-999.0,52.3077
2026-05-08,2026-05-11,GILLETTE.NS,8148.0,7951.5,6,-1179.0,51.9608
2026-05-11,2026-05-12,BANKINDIA.NS,143.86,140.14,358,-1331.76,53.6424
2026-05-11,2026-05-12,VTL.NS,605.65,613.75,85,688.5,52.1368
2026-05-11,2026-05-12,UTIAMC.NS,987.5,970.0,52,-910.0,47.7612
2026-05-11,2026-05-12,SYNGENE.NS,482.5,478.75,106,-397.5,45.5224
2026-05-12,2026-05-13,ONGC.NS,294.5,297.15,173,458.45,53.2374
2026-05-12,2026-05-13,OIL.NS,490.95,507.1,104,1679.6,48.951
2026-05-12,2026-05-13,PARADEEP.NS,127.63,126.2,400,-572.0,43.1034
2026-05-13,2026-05-14,TATASTEEL.NS,219.62,221.13,234,353.34,59.0278
2026-05-13,2026-05-14,DIXON.NS,11124.0,11103.0,4,-84.0,58.1818
2026-05-13,2026-05-14,HINDPETRO.NS,390.1,377.55,131,-1644.05,53.9568
2026-05-13,2026-05-14,ASIANPAINT.NS,2617.6,2622.2,19,87.4,51.938
2026-05-13,2026-05-14,HINDALCO.NS,1073.1,1103.3,47,1419.4,51.8248
2026-05-14,2026-05-15,ADANIENT.NS,2712.9,2716.0,18,55.8,60.1626
2026-05-14,2026-05-15,BHARTIARTL.NS,1883.5,1905.4,27,591.3,55.8824
2026-05-14,2026-05-15,GRAPHITE.NS,759.6,774.45,67,994.95,55.4688
2026-05-14,2026-05-15,KOTAKBANK.NS,383.2,387.05,134,515.9,55.1471
2026-05-14,2026-05-15,NATIONALUM.NS,416.45,403.6,123,-1580.55,54.4118
2026-05-15,2026-05-18,MANKIND.NS,2503.0,2495.7,20,-146.0,61.1111
2026-05-15,2026-05-18,RAINBOW.NS,1336.2,1351.3,38,573.8,56.6038
2026-05-15,2026-05-18,PATANJALI.NS,459.85,456.75,112,-347.2,56.4516
2026-05-15,2026-05-18,LATENTVIEW.NS,307.25,308.7,168,243.6,56.25
2026-05-15,2026-05-18,MGL.NS,1087.6,1058.7,47,-1358.3,54.6875
2026-05-18,2026-05-19,OFSS.NS,9408.5,9646.0,5,1187.5,55.1181
2026-05-18,2026-05-19,PERSISTENT.NS,4944.1,5066.3,10,1222.0,52.1739
2026-05-18,2026-05-19,TECHM.NS,1430.0,1467.1,35,1298.5,50.7042
2026-05-18,2026-05-19,INFY.NS,1142.5,1196.9,45,2448.0,50.3597
2026-05-18,2026-05-19,AEGISLOG.NS,685.95,700.5,74,1076.7,50.3425
2026-05-19,2026-05-20,LODHA.NS,892.2,880.0,59,-719.8,67.6471
2026-05-19,2026-05-20,KPITTECH.NS,743.7,750.8,71,504.1,63.1579
2026-05-19,2026-05-20,ANGELONE.NS,328.0,325.0,161,-483.0,62.3529
2026-05-19,2026-05-20,TEJASNET.NS,462.7,466.4,114,421.8,61.6071
2026-05-19,2026-05-20,MPHASIS.NS,2220.5,2228.0,23,172.5,58.9552
2026-05-20,2026-05-21,EMCURE.NS,1734.0,1751.5,30,525.0,61.5385
2026-05-20,2026-05-21,GVT&D.NS,4679.4,4794.6,11,1267.2,60.9091
2026-05-20,2026-05-21,BAJAJ-AUTO.NS,10462.5,10667.0,5,1022.5,59.9303
2026-05-20,2026-05-21,FSL.NS,247.32,253.77,213,1373.85,59.0909
2026-05-20,2026-05-21,BLS.NS,268.4,268.65,196,49.0,57.5758
2026-05-21,2026-05-22,IEX.NS,127.05,127.07,422,8.44,60.7843
2026-05-21,2026-05-22,SYRMA.NS,1024.65,1038.85,52,738.4,58.8235
2026-05-21,2026-05-22,FLUOROCHEM.NS,3827.4,3834.0,14,92.4,58.4416
2026-05-21,2026-05-22,WELCORP.NS,1330.2,1277.5,40,-2108.0,57.8947
2026-05-21,2026-05-22,ATGL.NS,638.1,652.8,84,1234.8,55.6818
2026-05-22,2026-05-25,CHOICEIN.NS,676.75,689.3,79,991.45,69.6429
2026-05-22,2026-05-25,KAYNES.NS,3321.4,3400.4,16,1264.0,64.5833
2026-05-22,2026-05-25,ADANIENSOL.NS,1367.9,1404.3,39,1419.6,60.4478
2026-05-22,2026-05-25,FORCEMOT.NS,19878.0,20214.0,2,672.0,60.0
2026-05-22,2026-05-25,SUPREMEIND.NS,3556.0,3612.9,15,853.5,57.8947
2026-05-25,2026-05-26,ANANDRATHI.NS,1808.65,1793.6,30,-451.5,62.7907
2026-05-25,2026-05-26,HDFCBANK.NS,786.85,778.9,69,-548.55,61.7021
2026-05-25,2026-05-26,RELIANCE.NS,1367.0,1356.3,40,-428.0,60.0
2026-05-25,2026-05-26,KALYANKJIL.NS,357.85,355.45,152,-364.8,59.375
2026-05-25,2026-05-26,BANDHANBNK.NS,196.97,200.4,277,950.11,58.4071
2026-05-26,2026-05-27,CEMPRO.NS,943.3,992.95,57,2830.05,59.6491
2026-05-26,2026-05-27,HSCL.NS,606.4,607.2,89,71.2,58.4
2026-05-26,2026-05-27,SUZLON.NS,54.58,57.53,999,2947.05,57.2581
2026-05-26,2026-05-27,JINDALSAW.NS,228.87,246.07,238,4093.6,55.6338
2026-05-26,2026-05-27,GMDCLTD.NS,693.15,699.1,78,464.1,54.8673
2026-05-27,2026-05-28,TATASTEEL.NS,214.7,214.7,263,0.0,58.6207
2026-05-27,2026-05-28,WELCORP.NS,1372.9,1372.9,41,0.0,57.4627
2026-05-27,2026-05-28,LICHSGFIN.NS,556.45,556.45,101,0.0,56.25
2026-05-27,2026-05-28,COALINDIA.NS,463.05,463.05,122,0.0,53.6765
2026-05-27,2026-05-28,ACE.NS,906.25,906.25,62,0.0,50.7937
2026-05-29,2026-06-01,CLEAN.NS,797.5,787.6,71,-702.9,55.1724
2026-05-29,2026-06-01,PGEL.NS,482.55,470.4,117,-1421.55,53.9062
2026-05-29,2026-06-01,ABDL.NS,558.3,551.55,101,-681.75,53.8462
2026-05-29,2026-06-01,JSWDULUX.NS,3151.8,3158.7,17,117.3,53.7736
2026-05-29,2026-06-01,INTELLECT.NS,716.85,730.05,79,1042.8,52.381
2026-06-01,2026-06-02,PTCIL.NS,18489.0,19380.0,3,2673.0,52.381
2026-06-01,2026-06-02,LTM.NS,4196.1,4341.7,13,1892.8,51.5873
2026-06-01,2026-06-02,INFY.NS,1202.5,1270.8,46,3141.8,50.7143
2026-06-01,2026-06-02,WELSPUNLIV.NS,145.13,143.65,387,-572.76,50.4
2026-06-01,2026-06-02,KAJARIACER.NS,1101.7,1116.4,51,749.7,49.5413
2026-06-02,2026-06-03,AFFLE.NS,1498.9,1469.6,38,-1113.4,62.5
2026-06-02,2026-06-03,TCS.NS,2446.9,2241.7,23,-4719.6,57.3529
2026-06-02,2026-06-03,VTL.NS,613.85,620.15,94,592.2,52.5424
2026-06-02,2026-06-03,SPLPETRO.NS,702.3,706.35,82,332.1,52.2523
2026-06-02,2026-06-03,NYKAA.NS,269.55,269.4,214,-32.1,51.8519
2026-06-03,2026-06-04,DMART.NS,4168.4,4139.3,13,-378.3,62.6168
2026-06-03,2026-06-04,GVT&D.NS,4964.5,5086.5,11,1342.0,61.2613
2026-06-03,2026-06-04,MANKIND.NS,2369.5,2353.0,24,-396.0,59.4595
2026-06-03,2026-06-04,CANBK.NS,131.85,133.12,431,547.37,54.6763
2026-06-03,2026-06-04,UNIONBANK.NS,166.7,166.54,341,-54.56,53.0303
2026-06-04,2026-06-05,KALYANKJIL.NS,362.1,371.85,157,1530.75,60.0
2026-06-04,2026-06-05,FORCEMOT.NS,18592.0,18243.0,3,-1047.0,59.2593
2026-06-04,2026-06-05,SUPREMEIND.NS,3642.8,3602.0,15,-612.0,57.3913
2026-06-04,2026-06-05,MEDANTA.NS,1231.8,1240.0,46,377.2,56.8182
2026-06-04,2026-06-05,SUZLON.NS,55.62,55.31,1026,-318.06,56.8
2026-06-05,2026-06-08,JYOTICNC.NS,634.3,609.95,90,-2191.5,61.7647
2026-06-05,2026-06-08,LICHSGFIN.NS,549.75,541.0,103,-901.25,55.814
2026-06-05,2026-06-08,BANKINDIA.NS,141.46,140.08,403,-556.14,53.2895
2026-06-05,2026-06-08,ADANIPORTS.NS,1824.2,1805.0,31,-595.2,52.8986
2026-06-05,2026-06-08,RPOWER.NS,28.59,27.25,1997,-2675.98,52.8
2026-06-08,2026-06-09,GAIL.NS,168.6,167.59,330,-333.3,52.4823
2026-06-08,2026-06-09,POWERGRID.NS,290.3,285.7,191,-878.6,51.2
2026-06-08,2026-06-09,CAPLIPOINT.NS,2111.0,2255.2,26,3749.2,50.7812
2026-06-08,2026-06-09,CCL.NS,1173.0,1149.1,47,-1123.3,50.4348
2026-06-08,2026-06-09,PFOCUS.NS,247.52,235.68,225,-2664.0,49.1228
2026-06-09,2026-06-10,WELCORP.NS,1411.6,1370.4,39,-1606.8,57.037
2026-06-09,2026-06-10,PIIND.NS,2866.4,2807.7,19,-1115.3,55.4622
2026-06-09,2026-06-10,HUDCO.NS,208.98,205.56,265,-906.3,55.3719
2026-06-09,2026-06-10,BANKBARODA.NS,273.75,269.3,202,-898.9,53.3123
2026-06-09,2026-06-10,MAPMYINDIA.NS,877.55,860.35,63,-1083.6,53.0612
2026-06-10,2026-06-11,FLUOROCHEM.NS,3641.0,3680.5,14,553.0,58.9744
2026-06-10,2026-06-11,KOTAKBANK.NS,388.1,393.35,140,735.0,55.4745
2026-06-10,2026-06-11,SUNDARMFIN.NS,4203.2,4112.3,12,-1090.8,53.5714
2026-06-10,2026-06-11,GODREJCP.NS,1027.6,1008.9,52,-972.4,52.7132
2026-06-10,2026-06-11,NESTLEIND.NS,1438.3,1422.5,37,-584.6,52.0
2026-06-11,2026-06-12,TEJASNET.NS,573.5,598.85,94,2382.9,61.9469
2026-06-11,2026-06-12,NAVINFLUOR.NS,7157.0,7303.0,7,1022.0,54.1353
2026-06-11,2026-06-12,RKFORGE.NS,561.95,592.2,96,2904.0,50.8065
2026-06-11,2026-06-12,AAVAS.NS,1328.2,1405.7,40,3100.0,43.617
2026-06-11,2026-06-12,DOMS.NS,2255.4,2291.0,23,818.8,41.6667
2026-06-12,2026-06-15,CHOICEIN.NS,673.5,702.25,83,2386.25,70.1754
2026-06-12,2026-06-15,LODHA.NS,899.3,920.85,62,1336.1,68.1159
2026-06-12,2026-06-15,HDFCBANK.NS,772.45,777.35,72,352.8,61.9718
2026-06-12,2026-06-15,RELIANCE.NS,1293.0,1307.0,43,602.0,60.274
2026-06-12,2026-06-15,FORCEMOT.NS,17892.0,18540.0,3,1944.0,59.7561
2026-06-15,2026-06-16,ANGELONE.NS,352.3,348.25,163,-660.15,61.6279
2026-06-15,2026-06-16,ANANDRATHI.NS,1781.6,1772.9,32,-278.4,61.3636
2026-06-15,2026-06-16,IEX.NS,122.95,123.57,467,289.54,61.165
2026-06-15,2026-06-16,KALYANKJIL.NS,383.0,378.55,149,-663.05,59.0909
2026-06-15,2026-06-16,DIXON.NS,11957.0,12235.0,4,1112.0,58.5586
2026-06-16,2026-06-17,DMART.NS,4201.3,4287.5,13,1120.6,62.963
2026-06-16,2026-06-17,TCS.NS,2199.0,2223.0,26,624.0,57.6642
2026-06-16,2026-06-17,SUPREMEIND.NS,3566.7,3517.5,16,-787.2,56.8966
2026-06-16,2026-06-17,ECLERX.NS,1436.1,1456.4,39,791.7,56.0
2026-06-16,2026-06-17,CGPOWER.NS,940.7,963.75,61,1406.05,55.7143
2026-06-17,2026-06-18,KAYNES.NS,3248.3,3385.5,17,2332.4,65.3061
2026-06-17,2026-06-18,GVT&D.NS,5152.5,5250.0,11,1072.5,61.6071
2026-06-17,2026-06-18,MPHASIS.NS,2340.2,2336.6,24,-86.4,58.5185
2026-06-17,2026-06-18,POLYCAB.NS,9926.5,9952.5,5,130.0,58.3333
2026-06-17,2026-06-18,ANURAS.NS,1294.5,1287.3,44,-316.8,57.6923
2026-06-18,2026-06-19,AFFLE.NS,1489.4,1463.7,39,-1002.3,61.7978
2026-06-18,2026-06-19,ADANIENT.NS,3013.4,3038.4,19,475.0,60.4839
2026-06-18,2026-06-19,TATASTEEL.NS,200.52,198.96,292,-455.52,58.2192
2026-06-18,2026-06-19,AUROPHARMA.NS,1443.7,1497.8,40,2164.0,55.8537
2026-06-18,2026-06-19,ADANIPORTS.NS,1842.1,1835.3,31,-210.8,52.518
2026-06-19,2026-06-22,EMCURE.NS,1776.0,1791.0,33,495.0,62.963
2026-06-19,2026-06-22,KPITTECH.NS,760.05,756.4,77,-281.05,62.5
2026-06-19,2026-06-22,CEMPRO.NS,1252.0,1273.2,47,996.4,60.0
2026-06-19,2026-06-22,INDGN.NS,532.4,541.45,110,995.5,58.8235
2026-06-19,2026-06-22,GLENMARK.NS,2213.6,2191.9,26,-564.21,56.0976
2026-06-22,2026-06-23,BAJAJ-AUTO.NS,10191.0,10025.0,5,-830.0,59.7222
2026-06-22,2026-06-23,HINDALCO.NS,1014.2,986.8,58,-1589.2,51.7986
2026-06-22,2026-06-23,PVRINOX.NS,979.15,973.2,60,-357.0,51.1811
2026-06-22,2026-06-23,NLCINDIA.NS,327.6,327.15,180,-81.0,51.1811
2026-06-22,2026-06-23,RHIM.NS,389.0,382.45,152,-995.6,50.8772
2026-06-23,2026-06-24,NATCOPHARM.NS,892.9,893.6,65,45.5,55.7252
2026-06-23,2026-06-24,NAUKRI.NS,1011.6,1009.8,57,-102.6,54.5455
2026-06-23,2026-06-24,ALKEM.NS,5415.5,5428.5,10,130.0,53.9823
2026-06-23,2026-06-24,ZYDUSLIFE.NS,1112.2,1099.3,52,-670.79,53.2258
2026-06-23,2026-06-24,COHANCE.NS,457.8,462.35,127,577.85,53.0303
2026-06-24,2026-06-25,CYIENT.NS,893.95,886.25,65,-500.5,57.7236
2026-06-24,2026-06-25,CREDITACC.NS,1460.3,1462.3,39,78.0,57.2816
2026-06-24,2026-06-25,HINDPETRO.NS,412.9,409.25,141,-514.65,54.2254
2026-06-24,2026-06-25,PERSISTENT.NS,4928.5,4841.5,11,-957.0,52.1368
2026-06-24,2026-06-25,EXIDEIND.NS,399.5,389.8,146,-1416.2,51.1811
2026-06-25,2026-06-26,ASHOKLEY.NS,160.68,160.68,359,0.0,54.6875
2026-06-25,2026-06-26,SBICARD.NS,624.85,624.85,92,0.0,53.2468
2026-06-25,2026-06-26,GODREJCP.NS,1034.6,1034.6,55,0.0,52.3077
2026-06-25,2026-06-26,M&M.NS,3182.2,3182.2,18,0.0,51.8519
2026-06-25,2026-06-26,ATUL.NS,6670.5,6670.5,8,0.0,50.3546
2026-06-29,2026-06-30,CHOICEIN.NS,745.2,753.2,77,616.0,70.6897
2026-06-29,2026-06-30,HDFCBANK.NS,798.9,797.95,72,-68.4,61.5385
2026-06-29,2026-06-30,POLYCAB.NS,9779.0,9961.0,5,910.0,58.7629
2026-06-29,2026-06-30,LICHSGFIN.NS,560.75,564.0,102,331.5,56.1538
2026-06-29,2026-06-30,CGPOWER.NS,956.25,952.15,60,-246.0,55.3191
2026-06-30,2026-07-01,MANKIND.NS,2545.6,2490.3,22,-1216.6,57.8947
2026-06-30,2026-07-01,SUZLON.NS,58.9,58.35,985,-541.75,56.6929
2026-06-30,2026-07-01,SOLARINDS.NS,18696.0,18610.0,3,-258.0,50.4425
2026-06-30,2026-07-01,ACE.NS,1024.0,999.1,56,-1394.4,50.3937
2026-06-30,2026-07-01,TITAN.NS,4404.0,4398.6,13,-70.2,50.0
2026-07-01,2026-07-02,ADANIENT.NS,3143.6,3177.5,18,610.2,60.8
2026-07-01,2026-07-02,BAJAJ-AUTO.NS,9842.0,9857.0,5,75.0,59.8616
2026-07-01,2026-07-02,HAVELLS.NS,1188.8,1186.7,48,-100.8,56.8345
2026-07-01,2026-07-02,DELHIVERY.NS,507.7,509.3,112,179.2,55.7692
2026-07-01,2026-07-02,SBILIFE.NS,1790.9,1784.4,32,-208.0,54.955
2026-07-02,2026-07-03,ANGELONE.NS,346.15,352.25,166,1012.6,62.069
2026-07-02,2026-07-03,ADANIENSOL.NS,1556.9,1568.8,36,428.4,60.7407
2026-07-02,2026-07-03,FORCEMOT.NS,19367.0,18804.0,2,-1126.0,59.0361
2026-07-02,2026-07-03,DIXON.NS,12373.0,12456.0,4,332.0,58.9286
2026-07-02,2026-07-03,MPHASIS.NS,2245.4,2296.6,25,1280.0,58.8235
2026-07-03,2026-07-06,KAYNES.NS,3333.8,3359.2,17,431.8,66.0
2026-07-03,2026-07-06,AFFLE.NS,1464.6,1447.5,39,-666.9,61.1111
2026-07-03,2026-07-06,HSCL.NS,680.65,684.15,84,294.0,58.7302
2026-07-03,2026-07-06,LATENTVIEW.NS,280.85,285.9,205,1035.25,57.5758
2026-07-03,2026-07-06,GRAVITA.NS,1724.4,1771.3,33,1547.7,57.2581
2026-07-06,2026-07-07,FSL.NS,249.32,243.75,234,-1303.38,58.6466
2026-07-06,2026-07-07,TATASTEEL.NS,190.87,189.79,305,-329.4,57.8231
2026-07-06,2026-07-07,WELCORP.NS,1543.6,1541.0,37,-96.2,56.6176
2026-07-06,2026-07-07,CLEAN.NS,792.7,803.9,73,817.6,55.0
2026-07-06,2026-07-07,ABB.NS,7073.0,6978.0,8,-760.0,54.5126
2026-07-07,2026-07-08,DEEPAKNTR.NS,1613.1,1571.3,35,-1463.0,55.6522
2026-07-07,2026-07-08,DEVYANI.NS,116.37,112.73,498,-1812.72,55.0
2026-07-07,2026-07-08,HINDPETRO.NS,405.95,386.85,142,-2712.2,53.8462
2026-07-07,2026-07-08,JIOFIN.NS,243.07,229.99,238,-3113.04,53.6585
2026-07-07,2026-07-08,APLAPOLLO.NS,1819.8,1809.6,31,-316.2,52.439
2026-07-08,2026-07-09,KALYANKJIL.NS,374.15,443.0,150,10327.5,59.7015
2026-07-09,2026-07-10,CHOICEIN.NS,830.45,835.0,70,318.5,71.1864
2026-07-09,2026-07-10,KAYNES.NS,3429.1,3336.1,16,-1488.0,64.7059
2026-07-09,2026-07-10,SYRMA.NS,1441.0,1451.9,40,436.0,59.6154
2026-07-09,2026-07-10,JSL.NS,709.6,716.4,82,557.6,57.5758
2026-07-09,2026-07-10,RAINBOW.NS,1481.5,1470.4,39,-432.9,56.3636
2026-07-10,2026-07-13,ANGELONE.NS,346.05,340.25,167,-968.6,61.3636
2026-07-10,2026-07-13,ADANIENT.NS,3157.3,3177.5,18,363.6,61.1111
2026-07-10,2026-07-13,JYOTICNC.NS,796.55,784.9,72,-838.8,60.0
2026-07-10,2026-07-13,SHYAMMETL.NS,975.1,1029.35,59,3200.75,59.375
2026-07-10,2026-07-13,BANDHANBNK.NS,210.0,213.15,276,869.4,59.1304
2026-07-13,2026-07-14,POONAWALLA.NS,485.1,469.25,120,-1902.0,58.0645
2026-07-13,2026-07-14,CYIENT.NS,867.4,852.75,67,-981.55,57.2581
2026-07-13,2026-07-14,INDGN.NS,511.55,506.85,114,-535.8,57.1429
2026-07-13,2026-07-14,KOTAKBANK.NS,384.65,378.65,152,-912.0,55.0725
2026-07-13,2026-07-14,PGEL.NS,595.85,601.1,98,514.5,54.9618
2026-07-14,2026-07-15,HSCL.NS,671.4,681.55,86,872.9,59.0551
2026-07-14,2026-07-15,POLYCAB.NS,9532.5,9324.5,6,-1248.0,58.1633
2026-07-14,2026-07-15,BHARTIARTL.NS,1936.5,1918.3,29,-527.8,56.1151
2026-07-14,2026-07-15,NUVOCO.NS,341.4,377.25,169,6058.65,55.7377
2026-07-14,2026-07-15,CONCOR.NS,493.15,492.9,117,-29.25,54.5455
2026-07-15,2026-07-16,GVT&D.NS,4696.4,4584.1,12,-1347.6,61.0619
2026-07-15,2026-07-16,FORCEMOT.NS,18431.0,18505.0,3,222.0,59.5238
2026-07-15,2026-07-16,PIIND.NS,2619.3,2631.8,22,275.0,56.1983
2026-07-15,2026-07-16,AARTIIND.NS,500.7,504.75,117,473.85,55.8219
2026-07-15,2026-07-16,ABB.NS,7204.5,7667.5,8,3704.0,54.6763
2026-07-16,2026-07-17,IEX.NS,124.74,122.8,477,-925.38,60.5769
2026-07-16,2026-07-17,JINDALSAW.NS,268.05,269.45,222,310.81,56.25
2026-07-16,2026-07-17,IOC.NS,141.8,141.69,420,-46.2,55.7143
2026-07-16,2026-07-17,HINDPETRO.NS,399.4,400.4,149,149.0,54.1667
2026-07-16,2026-07-17,ACUTAAS.NS,3583.8,3619.4,16,569.6,53.7037
2026-07-17,2026-07-20,RELIANCE.NS,1327.2,1323.1,44,-180.4,59.8639
2026-07-17,2026-07-20,SBIN.NS,1044.3,1060.0,57,894.9,52.2727
2026-07-17,2026-07-20,JIOFIN.NS,242.98,238.92,245,-994.7,51.1628
2026-07-17,2026-07-20,PTCIL.NS,17941.0,18030.0,3,267.0,51.1111
2026-07-17,2026-07-20,M&M.NS,3179.2,3165.5,18,-246.6,51.0949
2026-07-20,2026-07-21,EMCURE.NS,1861.2,1924.5,31,1962.3,64.2857
2026-07-20,2026-07-21,MANKIND.NS,2565.8,2579.5,23,315.1,58.9744
2026-07-20,2026-07-21,HAVELLS.NS,1200.3,1217.6,49,847.7,57.1429
2026-07-20,2026-07-21,360ONE.NS,1126.5,1119.7,52,-353.6,53.8462
2026-07-20,2026-07-21,CRAFTSMAN.NS,9393.5,9403.5,6,60.0,52.1127
2026-07-21,2026-07-22,CREDITACC.NS,1534.7,1488.9,39,-1786.2,56.7308
2026-07-21,2026-07-22,SUZLON.NS,53.17,53.01,1130,-180.8,56.25
2026-07-21,2026-07-22,AUROPHARMA.NS,1579.7,1533.6,38,-1751.8,55.7178
2026-07-21,2026-07-22,DATAPATTNS.NS,4243.9,4782.8,14,7544.6,55.1724
2026-07-21,2026-07-22,JKCEMENT.NS,5658.0,5762.0,10,1040.0,55.0459
2026-07-22,2026-07-23,MEDANTA.NS,1353.4,1378.2,45,1116.0,57.7778
2026-07-22,2026-07-23,CASTROLIND.NS,185.78,185.29,328,-160.72,51.5873
2026-07-22,2026-07-23,HINDUNILVR.NS,2154.6,2161.8,28,201.6,49.6183
2026-07-22,2026-07-23,GESHIP.NS,1435.2,1441.9,42,281.4,47.7273
2026-07-22,2026-07-23,UNITDSPR.NS,1404.2,1418.0,43,593.4,47.4453
2026-07-23,2026-07-24,DMART.NS,4035.0,4018.8,15,-243.0,62.3853
2026-07-23,2026-07-24,SBILIFE.NS,1853.5,1858.6,33,168.3,55.3571
2026-07-23,2026-07-24,NUVAMA.NS,1947.2,1980.1,31,1019.9,52.381
2026-07-23,2026-07-24,BOSCHLTD.NS,42240.0,41755.0,1,-485.0,50.0
2026-07-23,2026-07-24,EMAMILTD.NS,416.25,407.9,147,-1227.45,48.7603
2026-07-24,2026-07-27,KPITTECH.NS,583.2,585.2,105,210.0,62.8866
2026-07-24,2026-07-27,DEVYANI.NS,112.3,116.06,545,2049.2,55.7377
2026-07-24,2026-07-27,MAPMYINDIA.NS,1117.1,1132.1,54,810.0,54.902
2026-07-24,2026-07-27,BLUEDART.NS,4911.5,5114.2,12,2432.4,54.2857
2026-07-24,2026-07-27,TATAELXSI.NS,3538.0,3554.4,17,278.8,52.6718
2026-07-27,2026-07-28,LODHA.NS,1198.7,1301.4,52,5340.4,68.5714
2026-07-27,2026-07-28,AFFLE.NS,1492.8,1631.8,41,5699.0,61.5385
2026-07-27,2026-07-28,MPHASIS.NS,2332.7,2413.5,26,2100.8,59.4203
2026-07-27,2026-07-28,INDGN.NS,508.05,508.5,122,54.9,58.3333
2026-07-27,2026-07-28,JINDALSTEL.NS,1065.7,1054.4,58,-655.4,57.1429
